item_no,item_name,item_description,item_category,active_status,display_type,display_tone,daraz_product_id,daraz_sku_id,seller_sku
VL-001,USB charge multifunctional music torch mini bluetooth speaker LED flashlights power bank mobile powe,"USB charge multifunctional music torch mini bluetooth speaker LED flashlights power bank mobile power supply on bike bicycle car
Features
-4 in 1 multi function: Torch light, phone charge, bluetooth speaker, bluetooth handsfree
- Mini portable
-2000mAh power bank
Spec.:
Bluetooth specification: V4.0 + EDR
Charging voltage: DC 5V
Battery capacity: 2000mAh
Charging time: 3 hours
Lighting time: 3 hours
Music playing time: 10 hours
Speaker output power: 3W
Frequency response: 180Hz - 20kHz
S/N rate: >80dB
Size:152mm * 35.6mm
Package content:
1*Multi- Function Torch
1*USB Cable
1*Bracket
1*User Manual",Lamps and Lighting,N,lamp,peach,175814556,1114562149,175814556-1615289142057-0
VL-002,UiiSii HM13 In-Ear Dynamic Headset with Microphone - Blue,"Brand Name:UiiSii
Function:For Mobile Phone,For Internet Bar,for Video Game,For iPod,Sport,Common Headphone
Waterproof:No
Support Memory Card:No
Connectors:3.5mm
Line Length:1.2m
Plug Type:Line Type
Wireless Type:None
Model Number:UiiSii HM13
Support APP:No
With Microphone:Yes
Style:In-Ear
Resistance:21Ω
Sensitivity:101±3dB
Volume Control:Yes
Communication:Wired
Frequency Response Range:20-20000Hz
Active Noise-Cancellation:No
Codecs:None
Vocalism Principle:Dynamic
Is wireless:No
Control Button:Yes",Electronics and Audio,N,vase,sage,175840811,1114610836,175840811-1615292894734-0
VL-003,UiiSii HM12 In-Ear Dynamic Headset with Microphone - Gold,"Brand Name:UiiSii
Function:For Mobile Phone,For Internet Bar,for Video Game,For iPod,Sport,Common Headphone
Waterproof:No
Support Memory Card:No
Connectors:3.5mm
Line Length:1.2m
Plug Type:Line Type
Wireless Type:None
Model Number:UiiSii HM13
Support APP:No
With Microphone:Yes
Style:In-Ear
Resistance:21Ω
Sensitivity:101±3dB
Volume Control:Yes
Communication:Wired
Frequency Response Range:20-20000Hz
Active Noise-Cancellation:No
Codecs:None
Vocalism Principle:Dynamic
Is wireless:No
Control Button:Yes",Electronics and Audio,N,vase,gold,175846441,1114642165,175846441-1615294018457-0
VL-004,UiiSii HM12 In-Ear Dynamic Headset with Microphone - White,"Brand Name:UiiSii
Function:For Mobile Phone,For Internet Bar,for Video Game,For iPod,Sport,Common Headphone
Waterproof:No
Support Memory Card:No
Connectors:3.5mm
Line Length:1.2m
Plug Type:Line Type
Wireless Type:None
Model Number:UiiSii HM13
Support APP:No
With Microphone:Yes
Style:In-Ear
Resistance:21Ω
Sensitivity:101±3dB
Volume Control:Yes
Communication:Wired
Frequency Response Range:20-20000Hz
Active Noise-Cancellation:No
Codecs:None
Vocalism Principle:Dynamic
Is wireless:No
Control Button:Yes",Electronics and Audio,N,vase,clay,175846585,1114638547,175846585-1615294168124-0
VL-005,UiiSii HM12 In-Ear Dynamic Headset with Microphone - Yellow,"Brand Name:UiiSii
Function:For Mobile Phone,For Internet Bar,for Video Game,For iPod,Sport,Common Headphone
Waterproof:No
Support Memory Card:No
Connectors:3.5mm
Line Length:1.2m
Plug Type:Line Type
Wireless Type:None
Model Number:UiiSii HM13
Support APP:No
With Microphone:Yes
Style:In-Ear
Resistance:21Ω
Sensitivity:101±3dB
Volume Control:Yes
Communication:Wired
Frequency Response Range:20-20000Hz
Active Noise-Cancellation:No
Codecs:None
Vocalism Principle:Dynamic
Is wireless:No
Control Button:Yes",Electronics and Audio,N,vase,sand,175846622,1114644238,175846622-1615294312340-0
VL-006,UiiSii HM13 In-Ear Dynamic Headset with Microphone - White,"Brand Name:UiiSii
Function:For Mobile Phone,For Internet Bar,for Video Game,For iPod,Sport,Common Headphone
Waterproof:No
Support Memory Card:No
Connectors:3.5mm
Line Length:1.2m
Plug Type:Line Type
Wireless Type:None
Model Number:UiiSii HM13
Support APP:No
With Microphone:Yes
Style:In-Ear
Resistance:21Ω
Sensitivity:101±3dB
Volume Control:Yes
Communication:Wired
Frequency Response Range:20-20000Hz
Active Noise-Cancellation:No
Codecs:None
Vocalism Principle:Dynamic
Is wireless:No
Control Button:Yes",Electronics and Audio,N,vase,peach,175848107,1114622348,175848107-1615293248657-0
VL-007,UiiSii HM13 In-Ear Dynamic Headset with Microphone - Gold,"Brand Name:UiiSii
Function:For Mobile Phone,For Internet Bar,for Video Game,For iPod,Sport,Common Headphone
Waterproof:No
Support Memory Card:No
Connectors:3.5mm
Line Length:1.2m
Plug Type:Line Type
Wireless Type:None
Model Number:UiiSii HM13
Support APP:No
With Microphone:Yes
Style:In-Ear
Resistance:21Ω
Sensitivity:101±3dB
Volume Control:Yes
Communication:Wired
Frequency Response Range:20-20000Hz
Active Noise-Cancellation:No
Codecs:None
Vocalism Principle:Dynamic
Is wireless:No
Control Button:Yes",Electronics and Audio,N,vase,sage,175850052,1114612983,175850052-1615292954785-0
VL-008,UiiSii HM12 In-Ear Dynamic Headset with Microphone - Black,"Brand Name:UiiSii
Function:For Mobile Phone,For Internet Bar,for Video Game,For iPod,Sport,Common Headphone
Waterproof:No
Support Memory Card:No
Connectors:3.5mm
Line Length:1.2m
Plug Type:Line Type
Wireless Type:None
Model Number:UiiSii HM13
Support APP:No
With Microphone:Yes
Style:In-Ear
Resistance:21Ω
Sensitivity:101±3dB
Volume Control:Yes
Communication:Wired
Frequency Response Range:20-20000Hz
Active Noise-Cancellation:No
Codecs:None
Vocalism Principle:Dynamic
Is wireless:No
Control Button:Yes",Electronics and Audio,N,vase,gold,175850193,1114634127,175850193-1615293541705-0
VL-009,UiiSii HM12 In-Ear Dynamic Headset with Microphone - Blue,"Brand Name:UiiSii
Function:For Mobile Phone,For Internet Bar,for Video Game,For iPod,Sport,Common Headphone
Waterproof:No
Support Memory Card:No
Connectors:3.5mm
Line Length:1.2m
Plug Type:Line Type
Wireless Type:None
Model Number:UiiSii HM13
Support APP:No
With Microphone:Yes
Style:In-Ear
Resistance:21Ω
Sensitivity:101±3dB
Volume Control:Yes
Communication:Wired
Frequency Response Range:20-20000Hz
Active Noise-Cancellation:No
Codecs:None
Vocalism Principle:Dynamic
Is wireless:No
Control Button:Yes",Electronics and Audio,N,vase,clay,175858022,1114634192,175858022-1615293620982-0
VL-010,Vintage Alarm Clock Retro Oil Lamp Alarm Clock Watch Table Kerosene Light Clock Living Room Decor Articles Office Craft Ornament,"Retro design: The retro design makes your living room or indoor decoration full of mystery, exquisite workmanship, delicate texture, and improve the quality of home decoration.
Easy read: The number of moments on the clock face uses the universal Roman Numeral, so you can instantly know the current time and grasp your every second trip.
Perfect decoration: This desk clock is the perfect decoration for your home decoration, living room, kitchen, study, bedroom office, hotel and more.
There will be no back cover
Made of qualified materials, high quality, safe and harmless.
Stylish design, exquisite style, high quality, low price and high cost performance.
Safe and practical, it is the first choice for getting people to get up.
In many film and television works, explorers often use such a kerosene lamp to illuminate during their adventures.
4.1 x AA Battery(not included)
Specification:
Modeling: kerosene lamp
Material: Plastic
Size: 10cm x 8cm x 18.2cm
Package include:
1 x Alarm Clock (Battery not included
Note:
Please allow 1-3cm error due to manual measurement. pls make sure you do not mind before you bid.
The colors may have different as the difference display,pls understand.",Table and Alarm Clocks,Y,clock,sand,175878634,2580206641,175878634-1757174394753-0
VL-011,Fire proof plastic body Multiplug ML 4 Way Tower Double USB Charger,"Fire proof plastic body
High Quality Contact
High Quality Copper Cable
Double USB Charger
Cable Size : 2.5m",Electronics and Audio,Y,vase,peach,175894658,1114792282,175894658-1615304347885-0
VL-012,Fire proof plastic body Multiplug ML 3 Way Tower Double USB Charger,"Fire proof plastic body
High Quality Contact
High Quality Copper Cable
Double USB Charger
Cable Size : 2.5m",Electronics and Audio,N,vase,sage,175898108,1114776855,175898108-1615303803985-0
VL-013,Fire proof plastic body Multiplug ML 254,"Fire proof plastic body
High Quality Contact
High Quality Copper Cable
Individual Porcelain Insulator Shell
Cable Size : 2.5m",Electronics and Audio,Y,vase,gold,175902518,1839789773,175902518-1615305008985-0
VL-014,Fire proof plastic body Multiplug ML 412,"Fire proof plastic body
High Quality Contact
High Quality Copper Cable
Individual Porcelain Insulator Shell
Cable Size : 2m",Electronics and Audio,Y,vase,clay,175990889,1115124696,175990889-1615333447695-0
VL-015,Fire proof plastic body Multiplug ML-512,"Fire proof plastic body
High Quality Contact
High Quality Copper Cable
Individual Porcelain Insulator Shell
Cable Size : 2m,5m",Electronics and Audio,Y,vase,sand,175992788,1115134228,175992788-1615333840547-0
VL-016,Fire proof plastic body Multiplug ML 0034,"Fire proof plastic body
High Quality Contact
High Quality Copper Cable
Individual Porcelain Insulator Shell
Cable Size : 2m,5m",Electronics and Audio,Y,vase,peach,175992800,1499506253,175992800-1692885258600-0
VL-017,Fire proof plastic body Multiplug ML-209,"pre {
white-space: pre-wrap;
}
Introducing the Fire Proof Plastic Body Multiplug ML-209 from Shah Traders. This multiplug is a must-have for anyone in need of a reliable and safe electrical solution. With its fireproof plastic body, you can rest assured that your devices are protected from any potential hazards. The multiplug is perfect for use in any DIY or outdoor project, and its cables, leads, and adapters make it a versatile tool for any electrical need. Trust in the quality and durability of Shah Traders, and add the Fire Proof Plastic Body Multiplug ML-209 to your toolkit today.",Electronics and Audio,Y,vase,sage,175994893,1663742671,175994893-1615335065622-0
VL-018,Fire proof plastic body Multiplug ML-844,"Fire proof plastic body
High Quality Contact
High Quality Copper Cable
Individual Porcelain Insulator Shell
Cable Size : 2m,5m",Electronics and Audio,Y,vase,gold,175996893,1115136630,175996893-1615334727348-0
VL-019,Fire proof plastic body Multiplug ML 312,"Fire proof plastic body
High Quality Contact
High Quality Copper Cable
Individual Porcelain Insulator Shell
Cable Size : 2m",Electronics and Audio,Y,vase,clay,175998574,1115114915,175998574-1615333096684-0
VL-020,Fire proof plastic body Multiplug ML-0455,"Fire proof plastic body
High Quality Contact
High Quality Copper Cable
Individual Porcelain Insulator Shell
Cable Size : 2m,5m",Electronics and Audio,Y,vase,sand,176002414,1115140284,176002414-1615334549525-0
VL-021,Fire proof plastic body Multiplug ML 212,"Fire proof plastic body
High Quality Contact
High Quality Copper Cable
Individual Porcelain Insulator Shell
Cable Size : 2m",Electronics and Audio,Y,vase,peach,176004010,1539920608,176004010-1694102263320-0
VL-022,360° Rotating 25cm Earth Globe World Map With Stand Geography Education Toy Home Decoration Office Ornament Kids Gift - Multicolor,"A simple, yet informative and educational desktop world globe beautifully arranged in a spectrum of vivid colors.Expand your perspective and enhance your knowledge of our earth and its geography.It features up-to-date cartography, vibrant blue oceans and colorful landmasses with political boundaries.The globe is held by a semi meridian mounted on a durable black colored plastic base.Perfect for home, school, and office. Great for children & adults of all ages.Features vibrant blue oceans and color landmasses with political boundaries.Durable gold plastic base and high clearly Printing provide you a wonderful using experience.",Toys and Games,Y,vase,sage,176030606,1115274979,176030606-1615346643223-0
VL-023,360° Rotating 25cm Earth Globe World Map With Stand Geography Education Toy Home Decoration Office Ornament Kids Gift - Multicolor,"Product name: World Globe Map 360°Rotating World Globe Earth Atlas Map Geography Education Toy Desktop Gift
Material: Plastic
Color: Gold frame
Diameter: 25cm
Size: 32*29cm
Language: English
Rotation: 720°Universal rotation
Appliance: Teaching demonstration, Display supplies, Office teaching, etc",Toys and Games,Y,vase,gold,176034427,1663683605,176034427-1615346921260-0
VL-024,360° Rotating 25cm Earth Globe World Map With Stand Geography Education Toy Home Decoration Office Ornament Kids Gift,"A simple, yet informative and educational desktop world globe beautifully arranged in a spectrum of vivid colors.Expand your perspective and enhance your knowledge of our earth and its geography.It features up-to-date cartography, vibrant blue oceans and colorful landmasses with political boundaries.The globe is held by a semi meridian mounted on a durable black colored plastic base.Perfect for home, school, and office. Great for children & adults of all ages.Features vibrant blue oceans and color landmasses with political boundaries.Durable gold plastic base and high clearly Printing provide you a wonderful using experience.",Toys and Games,Y,vase,clay,176046178,1603259359,176046178-1615348605032-0
VL-025,21.4cm Blue Ocean World Globe Map With Swivel Stand Geography Educational Toy Gift,"Package Included: 1X Blue Ocean World Globe Map With Swivel Stand
Material: Plastic
Languange: English
Globe Diameter: Approx. 21.4cm
Comes with a simple arc stand that attaches easily, spins on it's axis
Swivel globe encourages inquisitive children to explore and think big
Perfect desktop globe for greater awareness of our planet and maps
Would also be useful for adults to use as a desk ornament",Office and Stationery,Y,vase,sand,176048227,1115352152,176048227-1615350005018-0
VL-026,Deli 3 Tier Office Filing Trays A4 Document Desk Riser Letter Paper Storage Organiser Magazine Rack Storage Deli 9217,"Detachable design, easy to assemble and steady structure, when you don't use it, just disassemble it and convenient to storage
3 Tier Documents Tray - A4 Size Paper, you can sort and find out your documents easily
3 sections, each about 258mm width
Sturdy and durable, good for desk supplies
Excellent for display and storage your magazine, file, document, notebook on Desktop or Shelf etc.
Package Dimensions : 34 x 26.4 x 11.8 cm;",Office and Stationery,N,vase,peach,176048745,1115376622,176048745-1615351939884-0
VL-027,9217 Deli 3 Tier Office Filing Trays A4 Document Desk Riser Letter Paper Storage Organiser Magazine Rack Storage Deli 9217,"Detachable design, easy to assemble and steady structure, when you don't use it, just disassemble it and convenient to storage
3 Tier Documents Tray - A4 Size Paper, you can sort and find out your documents easily
3 sections, each about 258mm width
Sturdy and durable, good for desk supplies
Excellent for display and storage your magazine, file, document, notebook on Desktop or Shelf etc.
Package Dimensions : 34 x 26.4 x 11.8 cm;",Office and Stationery,N,vase,sage,176054396,1115386367,176054396-1615352253737-0
VL-028,Effective file rack three-layer file tray folder storage box bookshelf simple desk student use book standing file storage desk storage multi-layer rack file box office supplies,"Detachable design, easy to assemble and steady structure, when you don't use it, just disassemble it and convenient to storage
3 Tier Documents Tray - A4 Size Paper, you can sort and find out your documents easily
3 sections, each about 258mm width
Sturdy and durable, good for desk supplies
Excellent for display and storage your magazine, file, document, notebook on Desktop or Shelf etc.
Package Dimensions : 34 x 26.4 x 11.8 cm;",Office and Stationery,Y,vase,gold,176058319,1115382716,176058319-1615352761551-0
VL-029,Deli 9217 file frame data frame file storage rack shelf file column file baskets file tray documentation block office supplies,"Detachable design, easy to assemble and steady structure, when you don't use it, just disassemble it and convenient to storage
3 Tier Documents Tray - A4 Size Paper, you can sort and find out your documents easily
3 sections, each about 258mm width
Sturdy and durable, good for desk supplies
Excellent for display and storage your magazine, file, document, notebook on Desktop or Shelf etc.
Package Dimensions : 34 x 26.4 x 11.8 cm;",Office and Stationery,Y,vase,clay,176060383,1115388716,176060383-1615352897710-0
VL-030,"3M™ Peltor™ Optime 98 Over the Head Ear muff, Hearing Protection, Ear Protectors, NRR 26 dB, Ideal for heavy equipment operations","3M™ Peltor™ Optime 98 Over the Head Ear muff, Hearing Protection, Ear Protectors, NRR 26 dB, Ideal for heavy equipment operations
Recommended for TWA noise exposures up to 98 dBA
Stainless steel headband distributes weight for low pressure fit
Earcup pivot points tilt for comfort that adjusts to individual wearers
Noise Reduction Rating (NRR) 25 decibels
Earcups with liquid and foam filled cushions offer comfort for long wear and optimum seal
3M™ Peltor™ Optime™ 98 is versatile, over-the-head earmuffs featuring a stainless steel headband for consistent force and effective hearing protection.
A versatile, over-the-head earmuffs featuring a stainless steel headband for consistent force and effective hearing protection For noise levels up to 98 dBA.
Stainless steel construction resists bending and warping.
Earcup pivot points tilt for optimum comfort and efficiency.
Ultra light with liquid/foam filled earmuff cushions.
Color-coding for compliance sighting.
Noise Reduction Rating (NRR)*: 25 dB. CSA Class A.
*The NRR may overestimate the hearing protection provided during typical use. 3M recommends reducing the NRR by 50% for estimating the amount of noise reduction provided.
3M is Leading the Advancement of Hearing Conservation™.
Item model number H9A
Product Dimensions 20.32 x 15.24 x 10.16 cm; 272.16 Grams
Item Dimensions L x W x H 20.3 x 15.2 x 10.2 centimeters
Color Yellow",Appliances and Tools,Y,vase,sand,177052801,1116960660,177052801-1615571437622-0
VL-031,"Hearing Protection, Ear Protectors, NRR 26 dB, Ideal for heavy equipment operations, 3M™ Peltor™ Optime 98 Over the Head Ear muff,","Recommended for TWA noise exposures up to 98 dBA
Stainless steel headband distributes weight for low pressure fit
Earcup pivot points tilt for comfort that adjusts to individual wearers
Noise Reduction Rating (NRR) 25 decibels
Earcups with liquid and foam filled cushions offer comfort for long wear and optimum seal
3M™ Peltor™ Optime™ 98 is versatile, over-the-head earmuffs featuring a stainless steel headband for consistent force and effective hearing protection.
A versatile, over-the-head earmuffs featuring a stainless steel headband for consistent force and effective hearing protection For noise levels up to 98 dBA.
Stainless steel construction resists bending and warping.
Earcup pivot points tilt for optimum comfort and efficiency.
Ultra light with liquid/foam filled earmuff cushions.
Color-coding for compliance sighting.
Noise Reduction Rating (NRR)*: 25 dB. CSA Class A.
*The NRR may overestimate the hearing protection provided during typical use. 3M recommends reducing the NRR by 50% for estimating the amount of noise reduction provided.
3M is Leading the Advancement of Hearing Conservation™.
Item model number H9A
Product Dimensions 20.32 x 15.24 x 10.16 cm; 272.16 Grams
Item Dimensions L x W x H 20.3 x 15.2 x 10.2 centimeters
Color Yellow",Appliances and Tools,Y,vase,peach,177128317,1565124613,177128317-1698393602256-0
VL-032,Table Kerosene Light Clock Living Room Decor Articles Office Craft Ornament Vintage Alarm Clock Retro Oil Lamp Alarm Clock Watch,"Retro design: The retro design makes your living room or indoor decoration full of mystery, exquisite workmanship, delicate texture, and improve the quality of home decoration.
Easy read: The number of moments on the clock face uses the universal Roman Numeral, so you can instantly know the current time and grasp your every second trip.
Perfect decoration: This desk clock is the perfect decoration for your home decoration, living room, kitchen, study, bedroom office, hotel and more.
Size: 10cm x 8cm x 18.2cm",Table and Alarm Clocks,Y,clock,sage,177148705,1475734351,177148705-1690811506779-0
VL-033,Picture Frames Vintage Frame Photo Display for 6x4 inch.,"Beautiful and decorative picture Frame
Vertical or horizontal tabletop display or can be hung on a wall with installed hangers
Wipe clean with dry cloth, glass Included",Mirrors and Frames,Y,mirror,gold,177252883,1117184598,177252883-1615643778313-0
VL-034,"ARPAN Vintage Style 6x4'' Multi 6, Aperture Picture Photo Frame Black or White (Black)","6, Multi Aperture Picture Frame - Vintage stylish and modern photo frame
Suitable for 6 images : 3 x 6''x4'' Portrait ---- 2 x 6''x4'' Landscape --- 1 x 11x12cm Portrait Approx,
Showcase your treasured memories in this lovely modern Vintage frame, this would also make for the perfect gift
This frame comes ready to hang as portrait - wall mount only - Photo frame Size : 49 x 33.5 x 3 Cm Approx
Made with high quality plastic With front glass",Mirrors and Frames,Y,mirror,clay,177254890,1117192369,177254890-1615647838742-0
VL-035,Art Street Stylish Switch Wooden Home Décor Table Photo Frame,"Material : Premium Quality Synthetic Wood, Engineered wood composite : MDF board at back with glass on the front for protection.
Item Size: 9x 13' cm. Photo pieces hang both vertically and horizontally with secure hanging hardware included with each photo Frame - Easy Installation guide included.
Can be Used as a Gift for Your Friends, Sweetheart, Business Partner or Family Members.
Re : live your golden memories by decorating your place with photographs. Bright colours and specially handcrafted artistic make, give these pieces a vibrant and modish touch to the plain walls of your living space. Give a personalised touch to your gifts by picking one of these pieces.",Mirrors and Frames,N,mirror,sand,177256707,1117188400,177256707-1615643078704-0
VL-036,Love Heart Shaped Gold Picture Frames Vintage Frame Photo Display,"Beautiful and decorative picture Frame
Vertical or horizontal tabletop display or can be hung on a wall with installed hangers
Wipe clean with dry cloth, glass Included",Mirrors and Frames,N,mirror,peach,177262022,1117190759,177262022-1615649003345-0
VL-037,"Ship Style Photo Frame with Clock for Study Table, Photo Frame Collages with Clock, 45 Gram, Multicolor, Pack of 1","Are you moving into your new home? Are you trying to beautify your living room, bedroom, etc to give them great aesthetic appeal for this purpose AASA Home Decor Decorative Bed Side Table Decorative Clock with Small Photo Frame for Living Room Corners Bedside, Bedroom with plug Trendy New Design and Classy Touch Home Appliance Wedding Gifts Articles for Couple? It can be used in many places, such as home, office, cafe, Beautiful decorative items for drawing room, Living Area. AASA for Home Decor Beautiful for Office desk decoration, Study table decor, bedroom. A very charming and ethnic to embellish your home or office space. Simplicity and elegance both go hand in hand with this extremely designer and elegant looking piece of home decoration item. A Perfect Gift for house warming ceremony, house opening parties, or on other functions for relatives and friends. Can be placed at shelves near home entrance, in showcase in drawing room, or hall can also be placed as centerpieces for centre table, You Can Put It In Your Home, Desk And Another Place, can also be a nice gifting option on various occasions, such as new year, Diwali, new year celebration, for newly married couple, valentine, friendship's day, return gift for kitty party, house blessing's pooja ceremony. Big Antique Lucky Decorative Showpiece Table Decorative Clock with Small Photo Frame Office Home Decoration Business Gifts. Please give your FEEDBACK REVIEW & RATINGS",Table and Alarm Clocks,Y,clock,sage,177652593,1117664294,177652593-1615864065401-0
VL-038,"Dolphin Style Photo Frame with Clock for Study Table, Photo Frame Collages with Clock, Multicolor, Pack of 1","Are you moving into your new home? Are you trying to beautify your living room, bedroom, etc to give them great aesthetic appeal for this purpose AASA Home Decor Decorative Bed Side Table Decorative Clock with Small Photo Frame for Living Room Corners Bedside, Bedroom with plug Trendy New Design and Classy Touch Home Appliance Wedding Gifts Articles for Couple? It can be used in many places, such as home, office, cafe, Beautiful decorative items for drawing room, Living Area. AASA for Home Decor Beautiful for Office desk decoration, Study table decor, bedroom. A very charming and ethnic to embellish your home or office space. Simplicity and elegance both go hand in hand with this extremely designer and elegant looking piece of home decoration item. A Perfect Gift for house warming ceremony, house opening parties, or on other functions for relatives and friends. Can be placed at shelves near home entrance, in showcase in drawing room, or hall can also be placed as centerpieces for centre table, You Can Put It In Your Home, Desk And Another Place, can also be a nice gifting option on various occasions, such as new year, Diwali, new year celebration, for newly married couple, valentine, friendship's day, return gift for kitty party, house blessing's pooja ceremony. Big Antique Lucky Decorative Showpiece Table Decorative Clock with Small Photo Frame Office Home Decoration Business Gifts. Please give your FEEDBACK REVIEW & RATINGS",Table and Alarm Clocks,Y,clock,gold,177654549,1117654642,177654549-1615863626309-0
VL-039,Eiffel Tower Frame with Love Alarm Table Clock Showpiece - Multicolor,,Table and Alarm Clocks,Y,clock,clay,177656592,1117668108,177656592-1615868971937-0
VL-040,"Dolphin Style Photo Frame with Clock for Study Table, Photo Frame Collages with Clock,Multicolor, Pack of 1","Are you moving into your new home? Are you trying to beautify your living room, bedroom, etc to give them great aesthetic appeal for this purpose AASA Home Decor Decorative Bed Side Table Decorative Clock with Small Photo Frame for Living Room Corners Bedside, Bedroom with plug Trendy New Design and Classy Touch Home Appliance Wedding Gifts Articles for Couple? It can be used in many places, such as home, office, cafe, Beautiful decorative items for drawing room, Living Area. AASA for Home Decor Beautiful for Office desk decoration, Study table decor, bedroom. A very charming and ethnic to embellish your home or office space. Simplicity and elegance both go hand in hand with this extremely designer and elegant looking piece of home decoration item. A Perfect Gift for house warming ceremony, house opening parties, or on other functions for relatives and friends. Can be placed at shelves near home entrance, in showcase in drawing room, or hall can also be placed as centerpieces for centre table, You Can Put It In Your Home, Desk And Another Place, can also be a nice gifting option on various occasions, such as new year, Diwali, new year celebration, for newly married couple, valentine, friendship's day, return gift for kitty party, house blessing's pooja ceremony. Big Antique Lucky Decorative Showpiece Table Decorative Clock with Small Photo Frame Office Home Decoration Business Gifts. Please give your FEEDBACK REVIEW & RATINGS",Table and Alarm Clocks,Y,clock,sand,177658317,1117664287,177658317-1615863760170-0
VL-041,Eiffel Tower Frame with Love Alarm Table Clock Showpiece - Multicolor,"This Beautiful Clock With Small Photo Frame From AASA Will Definitely Decoration Your Home Décor
It looks very attractive and Eye Catching. Its design makes it look Unique
SUPERB UNIQUE GIFT : For Religious Function, House warming, Office, Shop Inauguration, Festive occasions - Like Diwali , Grah pravesh and Corporate Gifts Marriage Anniversary, Wedding Return Gift, Birthday, New Year Gift.
HANDLING USE: This Decorative Figures can be used as Drawing, For Living Room Interior Decoration Showpieces, Table & Showcase Spiritual & Festive Decor Items.
Photo frame picture can be changed easily, Perfect accompaniment to any table",Table and Alarm Clocks,Y,clock,peach,177660176,1117656781,177660176-1615868538007-0
VL-042,Frame with Love Alarm Table Clock Showpiece,"Are you moving into your new home? Are you trying to beautify your living room, bedroom, etc to give them great aesthetic appeal for this purpose AASA Home Decor Decorative Bed Side Table Decorative Clock with Small Photo Frame for Living Room Corners Bedside, Bedroom with plug Trendy New Design and Classy Touch Home Appliance Wedding Gifts Articles for Couple? It can be used in many places, such as home, office, cafe, Beautiful decorative items for drawing room, Living Area. AASA for Home Decor Beautiful for Office desk decoration, Study table decor, bedroom. A very charming and ethnic to embellish your home or office space. Simplicity and elegance both go hand in hand with this extremely designer and elegant looking piece of home decoration item. A Perfect Gift for house warming ceremony, house opening parties, or on other functions for relatives and friends. Can be placed at shelves near home entrance, in showcase in drawing room, or hall can also be placed as centerpieces for centre table, You Can Put It In Your Home, Desk And Another Place, can also be a nice gifting option on various occasions, such as new year, Diwali, new year celebration, for newly married couple, valentine, friendship's day, return gift for kitty party, house blessing's pooja ceremony. Big Antique Lucky Decorative Showpiece Table Decorative Clock with Small Photo Frame Office Home Decoration Business Gifts. Please give your FEEDBACK REVIEW & RATINGS",Table and Alarm Clocks,Y,clock,sage,177662877,1662593846,177662877-1615874124783-0
VL-043,Crystal Globe Can be Placed on Home / Office / Study Table.,"Crystal Globe Can be Placed on Home / Office / Study Table.
As per Vastu / Feng Shui Revolving This Globe Daily in a Clock Wise Direction for 3 - 4 Time Improves The Business Awareness and Intelligence
Glass Globe is Good for all People Who Want To Work International
Product Colour May Slightly Vary Due To Photographic Lighting Sources or Your Monitor Settings
Crystal Globe Ball Size : 50 mm Approx",Home Decor and Showpieces,N,vase,gold,177674642,1117714222,177674642-1615876287825-0
VL-044,Hearing Protection Ear Muff Ear Protector - Multicolor,"Dielectric design provides greater safety
Unique deep cups provides effective protection in most hazardous noise environments
Robust, compact, rugged & lightweight
w/wo Padded headband are available
Cups Colors - Yellow, Red & Lime Green",Appliances and Tools,Y,vase,clay,177700268,1117716537,177700268-1615877430733-0
VL-045,Crystal Globe Can be Placed on Home / Office / Study Table. Pack of 3 pc,"Crystal Globe Can be Placed on Home / Office / Study Table. Pack of 3 pc
As per Vastu / Feng Shui Revolving This Globe Daily in a Clock Wise Direction for 3 - 4 Time Improves The Business Awareness and Intelligence
Glass Globe is Good for all People Who Want To Work International
Product Colour May Slightly Vary Due To Photographic Lighting Sources or Your Monitor Settings",Home Decor and Showpieces,N,vase,sand,177702126,1117706794,177702126-1615876594213-0
VL-046,Saxophone Alarm Clock Instrument Toy Student Desktop Birthday Fashion Home Decor,"The meaning of family is warmth, that is your permanent destination. What is home? Home is a place where the heart rests, a place that can accommodate your mistakes, your excitement, your helplessness, your laughter, your tears, a place where you don’t have to wear a mask. Everyone in the family depends on each other. Although they are family members, they spend more time like friends. When you care about you, be sincere. Dont ask for anything in return when helping you. In short, after you lose your temper unreasonably, you find that everyones eyes show concern. A place with such people can be called home. Our products will bring the warmth of your family and the companionship of your loved ones.",Table and Alarm Clocks,Y,clock,peach,177890321,1118000501,177890321-1615907211381-0
VL-047,32cm World Globe Educational Political Map Swivel Rotating Desk Top Globe - Geography Learning Home School Office Decoration - Diameter 32cm,"Exerz Educational and Fun Swivel Globe Dia 32 CM, Height Including Stand: 45 cm.
MORE THAN DECORATION: Exerz Classic Large Globe has high quality printing which is fine and clear, led to a very easy and enjoyable experience when one to read the geographical sphere. Feel free to use it every day and refer to it anytime.
FUN & EDUCATIONAL: Our Globe has up to date detail, encourage inquisitive children to explore the world of science. Children may be able to explore the continents they have or have not been, spot a place and find out what’s on it, and what’s around it, they would be encouraged to read and recognise the fact of the earth geographically and historically.
HIGH QUALITY: The product itself rotates on a sturdy stand. We use the best material we are able to use in the industry, which include silvery metal, solid plastic base, high quality ink, and so on. Aim to ensure this globe is a real luxury, with no disappointments.
GIFTING: Perfect gifting idea for almost all the occasions. Children’s birthday, Christmas, friends’ event, new office opening, you are more than welcome to be creative. Give to someone who would love to decorate a wedding venue with fresh summery globe and beautiful flowers, or in a café as a stand out piece.",Home Decor and Showpieces,Y,vase,sage,178070134,1118390654,178070134-1615960595691-0
VL-048,Baby Girls Accessories Elsa Princess Accessories Cosplay Kids Headband Newborn Baby Accessories Birthday Gift Crown Magic Stick,"Origin: CN(Origin)
Material: Cotton
Gender: Baby Girls
Material Composition: Plastic/resin
Pattern Type: Solid
Department Name: baby
Model Number: Kids Accessories
Type: Hairbands",Watches and Fashion,Y,vase,gold,178278593,1118710074,178278593-1615984883640-0
VL-049,7Pcs/set Kid Princess Cosplay Costume Crown Magic Stick Wig Braid Gloves Necklace Ring Earrings,"Description:
Category: hair ornaments
Age group: kid
Occasion: party, cosplay, pageant, birthday, etc.
Quantity: 7Pcs/set
Color: blue, pink
Style: cartoon
Process: handmade
Packing list: crown * magic stick * wig braid * necklace * ring * pair earrings * pair gloves",Watches and Fashion,N,vase,clay,178296466,1118704577,178296466-1615985459104-0
VL-050,Princess Elsa Anna Hair Accessories Crown Wig For Kids Dress Up Party Girl Gifts,"Origin: CN(Origin)
Material: Cotton
Gender: Baby Girls
Material Composition: Plastic/resin
Pattern Type: Solid
Department Name: baby
Model Number: Kids Accessories
Type: Hairbands",Watches and Fashion,Y,vase,sand,178296582,1118710530,178296582-1615986096556-0
VL-051,Babies Bloom Baby Sleeping Bags With Mosquito Net (0-36 Months Baby),"Age Group: Babies
Shape: Circular
Material: Polyester / Cotton
Use: Home
Feature: Insecticide Treated
Style: Lace
Applicable People: For Baby
Function: Mosquito Net
Type: Mongolian Yurt Mosquito Net
Door: Single-door
Item Type: Mosquito Net
Package weight: 0.662 kg
Product size (L x W x H): 110.00 x 65.00 x 56.00 cm / 43.31 x 25.59 x 22.05 inches
Package size (L x W x H): 47.00 x 59.00 x 6.00 cm / 18.5 x 23.23 x 2.36 inches
Package Content: Mosquito Sleeping Bags",Home Textiles and Bedding,N,vase,peach,178308420,1853805854,178308420-1615989149122-0
VL-052,Teddy Shape Inflatable Chair for Kids PVC Teddy Sofa for Toddlers Plastic Air Chair for Children 3 to 8 Years - Multicolor,"PRACTICAL DESIGN : The bottom of the inflatable sofa is thicker, it is easier to absorb, and the bearing capacity of it is stronger! Air sofa could be inflated in short time and inflate with a pump, you may need to be more patient when first inflate.
WIDE APPLICATION : The inflatable sofa is suitable for a variety of scenes, deflated when it is not in use, and it is easy to store.Our inflatable sofa suitable for many occasions, such as parking, patio, hiking traveling, not only outdoor activities but also indoor as a sofa.
MULTIPURPOSE : Lazy inflatable sofa is made of waterproof plastic , You can use it as a couch, sofa, bed, and inflatable couch is perfect for home, beach, pool, backyard, park, picnics, your children camping, traveling, hiking, and indoor, outdoor occasions.
PREMIUM MATERIAL : The inflatable sofa features the high quality environmentally friendly PVC, thus making it more comfortable to use. Easy to inflate,deflate & store . Perfect For Reading, Studying And Relaxing. Portable, Durable And Comfortable.
DIMENSIONS : LxWxH: 65x64x74 cm / 25.5x25x29 inch; Included Items: 1 x Inflatable Sofa, Recommended Age: 36 Months To 8 Years; Whether Assembly Required: No; Batteries included: No",Toys and Games,N,vase,sage,178318126,1118748224,178318126-1615990172025-0
VL-053,12 PCS Deli Desk Pen 0.5mm Gel Pen Business Black Desk Counter Table Gel pens for bank Elegant plastic pen for writing Office Stationery,"Brand Name: Deli
Erasable Or Not: No
Gel Pen Item: Writing supplies
Gel Pen's Ink Type: Gel-Ink
Material: PLASTIC
Model Number: 6796
Type: Gel Pen
Use: Office & School Pen
Writing Point: 0.5mm
Reception Smiley Desk Pen
Suitable for desks and counters with 180 degrees rotation capacity
Contains adhesive pads to lock on any desk and a plastic cord that can extend up to 2 metres
Colour: Black",Office and Stationery,Y,vase,gold,178740790,1119650347,178740790-1616081150926-0
VL-054,"Deli E1589 modern design calculator, eye-catching Look With appealing colors shows strong visual attraction","_x000D_
_x000D_
Colour: Green
_x000D_
Quantity: 1pc
_x000D_
12digits
_x000D_
Dimension: 165.3×103.2×14.7MM
_x000D_
Material: Premium Plastic
_x000D_
Dual Power
_x000D_
Packaging: Peggable box
_x000D_
GT, % , Auto power off
_x000D_
Country of origin: China
_x000D_
_x000D_",Office and Stationery,Y,vase,clay,178754124,1119654563,178754124-1616082191784-0
VL-055,6 PCS Deli 0.5mm Gel Pen Business Black Desk Counter Table Gel pens for bank Elegant plastic pen,"Brand Name: Deli
Erasable Or Not: No
Gel Pen Item: Writing supplies
Gel Pen's Ink Type: Gel-Ink
Material: PLASTIC
Model Number: 6796
Type: Gel Pen
Use: Office & School Pen
Writing Point: 0.5mm
Reception Smiley Desk Pen
Suitable for desks and counters with 180 degrees rotation capacity
Contains adhesive pads to lock on any desk and a plastic cord that can extend up to 2 metres
Colour: Black",Office and Stationery,Y,vase,sand,178786881,1119835459,178786881-1616160163177-0
VL-056,3 PCS Deli Desk Pen 0.5mm Gel Pen Business Black Desk Counter Table Gel pens,"Brand Name: Deli
Erasable Or Not: No
Gel Pen Item: Writing supplies
Gel Pen's Ink Type: Gel-Ink
Material: PLASTIC
Model Number: 6796
Type: Gel Pen
Use: Office & School Pen
Writing Point: 0.5mm
Reception Smiley Desk Pen
Suitable for desks and counters with 180 degrees rotation capacity
Contains adhesive pads to lock on any desk and a plastic cord that can extend up to 2 metres
Colour: Black",Office and Stationery,N,vase,peach,178794864,1865598161,178794864-1616160843102-0
VL-057,2 Piece Desk Pen 0.5mm gel Pen Business Black Desk Counter Table Gel Gel pen - Easy to Use And Maintain - Reliable and Durable,"Brand Name: Deli
Erasable Or Not: No
Gel Pen Item: Writing supplies
Gel Pen's Ink Type: Gel-Ink
Material: PLASTIC
Model Number: 6796
Type: Gel Pen
Use: Office & School Pen
Writing Point: 0.5mm
Reception Smiley Desk Pen
Suitable for desks and counters with 180 degrees rotation capacity
Contains adhesive pads to lock on any desk and a plastic cord that can extend up to 2 metres
Colour: Black",Office and Stationery,Y,vase,sage,178799792,1119817897,178799792-1616160694619-0
VL-058,Love Shape Designer Table Clock for Home Décor Pack O F1 (Model 2),"Very Attractive To Make You Have A Good Feeling All The Time. Best Gift Of for Your Loved One's!
Love Table Clock Watch, Gifts, descent For Home And Office with attractive design
Suitable For: Study Table, Office Table, Desk Accessories, Home Décor .
It looks very attractive and Eye Catching. Its Unique design makes it look like a Antique.
Ideal for living room, bedroom & offices",Table and Alarm Clocks,N,clock,gold,178806938,1119812632,178806938-1616136332178-0
VL-059,"Mosquito Killing Bat , MOSA NIDHAN BAT","Mosquito Killing Bat
Output light source power: 0.1 w
Input: AC 220V/50Hz, 0.04A
Output voltage: DC 2200V
Operating temperature: -10˚C ~ 45˚C
Battery capacity: 400 mAh
Charger: Rechargeable
Eco-Friendly, Stocked, Safe, Scentless
Design: Three layer grid, Oval shape",Appliances and Tools,Y,vase,clay,178820182,1119824218,178820182-1616131819593-0
VL-060,LED Mosquito Killer Bat - Sky Blue,"Type(P.S.)
mosquito racketOEM : Yes
Battery capacity: 800mAH
Material : Plastic
Usage : Insect repellent
Type:Other
Feature : Eco-Friendly, Other, Stocked",Appliances and Tools,Y,vase,sand,178820319,1119820496,178820319-1616134093256-0
VL-061,"99 Names of Allah Engraved in Fancy Wood, Wooden Wall Hanging - Multicolor","99 Names Emgraved on Wooden
A timeless gift that tells the time !
Long and Colorful thread (dori)
SIZE: 62*30CM, 24.5*12 INCHES",Home Decor and Showpieces,Y,vase,peach,178825180,1119832622,178825180-1616164653149-0
VL-062,"Wind Chime, Metal Vintage Good Luck Wind Chimes for Outdoor Garden Indoor Room Feng Shui Wind Bell Decoration - Multicolor","Alloy Material: Elephant wind chimes are mainly made of high-quality alloy metal, electroplating process, rust and wear resistance, strong and durable, not easy to damage.
Feng Shui Decoration: The Indian elephant on the wind chimes can pray for good luck and get rid of disasters. It is often used as decorations in outdoor courtyards or indoor living rooms.
Wind Chimes: When the wind blows, the bells at the bottom will collide with each other, making ethereal sounds, as if the natural wind is singing a sweet song, which makes people happy and relaxing.
Scope of Application: It can be used in family corridors, model houses, clothing stores, or cribs. It can be fixed to the wall, window frame, eaves, or tree by hanging.
Ideal Gift: You can give a delicate wind chime to the other party during festivals, promotion, school celebrations, anniversaries, etc., to express blessings and happiness, and to give them good luck.",Home Decor and Showpieces,Y,vase,sage,178826741,1119866159,178826741-1616223833756-0
VL-063,"Transparent Crystal Table Lamps Lights Desk Bedside Standard Lighting Living Room , Bedroom, Lamparas de Mesa 110-240V High 64* Wide 33CM Warm Light","Classic design: it is more than just a desk lamp, it is a piece of art, it is worth collecting.
After 1000 degrees high temperature firing, the lamp body is smooth and smooth, and the color is round, pure hand-made, elegant and beautiful.
Base: bright color, no fading, multi-process, bottom anti-slip mat design, safer to use
Fabric lampshade: environmentally friendly light-transparent material, fine texture, high temperature resistance, soft light, no glare
100% package satisfaction, if you have any problems after receiving the product, please contact us in time, we will solve any problem for you.",Gifts and Seasonal,N,vase,gold,178826801,1119865257,178826801-1616224989144-0
VL-064,"99 Names of Allah Engraved in Fancy Wood, Wooden Wall Hanging - Multicolor","99 Names Emgraved on Wooden
A timeless gift that tells the time !
Long and Colorful thread (dori)
SIZE: 62*30CM, 24.5*12 INCHES",Home Decor and Showpieces,Y,vase,clay,178829051,1119845613,178829051-1616174186375-0
VL-065,"Wind Chime, Metal Vintage Good Luck Wind Chimes for Outdoor Garden Indoor Room Feng Shui Wind Bell Decoration - Multicolor","Alloy Material: Elephant wind chimes are mainly made of high-quality alloy metal, electroplating process, rust and wear resistance, strong and durable, not easy to damage.
Feng Shui Decoration: The Indian elephant on the wind chimes can pray for good luck and get rid of disasters. It is often used as decorations in outdoor courtyards or indoor living rooms.
Wind Chimes: When the wind blows, the bells at the bottom will collide with each other, making ethereal sounds, as if the natural wind is singing a sweet song, which makes people happy and relaxing.
Scope of Application: It can be used in family corridors, model houses, clothing stores, or cribs. It can be fixed to the wall, window frame, eaves, or tree by hanging.
Ideal Gift: You can give a delicate wind chime to the other party during festivals, promotion, school celebrations, anniversaries, etc., to express blessings and happiness, and to give them good luck.",Home Decor and Showpieces,Y,vase,sand,178834111,1119853221,178834111-1616175210627-0
VL-066,Violin Students Use Alarm Clock Creative Fashion Simple European Style Children's Cute Cartoon Bedside Retro Ornament Decoration,"Product Category: Alarm Clock
Style: cartoon
Appearance: cartoon shape
Applicable places: living room, bedroom, study room, office, kitchen, bathroom, public place
Display type: pointer
Waterproof: No
Power type: battery
Size: 8*17cm
Shell material: plastic
Mirror material: plastic mirror
Dial material: plastic",Table and Alarm Clocks,Y,clock,peach,178837680,1119871146,178837680-1616225711681-0
VL-067,"Wind Chime, Metal Vintage Good Luck Wind Chimes for Outdoor Garden Indoor Room Feng Shui Wind Bell Decoration - Multicolor","Alloy Material: Elephant wind chimes are mainly made of high-quality alloy metal, electroplating process, rust and wear resistance, strong and durable, not easy to damage.
Feng Shui Decoration: The Indian elephant on the wind chimes can pray for good luck and get rid of disasters. It is often used as decorations in outdoor courtyards or indoor living rooms.
Wind Chimes: When the wind blows, the bells at the bottom will collide with each other, making ethereal sounds, as if the natural wind is singing a sweet song, which makes people happy and relaxing.
Scope of Application: It can be used in family corridors, model houses, clothing stores, or cribs. It can be fixed to the wall, window frame, eaves, or tree by hanging.
Ideal Gift: You can give a delicate wind chime to the other party during festivals, promotion, school celebrations, anniversaries, etc., to express blessings and happiness, and to give them good luck.",Home Decor and Showpieces,Y,vase,sage,178842237,1119858365,178842237-1616212207924-0
VL-068,Transparent Bedroom K9 Crystal Table Lamps Lights Desk Bedside Standard Lighting Living Room Lamparas de Mesa 110-240V High 64* Wide 33CM Warm Light,"Classic design: it is more than just a desk lamp, it is a piece of art, it is worth collecting.
After 1000 degrees high temperature firing, the lamp body is smooth and smooth, and the color is round, pure hand-made, elegant and beautiful.
Base: bright color, no fading, multi-process, bottom anti-slip mat design, safer to use
Fabric lampshade: environmentally friendly light-transparent material, fine texture, high temperature resistance, soft light, no glare
100% package satisfaction, if you have any problems after receiving the product, please contact us in time, we will solve any problem for you.",Lamps and Lighting,Y,lamp,gold,178842500,1675782898,178842500-1616224388315-0
VL-069,Modern Transparent Bedroom K9 Crystal Table Lamps Lights Desk Bedside Standard Lighting Living Room Lamparas de Mesa 110-240V High 40CM* Wide 21CM Warm Light - Multicolor,"Classic design: it is more than just a desk lamp, it is a piece of art, it is worth collecting.
After 1000 degrees high temperature firing, the lamp body is smooth and smooth, and the color is round, pure hand-made, elegant and beautiful.
Base: bright color, no fading, multi-process, bottom anti-slip mat design, safer to use
Fabric lampshade: environmentally friendly light-transparent material, fine texture, high temperature resistance, soft light, no glare
100% package satisfaction, if you have any problems after receiving the product, please contact us in time, we will solve any problem for you.",Lamps and Lighting,N,lamp,clay,178843392,1119850826,178843392-1616222436972-0
VL-070,Modern Transparent Bedroom K9 Crystal Table Lamps Lights Desk Bedside Standard Lighting Living Room Lamparas de Mesa 110-240V High 40CM* Wide 21CM Warm Light - Multicolor,"_x000D_
Classic design: it is more than just a desk lamp, it is a piece of art, it is worth collecting.
_x000D_
After 1000 degrees high temperature firing, the lamp body is smooth and smooth, and the color is round, pure hand-made, elegant and beautiful.
_x000D_
Base: bright color, no fading, multi-process, bottom anti-slip mat design, safer to use
_x000D_
Fabric lampshade: environmentally friendly light-transparent material, fine texture, high temperature resistance, soft light, no glare
_x000D_
100% package satisfaction, if you have any problems after receiving the product, please contact us in time, we will solve any problem for you.
_x000D_",Lamps and Lighting,Y,lamp,sand,178844243,1119859612,178844243-1616222338061-0
VL-071,"8 x 10 Picture Frame for Tabletop Use, with Border on 2 Sides, Aluminum - Silver","Sized for 8 x 10 Prints
Orientation for Countertop
Features 2-Way Easel
Viewable Width x Height :8"" x 9.0""
Material Aluminum
Placement Type Counter / Tabletop
Media Size 8"" x 10""
Orientation Portrait, Landscape
Loading or Door Type Slide-in Rear Backer
Color Silver
Photo Frame Setup Type Dual-Sided Easel Backer",Mirrors and Frames,Y,mirror,peach,178871973,1119921267,178871973-1616297974434-0
VL-072,"1.7 Litre Green Apple Deli Glassware Crystal Clear Glass Water Jug And Juice Jug And Pitcher With Plastic Lid,Water Jug/ glass juice jar","Nice Design Glass Jug 1.7 litre.
24 centimeters of height
The jug made by glass and the cover made by plastic
Very nice and crystal Glass.
Easy to clean.
Superior resistant to use and dishwasher safe guarantees long lasting product
An integrated strong handle.
Wide mouth built-in pour spout makes it very simple to fill with ice or any favorite cut fruits.
Easy to hold and dispense and hand wash them.",Tableware and Serving,N,vase,sage,178875918,1119913877,178875918-1616300867226-0
VL-073,"4 x 6 Picture Frame for Tabletop Use, with Border on 2 Sides, Aluminum - Silver","Sized for 4 x 6 Prints
Orientation for Countertop
Features 2-Way Easel
Viewable Width x Height : 4.0"" x 5.0""
Material Aluminum
Placement Type Counter / Tabletop
Media Size 4"" x 6""
Orientation Portrait, Landscape
Loading or Door Type Slide-in Rear Backer
Color Silver
Photo Frame Setup Type Dual-Sided Easel Backer",Mirrors and Frames,Y,mirror,gold,178880839,1119921266,178880839-1616297445263-0
VL-074,Antique Wall Mount Type Beautiful Clock,"d Easy to Install).
Material:Wood, glass
Best as your bedroom nightstand table lamp and study room table lamp.",Wall Clocks,N,clock,clay,178898548,1119934835,178898548-1616310025116-0
VL-075,Hariken Candle Showpiece with Candle holder ( 3 PCS ),"Product details ofStand& Hariken Candel Showpiece Black and Pink
Product Type: Hariken Showpiece
Color: Black and Pink,blue
Main Material: Metal
Uncommon Gift Item
Unique and Attractive Design.",Home Decor and Showpieces,Y,vase,sand,179697780,1120818764,179697780-1616685033940-0
VL-076,মোমবাতি হোল্ডার সহ হারিকেন মোমবাতি শোপিস (1 পিস),"Product details ofStand& Hariken Candel Showpiece Black and Pink
Product Type: Hariken Showpiece
Color: Black and Pink,blue
Main Material: Metal
Uncommon Gift Item
Unique and Attractive Design.",Home Decor and Showpieces,Y,vase,peach,179701613,1511215771,179701613-1693307264992-0
VL-077,Hurricane Lantern Lamp Vintage Style Kerosene Lamp Classic Retro Oil Lamp Kerosene Citronella  Lamp Classic - Multicolor,"The kerosene lamp has large capacity, good quality and high brightness. Easy to install and maintain, a great choice for outdoors activities.
Just use a match to point the rope and cover the lamp to complete the lighting action.
There are multiple claws around the lamp head, and there is a pinion that can control the rise or fall of the cotton rope.
The old kerosene lamp uses a cotton wick, the lamp head is usually made of copper, and the lamp holder and the wind-proof lamp are made of glass.
The old kerosene lamp has almost disappeared. It is anti-ancient and nostalgic. It can be used for collection, decoration and practical lighting.
Height: Approx. 24cm / 9.4in
Weight: 406g / 14.3oz",Lamps and Lighting,N,lamp,sage,179719025,1120845087,179719025-1616686981052-0
VL-078,I Love you  Heart Shape Analog Table Alarm Clock With Mini Photo Frame(Watch) - Multicolor,"Very Attractive To Make You Have A Good Feeling All The Time.Best Gift Of for Your Loved One's!
Love Table Clock Watch, Gifts,descent For Home And Office with attrative design
Product Dimensions: 17.5cm x 23.0 cm x 5.2cm (package)
good design & attractive looks
Main Material : Plastic
Color: Red, Pink,blue",Table and Alarm Clocks,Y,clock,gold,179743071,1120884003,179743071-1616697083885-0
VL-079,I Love you  Heart Shape Analog Table Alarm Clock With Mini Photo Frame(Watch) - Multicolor,"Very Attractive To Make You Have A Good Feeling All The Time.Best Gift Of for Your Loved One's!
Love Table Clock Watch, Gifts,descent For Home And Office with attrative design
Product Dimensions: 17.5cm x 23.0 cm x 5.2cm (package)
good design & attractive looks
Main Material : Plastic
Color: Red, Pink,blue",Table and Alarm Clocks,Y,clock,clay,179871544,1121018703,179871544-1616770084408-0
VL-080,Heart Shape Analog Table Alarm Clock With  Photo Frame(Watch),"Very Attractive To Make You Have A Good Feeling All The Time.Best Gift Of for Your Loved One's!
Love Table Clock Watch, Gifts,descent For Home And Office with attrative design
Product Dimensions: 14.5cm x 20.0 cm x 5.2cm (package)
good design & attractive looks
Main Material : Plastic
Color: Red, Pink,blue",Table and Alarm Clocks,N,clock,sand,179914808,1121067895,179914808-1616816635341-0
VL-081,Daily Home Very Cool Sax Alarm Clock Sax Model,"Sax Alarm Clock
Material: Plastic and Quartz Movement
Requires 1 AA battery (Not included)
Dimensions: 20.32 x 12.7 x 22.86 cm; 226.8 Grams
Net Weight: ; 226.8 Grams / 0.5LBS",Table and Alarm Clocks,Y,clock,peach,180437751,1121680528,180437751-1617041117666-0
VL-082,Ship Table Stand Photo Frame Ship Table Stand Photo Frame,"Product Type: Photo Frame
Nice Decorative Item
Good Quality
Convenient to Use
Durable and Safe
Keep Memory Sage
Great Design With Creativity
Perfect Gift for Any Occasion
Modern and Stylish Design
Size: (7""x7"") /(18cmx18cm) 3r photo
Top Sales Item
Color: As the picture shown
A Gift Item
Made in China",Mirrors and Frames,Y,mirror,sage,180555435,1121816422,180555435-1617110290550-0
VL-083,"Ship Style Photo Frame with Clock for Study Table, Photo Frame Collages with Clock, 45 Gram, Multicolor, Pack of 1","Ship Style Photo Frame with Clock for Study Table, Photo Frame Collages with Clock, 45 Gram, Multicolor, Pack of 1
_x000D_
This Beautiful Clock With Small Photo Frame From AASA Will Definitely Decoration Your Home Décor
_x000D_
It looks very attractive and Eye Catching. Its design makes it look Unique
_x000D_
SUPERB UNIQUE GIFT : For Religious Function, House warming, Office, Shop Inauguration, Festive occasions - Like Diwali , Grah pravesh and Corporate Gifts Marriage Anniversary, Wedding Return Gift, Birthday, New Year Gift.
_x000D_
HANDLING USE: This Decorative Figures can be used as Drawing, For Living Room Interior Decoration Showpieces, Table & Showcase Spiritual & Festive Decor Items.
_x000D_
Photo frame picture can be changed easily, Perfect accompaniment to any table
_x000D_",Table and Alarm Clocks,Y,clock,gold,180559588,1121827392,180559588-1617115265782-0
VL-084,Alarm Clock/Twin Bell Table Clock - Loud Alarm Clock - Stylish Timekeeping for Home Office & Students - Vintage Retro Classic - wall clock,"The seller offers a wide selection of products from renowned brands in Bangladesh with a promise of fast, safe and easy online shopping experience through Daraz. The seller comes closer to the huge customers on this leading online shopping platform of all over Bangladesh and serving to the greater extent of achieving higher customer satisfaction. The brands working with Daraz are not only serving top class products but also are dedicated to acquiring brand loyalty.",Table and Alarm Clocks,Y,clock,clay,180566355,1663743596,180566355-1697781831689-0
VL-085,"Explore The Bronze Perfect Kids' Bedroom Alarm Clock - A Heavy Copper Twin Bell Alarm Clock, The Ideal Choice For Students' Bedrooms - wall clock","Brass Perfect for Heavy Copper Alarm Clock for Student for Kids Bedroom Alarm Clocks for Heavy Sleepers Alarm Clocks for Students Alarm Clock for Bedroom Twin Bell Alarm Clock
Alarm Clock for Home/Offices/Bedroom/Living Room/Kitchen Alarm Clock Table Desk wall haing clock timer
Classic analogue display and a classic-themed exterior gives it an undeniable classic charm.
Very loud twin bell alarm makes sure its functionality is at maximum.Mini and cute design, Convenient to carry. Traditional shape, also suits for desk decor
Metal case and glass cover to protect the inner mechanisms of the clock, making it highly durable.
Love your life, love yourself. it Protects you from harm of radiation, with this beside alarm clock, no need to set alarm anymore in your mobile, you can keep your mobile away when you are sleeping.
Item Dimensions LxWxH 13cm x 9cm x 5cm",Table and Alarm Clocks,Y,clock,sand,180569354,1121834105,180569354-1617116156433-0
VL-086,25 cm Blue Ocean World Globe Map With Swivel Stand Geography Educational Toy Gift,"Matériel: PVC (chlorure de polyvinyle) + PS (polystyrène)
Vision omnidirectionnelle à 360 degrés
Découvrez le monde à portée de main
Un globe terrestre de bureau simple, informatif et éducatif, magnifiquement agencé dans un éventail de couleurs vives. Développez votre perspective et améliorez votre connaissance de notre terre et de sa géographie
Il dispose d'une cartographie à jour, des océans bleus vibrants et des terres émergées colorées avec des frontières politiques. Le globe est tenu par un méridien complet monté sur une base de couleur argentée durable
Parfait pour la maison, l'école et le bureau. Idéal pour les enfants et les adultes de tous âges",Home Decor and Showpieces,Y,vase,peach,180639929,1121923965,180639929-1617173062474-0
VL-087,Crystal cherry car perfume seat car car interior jewelry accessories creative female de-odor,"Material: K9 Crystal cherry + metal branch. Cherry is solid and translucent. High quality without bubbles, never fade
Specification: 83mm (3.3"") in length, 80mm (3.1"") in height. 182g (6.4 oz).
A symbol of happiness and vitality, also symbol of cherishing each other.
Decoration ornaments: The cherry figurine will be a great centerpiece ornaments of wedding, party, celebration, as well as decor your home, office etc.
Gift idea: crystal cherry figurine packed in a beautiful gift box, ready for as a Christmas/birthday/ Valentine's Day/Anniversary gift for your friend, mom, wife, girlfriend, daughter, teacher or any one you are care.",Home Decor and Showpieces,Y,vase,sage,180771673,1122062287,180771673-1617245675938-0
VL-088,Miyako Sandwich Maker SW-87AMR,"Compact storage
Non-stick coating
Stand upright
Pilot lamp
Easy cleaning
Overheat safety protection
Thermostatically controlled
Miyako Sandwich Maker SW-87
220-240 V / 50~60 Hz / 750W",Cookware and Kitchen,N,vase,gold,180776155,1122049461,180776155-1617209196047-0
VL-089,Sandwich Maker Miyako SW-87AMR,"Compact storage
Non-stick coating
Stand upright
Pilot lamp
Easy cleaning
Overheat safety protection
Thermostatically controlled
Miyako Sandwich Maker SW-87
220-240 V / 50~60 Hz / 750W",Cookware and Kitchen,Y,vase,clay,180776173,1122056067,180776173-1617209542329-0
VL-090,Miyako Sandwich Maker,"Compact storage
Non-stick coating
Stand upright
Pilot lamp
Easy cleaning
Overheat safety protection
Thermostatically controlled
Miyako Sandwich Maker SW-87
220-240 V / 50~60 Hz / 750W",Cookware and Kitchen,Y,vase,sand,180777141,1122046626,180777141-1617209367689-0
VL-091,Sandwich Maker,"Compact storage
Non-stick coating
Stand upright
Pilot lamp
Easy cleaning
Overheat safety protection
Thermostatically controlled
Miyako Sandwich Maker SW-87
220-240 V / 50~60 Hz / 750W",Cookware and Kitchen,Y,vase,peach,180777155,1122039828,180777155-1617209650437-0
VL-092,Crystal Cherry Figurine Glass Fruit Status Paperweight Home Decor Ornaments Tabletop Centerpiece - Multicolor,"Material: K9 Crystal cherry + metal branch. Cherry is solid and translucent. High quality without bubbles, never fade
Specification: 83mm (3.3"") in length, 80mm (3.1"") in height. 182g (6.4 oz).
A symbol of happiness and vitality, also symbol of cherishing each other.
Decoration ornaments: The cherry figurine will be a great centerpiece ornaments of wedding, party, celebration, as well as decor your home, office etc.
Gift idea: LONGWIN crystal cherry figurine packed in a beautiful gift box, ready for as a Christmas/birthday/ Valentine's Day/Anniversary gift for your friend, mom, wife, girlfriend, daughter, teacher or any one you are care.",Home Decor and Showpieces,N,vase,sage,180777438,1122056455,180777438-1617244229590-0
VL-093,Crystal Cherry Figurine Glass Fruit Status Paperweight Home Decor Ornaments Tabletop Centerpiece - Multicolor,"Material: K9 Crystal cherry + metal branch. Cherry is solid and translucent. High quality without bubbles, never fade
Specification: 83mm (3.3"") in length, 80mm (3.1"") in height. 182g (6.4 oz).
A symbol of happiness and vitality, also symbol of cherishing each other.
Decoration ornaments: The cherry figurine will be a great centerpiece ornaments of wedding, party, celebration, as well as decor your home, office etc.
Gift idea: LONGWIN crystal cherry figurine packed in a beautiful gift box, ready for as a Christmas/birthday/ Valentine's Day/Anniversary gift for your friend, mom, wife, girlfriend, daughter, teacher or any one you are care.",Home Decor and Showpieces,N,vase,gold,180777441,1122051745,180777441-1617244365098-0
VL-094,"Crystal cherries, beautiful crystal crafts, home desktop decoration gifts, mascots","Material: K9 Crystal cherry + metal branch. Cherry is solid and translucent. High quality without bubbles, never fade.
Specification: 83mm (3.3"") in length, 80mm (3.1"") in height. 182g (6.4 oz).
A symbol of happiness and vitality, also symbol of cherishing each other.
Decoration ornaments: The cherry figurine will be a great centerpiece ornaments of wedding, party, celebration, as well as decor your home, office etc.
Gift idea: LONGWIN crystal cherry figurine packed in a beautiful gift box, ready for as a Christmas/birthday/ Valentine's Day/Anniversary gift for your friend, mom, wife, girlfriend, daughter, teacher or any one you are care.
Warranty not applicable for this product",Home Decor and Showpieces,Y,vase,clay,180782195,1122052678,180782195-1617244910743-0
VL-095,"Measures approx:2.2*2.2*2.4 NW:180g material: k9 glass crystal ,metal","Measures approx:2.2*2.2*2.4 NW:180g material: k9 glass crystal ,metal
Crystal Figurines Collctiable Paperweight
Good quality,Great gift for any occassions
This product was shipped by Waltz&F Send with gift box
Ideal for bedroom,home,bars,cafes,restaurants,wedding,christmas,party and other romantic places",Home Decor and Showpieces,N,vase,sand,180782299,1122070020,180782299-1617246381287-0
VL-096,Crystal Glass Apple Paperweight Craft Decor (Apple-Set of 3),"Measures approx:2.2*2.2*2.4 NW:180g material: k9 glass crystal ,metal
Crystal Figurines Collctiable Paperweight
Good quality,Great gift for any occassions
This product was shipped by Waltz&F Send with gift box
Ideal for bedroom,home,bars,cafes,restaurants,wedding,christmas,party and other romantic places",Home Decor and Showpieces,N,vase,peach,180794080,1122079133,180794080-1617251313115-0
VL-097,"Ansari Crafts Brown Wooden Desk Organizer/Table Storage Organizer Box, For Office","Colour : Brown
Matarial : Wooden
Made In China
High Quality Product
You can get the product from our office
Home delivery is also available
You can get the product within 'three' working days after confirmation of the order by our customer care representative
You can pay online from your card or Bank Account Cheque
Once the product is purchased,it will not be refundable
Your booking does not always guarantee product delivery
Product delivery is entirely subjected to availability of stock
Color of the products may slightly vary due to photography, lighting sources or your monitor setting/ PC resolution
Product delivery may be interrupted or delayed due to natural disaster or incase of political unrest
If the delivery location is outside of Dhaka city, advance payment is a requirement
Stock is limited!",Office and Stationery,Y,vase,sage,180805886,1122100350,180805886-1617259775753-0
VL-098,"TRANBO Plastic File Folder with 12 Pockets, Handle, Index Tab, A4 Size, (Multicolor)","Multiple Pockets- TRANBO's file folders for documents is an essential piece of file folder expanding organizer that can hold all your important letters, papers, and documents. This accordion folder keeps your papers organized and ready for retrieval without hassle.
Multi-Tiered Tabs- File Folders for documents of this sort come with multi-tiered tabs or name-tagging sections within the folder to help you identify and remove your documents with ease. So whether you use this file folder for certificates or as a file folder expanding type, accessing your document will be extremely easy for you.
Durability- Made of durable poly material that is both water and tear-resistant; these file folders for documents are as lightweight and long-lasting as you can possibly imagine. This attribute makes it a must-have file folder expanding whether you use it at home, school, or office.
Buckle Closure for Safety- The easy buckle closure feature of this A4 file folder ensures the safety of the documents kept inside. TRANBO gives you more options for this document storing organizer with a 13 pocket file folder version as well. You can easily carry a large number of important documents safely and securely.
Great Organizer- This nifty file folder for documents lets you organize all manner of papers and documents thanks to its multiple pockets and tab inserts for easy classification and retrievals. Whether you are a student, office goers, lawyers, or anyone who needs to carry important papers safely, it is an essential stationery supply to have.",Office and Stationery,Y,vase,gold,180806844,1122100460,180806844-1617260836386-0
VL-099,Baby Bedding Set with Mosquito Net & Pillow – Comfortable Newborn Bed in Multiple Colors - Pink,"Product Type: Bed with Mosquito Net and Pillow
Color:Pink, Multi-Color(Randomly)
Mosquito net fabric design or print may vary slightly depending on stock availability. Quality will remain the same.
Good Quality Product
Soft & skin-friendly fabric
For Baby.
Easy to fold and carry
Approx. size: 28 × 18.5 inches (±1.5 inches)
Note: Actual size may vary by ±1.5 inches due to manual cutting and finishing.",Home Textiles and Bedding,N,vase,clay,180812887,1663687213,180812887-1690816129889-1
VL-100,Baby Bedding Set with Mosquito Net & Pillow – Comfortable Newborn Bed in Multiple Colors - Multicolor,"Product Type: Bed with Mosquito Net and Pillow
Color:Pink, Multi-Color(Randomly)
Mosquito net fabric design or print may vary slightly depending on stock availability. Quality will remain the same.
Good Quality Product
Soft & skin-friendly fabric
For Baby.
Easy to fold and carry
Approx. size: 28 × 18.5 inches (±1.5 inches)
Note: Actual size may vary by ±1.5 inches due to manual cutting and finishing.",Home Textiles and Bedding,N,vase,sand,180812887,1663687212,180812887-1617263164608-0
VL-101,Ngel Super Hero Dance Hero I Bumblebee Dancing Light and Music Figure Revenge Robot Toy,"The Robot Toy act in very cute manner!
Dance Hero dance in funny way accompany with fun songs!
It can dance vividly wave his hands move left and right to follow the music.
The arm can swing and down feet can move left and right.
Collect all of them and pay less!
Batteries: 3AA batteries required
Colorful Light!
Recommended Age : 3+ years
Gender: Unisex
Material: Plastic
Color: Multicolor
Product size: 7.48 x 3.94 x 7.48 inches
Product size: 19 x 10 x 19 cm
Weight: 258 gm",Toys and Games,Y,vase,peach,180822126,1122104373,180822126-1617260356382-0
VL-102,Extendable Wooden Desk Organiser - Customized with Logo,"A changeable hero:remote control holder,cell phone holder,ipad holder,makeup organizer,desk organizer……，Wherever needed(living room, bedroom, office, etc.)，it will be there.
A beautiful girl: wearing a wood grain coat, classical and simple! Moderate stature, generous shape, Stand gracefully erect.
Made of advanced MDF, the structure is stable and durable! It goes well with your furniture and brings out the best in each other.
It has multiple compartments and a drawer, which can meet your various storage requirements. Dimensions are shown in Fig.2. Items may be smaller than the picture looks, Please check them carefully!
We pay great attention to the quality of products. If you have any questions during the use, please contact us. We will actively solve your problems.(Even a full refund)",Office and Stationery,Y,vase,sage,180823885,1122118687,180823885-1617266094719-0
VL-103,"Portable Multi Function Powerful Rechargeable Battery Operated Personal High Speed Small Fans with LED Light,Table Fan, Home, Office,Study, Desk (Multi Colour)","Portable 3 Gear Speed 4.5W Cooling Fan Mini USB 3.7V LED Fan Li-ion 2200mAh Battery Rechargeable Multifunctional Fan Standard USB interface, can mix and match digital devices, such as desktop computers, laptops, USB connector, car charger and so on Plug and play Superior quality: the mini fans is unique and fashionable. Using 4.5 w brushless motor industrial fan make sure the high winds and long-life. With intelligent control system reliable performance the fans are fully functional and easy operation With re-chargeable battery lasts upto 2-3 hours (depending upon the speed) three speed settings Extremely strong built Length - 5 Inches Breadth- 4.21-inch Intelligent control system, reliable performance, which is fully functional and easy operation. Product needs to be charged for 2hours before use",Appliances and Tools,N,vase,gold,180955854,1122291844,180955854-1617374667937-0
VL-104,E39264-DELI CALCULATOR 14 DIGI T 150STEPS,"Metal
225×146.5×38.5mm
14digits
Big and clear display
Metal panel
Tax set and calculation function
Acrylic screen cover",Office and Stationery,N,vase,clay,180957971,1122289920,180957971-1617377808330-0
VL-105,"Rotating remote control holder, pen holder for desk,Wooden remote storage Organizer,TV remote control caddy@YCL872R Pen container","Luxurious wooden remote holder: Wood grain texture, exquisite inner restraint, show high quality design style.
Desktop storage: you can put 6 TV or Air conditioning remote control.
Tidy up the desk: you can put pens, sticky notes, rulers and other small stationery
Dimensions (L X W X H): 4.61X5.01X 4.53.12 inch.The whole is divided into 4 compartments, 2 large and 2 small. which are convenient for all kinds of supplies.Please check the size of the product (Fig. 2)!
We are so confident with the quality of our products and we are so sure you will love this Remote Control Holder. But if you have any questions, please contact customer service or us anytime, thank you!",Office and Stationery,Y,vase,sand,180965950,1122318384,180965950-1617426058015-0
VL-106,"ofixo paperweight globe design acrylic paper weight with globe inside, great piece for desk decor.- Multi color","Square Shape Crystal Clear WIth Globe Inside
3D Laser Design can be Viewed from All Sides
All the information is accurate and correct. The product is approved .
The political boundaries and named places contained on the globe are current and updated with each production cycle, ensuring you receive the most updated product available",Office and Stationery,Y,vase,peach,180967810,1122318086,180967810-1617418594102-0
VL-107,Rivet Hand Riveter HR-702 And Heavy Duty Rivet,"Suitable for single handed application and made from quality steel with comfortable handles.
Provides a rigid permanent fixing and suitable for use with 2.4, 3, 4, or 5mm diameter rivets.
Easy To Use
Two-Jaw Design
Handle with Powder surface
Jaw & Jaw Case made of Chrome Steel
Jaw & Jaw Case are Heat Treated
Size:10""
Length: 10¼in or 25cm",Appliances and Tools,Y,vase,sage,180968787,1122314406,180968787-1617422176364-0
VL-108,Paper Weight Globe - Multicolor,"Globe Paper Weight for Desk Usage.
This paper weight consist an attractive globe inside of an acrylic cube/ Cylinder.
This paper weight will give your desk a flavor of globalization.
Size: 60mm x 60mm x 60mm
Paperweight Color: Clear
Image/Advart: Globe
Available Design: Cylinder, Cube.
Units of measure: Each",Office and Stationery,Y,vase,gold,180969753,1660141697,180969753-1697254170844-0
VL-109,Led Light Multi Function Powerful Rechargeable Table Desk Fan - (MULTI COLOUR) Assorted,"Product details of Led Light Multi-Function Powerful Rechargeable Table Desk Fan - Assorted Product brief Info: 1. Fan used only had a longer life up to 8 hrs. 2. As well LED light can be used for 8 hrs. 3. LED Light and Fan at the same time can be used up to 4 hrs. 4. Rechargeable - charging time is 8 - 12 hrs. 1 pcs strong light LED make the lamp brighter, Province with electricity, full-featured, user-friendly, green environment-friendly new products Rechargeable led lamps can be used 8 hours or so, Fan use up to 8 hours or more, LED lights and fan at the same time about the use of up to 4 hours",Appliances and Tools,Y,vase,clay,180970237,1122291814,180970237-1617372677305-0
VL-110,Paper Weight Globe - Multicolor,"Globe Paper Weight for Desk Usage.
This paper weight consist an attractive globe inside of an acrylic cube/ Cylinder.
This paper weight will give your desk a flavor of globalization.
Size: 60mm x 60mm x 60mm
Paperweight Color: Clear
Image/Advart: Globe
Available Design: Cylinder, Cube.
Units of measure: Each",Office and Stationery,Y,vase,sand,180970595,1660147243,180970595-1697253360163-0
VL-111,"Diamond Shaped Crystal Paperweight, Clear Crystal Diamond Jewel Paperweight Sparkling Glass Gem Centerpieces Decoration with Gift Box for Home Office Wedding Decor - Multicolor","Radiant, faceted clear diamond shaped paperweight
Clear color
No assembly required
Overall: 3.25 in. dia. x 2 in. H (1 lbs.)
This diamond shaped paperweight will add beauty to any desk, and can be given as a favor for any special occasion",Gifts and Seasonal,N,vase,peach,180972658,1560915009,180972658-1697777869279-0
VL-112,"Collectible  Metal & Crystal Taj Mahal Showpiece, Medium, Multicolour - Multicolor","Taj Mahal '' in India is one amongst The Seven Wonders of The World. It is an Amazing Crystal made Show piece with Mirror effects.Very Unique for decoration purpose. Made of metal with crystal base.
Size: Length 8cmx Width 8cm x Height 10cm Weight : 450 Grams Material: Metal and Crystal.
It is an Amazing Crystal made Show piece with Mirror effects..
Valentines Gifts For Girlfriend-Boyfriend Cushion Cover With Filler Is A best Gift For Expressing Love To Your Men, Women, Wife, Husband, Spouse, Fiance, Couple , Girls, lover , love, cute , couples , newlywed On Valentine'S Day, Anniversary, happy Birthday special presents.
Gift Suggestion:- gifts for girls, gifts for boyfriend combo, gift for husband special unique, gifts for wife, cushion, gift for girls, gift for boys-men, gifts for him.",Home Decor and Showpieces,Y,vase,sage,180972723,1854570675,180972723-1617428684184-0
VL-113,"Diamond Shaped Crystal Paperweight, Clear Crystal Diamond Jewel Paperweight Sparkling Glass Gem Centerpieces Decoration with Gift Box for Home Office Wedding Decor - Multicolor","Radiant, faceted clear diamond shaped paperweight
Clear color
No assembly required
Overall: 3.25 in. dia. x 2 in. H (1 lbs.)
This diamond shaped paperweight will add beauty to any desk, and can be given as a favor for any special occasion",Office and Stationery,Y,vase,gold,180973517,1558993320,180973517-1697440939728-0
VL-114,DELI 39264 CALCULATOR 14 DIGI T 150STEPS (MODEL - E39264),"Metal
Size : 22.5 cm × 14.6 cm × 4 cm ( 8.86 inch x 5.77 inch x 1.57 inch)
14digits
Big and clear display
Metal panel
Tax set and calculation function
Acrylic screen cover",Office and Stationery,N,vase,clay,180974164,1122294860,180974164-1617378078420-0
VL-115,"80mm Faceted Crystal Ball, Clear Prism Sphere Glass Sphere Ball Water Prism Clear Cut Translucent Faceted Gazing Ball for Office Home Hotel Decor","Made of high quality K9 crystal material for durable use; Glittering and translucent.
Every glass cutting face all cut by diamond, every detail perfect.
Diameter: 80mm/ 3.15inch; Great gift for your friends, family, colleagues, etc.
Translucent sphere in dreamy style, great prismatic rainbows from this crystal.
Perfect for any type of projects, wedding display, hanging crystals, photography, home/ hotel decor, gift, etc.",Home Decor and Showpieces,Y,vase,sand,180974450,1122317351,180974450-1617426895434-0
VL-116,Air Compressor Air Duster GunCompressed Air BlowGun Air Nozzle Blower Air Clean Up Tool Duster BlowerGun Air BlowGun,"Made of high quality alloy material, sturdy, safe and durable, giving the tool a lifetime free of the long abuse.
The thin and long nozzle design can spray quickly, and the narrow flow can shoot in the deep hole and narrow slot, and access to hard-to-reach areas.",Appliances and Tools,Y,vase,peach,180975327,1122303804,180975327-1617422659311-0
VL-117,Deli 120 steps check function Tax Calculator Business office finance destop 12 digit dual power solar Black EM01020,"Brand: Deli (M01020)
Color: Black
Metarial: Plastic
Quantity: 1pc
120-check function
TAX function
Solar & battery dual power supply for long service life
Big Screen (125 mm)
100% Original Product Guranteed
12-digit tax calculator with big and clear screen display for convenience usage",Office and Stationery,Y,vase,sage,180980033,1122297713,180980033-1617378949916-0
VL-118,Deli Calculator M19810 - Black and White,"_x000D_
_x000D_
100% Original Product Guranted
_x000D_
Size: 153.5×120.4×29.8MM
_x000D_
Material: Metal
_x000D_
Digits: 12digits
_x000D_
Power: Dual power
_x000D_
Extra Functions: Check function
_x000D_
Other Spec.: GT,%Auto power off
_x000D_
_x000D_",Office and Stationery,Y,vase,gold,180980098,1122312019,180980098-1617384576977-0
VL-119,Deli Calculator M01010 - White,"Colour: White
Quantity: 1pc
12digits
Dimension: 150.2×160.4×33mm
Material: Plastic
Packaging: Peggable box
Dual power (Button battery)
120 steps check functionAuto replay
Tax function
GT,%√￣cut.up.4/5 ADD23 Memory keyAuto power off
Country of origin: China",Office and Stationery,Y,vase,clay,180981037,1122299786,180981037-1617384143494-0
VL-120,Handmade Crystal Glass New Model Honda Car HOME DECOR,"Handcrafted in the USA from the World's Finest, Full-Cut, Faceted Crystal.
Designed by renowned CRYSTAL WORLD Artist, Tom Suzuki.
A perfect gift for car lovers, crystal collectors and nostalgic collectors.
Brand new! 5-3/4"" width. Gift boxed.
Free Ground Shipping & Handling!",Home Decor and Showpieces,Y,vase,sand,180983105,1122311748,180983105-1617427961997-0
VL-121,"Diamond Shaped Crystal Paperweight, Clear Crystal Diamond Jewel Paperweight Sparkling Glass Gem Centerpieces Decoration with Gift Box for Home Office Wedding Decor - Multicolor","Radiant, faceted clear diamond shaped paperweight
Clear color
No assembly required
Overall: 3.25 in. dia. x 2 in. H (1 lbs.)
This diamond shaped paperweight will add beauty to any desk, and can be given as a favor for any special occasion",Office and Stationery,N,vase,peach,180984058,1556280425,180984058-1697254483150-0
VL-122,8 Digits Deli E7508 Deli Numbering Machine Very clear number marking with integrated ink pad E7508,"Name DELI 7508
Code 6921734975089
Type Standard
Brand Deli
Category Stamp
subcategory Readymade
Tax Rate Product Tax
Tax Method Exclusive
Unit Pcs (01)",Office and Stationery,Y,vase,sage,180996834,1122394937,180996834-1617469715051-0
VL-123,2 PCS Reap Aluminum Name Badge Holder Vertical ID Card holder,"Model Number: 6851S
Brand Name: Reap
Type: Badge Holder
Material: Aluminum
Wholesale: Available
Package Include: 1 badge holder (without strap/belt)
Product Size: 60*98
Paper Size: 54*85mm
Custom Logo Print: Available",Office and Stationery,Y,vase,gold,181000883,1122405661,181000883-1617499711033-0
VL-124,"Rotating pen holder for desk,Wooden Organizer Pen container - Multicolor","Luxurious wooden remote holder: Wood grain texture, exquisite inner restraint, show high quality design style.
Tidy up the desk: you can put pens, sticky notes, rulers and other small stationery
Dimensions (L X W X H): 122 x 127 x 126 mm.The whole is divided into 4 compartments, 2 large and 2 small. which are convenient for all kinds of supplies.Please check the size of the product (Fig. 2)!
We are so confident with the quality of our products and we are so sure you will love this Remote Control Holder. But if you have any questions, please contact customer service or us anytime, thank you!",Office and Stationery,Y,vase,clay,181000988,1122411561,181000988-1617508072057-0
VL-125,24-Piece Stainless Steel Cutlery Set with Stand WR4000-24PL,"Material: Stainless Steel, Color: Silver
Contents: 6 pieces each of Spoons, Forks, Tea spoons and Knives
It is not react to food. Elegant and innovative design. Long term valuable product
Made from food grade stainless steel which prevents rusting. Hygenic and bacteria resistant. High gloss finish is easy to clean
Smooth edges for safety. It does not break, crack, stick or melt even after years of heavy use.",Tableware and Serving,N,vase,sand,181006830,1122429030,181006830-1617516440545-0
VL-126,Deli 10 Digit Automatic Numbering Machine - 7510,"Brand: Deli
Model Number: 7510
Type: Labels, Indexes & Stamps
Print: 10 Digit
Material: Stainless Steel and Plastic
Font Size: 45 mm
Color: Silver
Details: A range of automatic numbering machines in a solid steel body, with an ergonomic handle. Equipped with a transport blockade. Two replaceable ink refills and an additional refill in every set.",Office and Stationery,Y,vase,peach,181008334,1122388970,181008334-1617470796011-0
VL-127,6 PCS Reap 6851S Vertical Name badge holder Aluminum Alloy Business Card Badge Holder,"Model Number: 6851S
Brand Name: Reap
Type: Badge Holder
Material: Aluminum
Wholesale: Available
Package Include: 1 badge holder (without strap/belt)
Product Size: 60*98
Paper Size: 54*85mm
Custom Logo Print: Available",Office and Stationery,Y,vase,sage,181008499,1122402966,181008499-1617499355164-0
VL-128,4 Lamps of Tiffin Carrier in Square,"Product Typ: Nil/Komol 4 Bati Lunce Pot
Made From Best Quality Bangladesh Melamine.
Insulated With The Best Quality Insulating Material
Which Guarantees A High Thermal Rating
Hygienic, Odourless, Durable and Virtually Unbreakable
Good Quality",Bottles and Lunch Boxes,Y,vase,gold,181010600,1122424142,181010600-1617511064830-0
VL-129,"Remote Control Organizer with Drawer, Makeup Organizers,Office Pencil Holder for Desk,Wooden Multifunctional Tabletop Storage case YCL828","Remote control holder/caddy: you can put TV /air conditioning remote control.
Cosmetic storage：Compartments and drawer,perfectly organize all cosmetics in one place.
Office organizer：Put all stationery together, greatly save the work space, clean the desk.
Dimensions (L X W X H): 6.4X5.4X6.5 inches.Detailed sizes are shown in Fig.2 and Fig.7 ! The upper part is divided into 5 compartments, with a small drawer in the lower part. To store all kinds of daily necessities!
We are committed to making high-quality products! If you feel good, please recommend it to your relatives, friends and other customers. If there are any deficiencies, please contact us,we will listen to your opinions and demands.",Office and Stationery,Y,vase,clay,181011489,1122409609,181011489-1617509556560-0
VL-130,Deli 7506 automatic numbering machine 6 digit manual coding tumarking 2 bit 3 bit paper this book page marking Is,"Name DELI 7506
Type Standard
Brand Deli
Category Stamp
subcategory Readymade
Tax Rate Product Tax
Tax Method Exclusive
Unit Pcs (01)",Office and Stationery,Y,vase,sand,181013058,1122397954,181013058-1617470202263-0
VL-131,1 PCS Reap Aluminum Name Badge Holder Vertical ID Card holder,"Model Number: 6851S
Brand Name: Reap
Type: Badge Holder
Material: Aluminum
Wholesale: Available
Package Include: 1 badge holder (without strap/belt)
Product Size: 60*98
Paper Size: 54*85mm
Custom Logo Print: Available",Office and Stationery,Y,vase,peach,181014226,1122407396,181014226-1617498901328-0
VL-132,Educational Computer ABC and 123 Learning Kids Laptop with LED Display and Music,"Learn Numbers from 1 to 10 Learn Alphabets from A to Z
Learn Words, Listen to Songs and melodies and much more... Clear LED Display. Great educational toy for kids
Activity range from basics like alphabetical learning, writing words, spelling missing latter
Great educational toy for kids Best Education Toy For Kids ideal for gift",Toys and Games,Y,vase,sage,181020097,1122427058,181020097-1617514650272-0
VL-133,Antique Skeleton quartz analogue type wall mounted clock,"Retro design: The retro design makes your living room or indoor decoration full of mystery, exquisite workmanship, delicate texture, and improve the quality of home decoration.
Easy read: The number of moments on the clock face uses the universal Numeral, so you can instantly know the current time and grasp your every second trip.
Perfect decoration: This desk clock is the perfect decoration for your home decoration, living room, kitchen, study, bedroom office, hotel and more.
Size: 25cm x 7cm",Wall Clocks,Y,clock,gold,181058639,1122546609,181058639-1617647787843-0
VL-134,"Elegant, Traditional, Decorative, Hand Painted Modern Grandfather Wall Clock Fancy Ethnic Luxury Handmade Decoration, Swinging Pendulum for New Room or Office. Large. 29.5 Inch. coloured gaze gold - Glaze gold","Polyresin, Plastic
EYE-CATCHER DESIGN ►If you are tired of boring wall or want to have more fun for life, then this Unique product will satisfy you. Brilliant geometrical design, Classic style and mature craftsmanship, this decorative clock will be striking accents outdoors or in.
HIGH-QUALITY MATERIALS ►Polyresin and polymers (PLASTIC) With Glass Front Cover. Retro looking Polyresin wall clock in antique and modern colors. This clock is crafted of metal-look resin that won't rust. Made with fade-resistant, long lasting materials. The combination of handmade and polyresin creates extraordinary artistic charm.
HIGH-QUALITY QUARTZ MOVEMENT ►Modern quartz movement for precision; reliability. The silent clock movement prevents the clock from annoying ticking sound to provide you a noiseless environment to sleep and work. Besides, the high quality clock movement also guarantees the smooth movement of clock hands, thus ensuring better time accuracy and longer working life.
UNIQUE FANCY HOME DECORATION ►15-inch clock face diameter; 29.5-inch full length (With Pendulum). Try it for a vivid addition to inspire an Artistic atmosphere, make your life comfortable and relaxed, it's also a wonderful gift to your family and friends.
MANUFACTURER WARRANTY ►Powered by Two AA Carbon battery ( not included ). You won't worry about a fault of the clock.We assured you 90-day full refund if faulty.
color : coloured gaze gold",Wall Clocks,Y,clock,clay,181067183,1555759378,T172054-Glaze gold
VL-135,"Elegant, Traditional, Decorative, Hand Painted Modern Grandfather Wall Clock Fancy Ethnic Luxury Handmade Decoration, Swinging Pendulum for New Room or Office. Large. 29.5 Inch. coloured gaze gold - Gold","Polyresin, Plastic
EYE-CATCHER DESIGN ►If you are tired of boring wall or want to have more fun for life, then this Unique product will satisfy you. Brilliant geometrical design, Classic style and mature craftsmanship, this decorative clock will be striking accents outdoors or in.
HIGH-QUALITY MATERIALS ►Polyresin and polymers (PLASTIC) With Glass Front Cover. Retro looking Polyresin wall clock in antique and modern colors. This clock is crafted of metal-look resin that won't rust. Made with fade-resistant, long lasting materials. The combination of handmade and polyresin creates extraordinary artistic charm.
HIGH-QUALITY QUARTZ MOVEMENT ►Modern quartz movement for precision; reliability. The silent clock movement prevents the clock from annoying ticking sound to provide you a noiseless environment to sleep and work. Besides, the high quality clock movement also guarantees the smooth movement of clock hands, thus ensuring better time accuracy and longer working life.
UNIQUE FANCY HOME DECORATION ►15-inch clock face diameter; 29.5-inch full length (With Pendulum). Try it for a vivid addition to inspire an Artistic atmosphere, make your life comfortable and relaxed, it's also a wonderful gift to your family and friends.
MANUFACTURER WARRANTY ►Powered by Two AA Carbon battery ( not included ). You won't worry about a fault of the clock.We assured you 90-day full refund if faulty.
color : coloured gaze gold",Wall Clocks,Y,clock,sand,181067183,1492145098,181067183-1692145044230-2
VL-136,"Elegant, Traditional, Decorative, Hand Painted Modern Grandfather Wall Clock Fancy Ethnic Luxury Handmade Decoration, Swinging Pendulum for New Room or Office. Large. 29.5 Inch. coloured gaze gold - Multicolor","Polyresin, Plastic
EYE-CATCHER DESIGN ►If you are tired of boring wall or want to have more fun for life, then this Unique product will satisfy you. Brilliant geometrical design, Classic style and mature craftsmanship, this decorative clock will be striking accents outdoors or in.
HIGH-QUALITY MATERIALS ►Polyresin and polymers (PLASTIC) With Glass Front Cover. Retro looking Polyresin wall clock in antique and modern colors. This clock is crafted of metal-look resin that won't rust. Made with fade-resistant, long lasting materials. The combination of handmade and polyresin creates extraordinary artistic charm.
HIGH-QUALITY QUARTZ MOVEMENT ►Modern quartz movement for precision; reliability. The silent clock movement prevents the clock from annoying ticking sound to provide you a noiseless environment to sleep and work. Besides, the high quality clock movement also guarantees the smooth movement of clock hands, thus ensuring better time accuracy and longer working life.
UNIQUE FANCY HOME DECORATION ►15-inch clock face diameter; 29.5-inch full length (With Pendulum). Try it for a vivid addition to inspire an Artistic atmosphere, make your life comfortable and relaxed, it's also a wonderful gift to your family and friends.
MANUFACTURER WARRANTY ►Powered by Two AA Carbon battery ( not included ). You won't worry about a fault of the clock.We assured you 90-day full refund if faulty.
color : coloured gaze gold",Wall Clocks,Y,clock,peach,181067183,1492145100,181067183-1692145044232-4
VL-137,Vintage Metal Wall Clock Pendulum Brown Decorative Carved Rustic - Multicolor,"Style : Vintage, Decorative
Material : Glass, Metal, Abs Plastic
Feature : Pendulum
Suggested : Room FitLiving Room, Restaurant, Dining Room
Battery Type : AA Battery
Width : 13""(33cm)
Movement Type : Sweep Type
Color : Brown
Dial Material : Metal
Battery Included : Not included
Height : 23.6""(60cm)
Dial Diameter : 9.4""(24cm)
Shape : Round
Installation Type : Hanging
Finish : Painting",Wall Clocks,N,clock,sage,181118192,1122635059,181118192-1617765560611-0
VL-138,Vintage Metal Wall Clock Pendulum Brown Decorative Carved Rustic - Multicolor,"Style : Vintage, Decorative
Material : Glass, Metal, Abs Plastic
Feature : Pendulum
Suggested : Room FitLiving Room, Restaurant, Dining Room
Battery Type : AA Battery
Width : 14""(36cm)
Movement Type : Sweep Type
Color : Brown
Dial Material : Metal
Battery Included : Not included
Height : 28.""(71cm)
Dial Diameter : 10""(25cm)
Shape : Round
Installation Type : Hanging
Finish : Painting",Wall Clocks,N,clock,gold,181118225,1122638155,181118225-1617771013945-0
VL-139,Desk Pen 0.5mm Gel Pen Business Black Desk Counter Table Gel pens for bank Elegant plastic pen for writing Office Stationery - Multicolor,"Deli Desk Pen 0.5mm Gel Pen Business Black Desk Counter Table Gel pens for bank Elegant plastic pen for writing Office Stationery
_x000D_
Brand Name: Deli
_x000D_
Erasable Or Not: No
_x000D_
Gel Pen Item: Writing supplies
_x000D_
Gel Pen's Ink Type: Gel-Ink
_x000D_
Material: PLASTIC
_x000D_
Model Number: 6796
_x000D_
Type: Gel Pen
_x000D_
Use: Office & School Pen
_x000D_
Writing Point: 0.5mm
_x000D_
Reception Smiley Desk Pen
_x000D_
Suitable for desks and counters with 180 degrees rotation capacity
_x000D_
Contains adhesive pads to lock on any desk and a plastic cord that can extend up to 2 metres
_x000D_
Colour: Black
_x000D_",Office and Stationery,Y,vase,clay,181165161,1665058716,181165161-1617805606353-0
VL-140,Desk Pen 0.5mm Gel Pen Business Black Desk Counter Table Gel pens for bank Elegant plastic pen for writing Office Stationery - Black,"Deli Desk Pen 0.5mm Gel Pen Business Black Desk Counter Table Gel pens for bank Elegant plastic pen for writing Office Stationery
_x000D_
Brand Name: Deli
_x000D_
Erasable Or Not: No
_x000D_
Gel Pen Item: Writing supplies
_x000D_
Gel Pen's Ink Type: Gel-Ink
_x000D_
Material: PLASTIC
_x000D_
Model Number: 6796
_x000D_
Type: Gel Pen
_x000D_
Use: Office & School Pen
_x000D_
Writing Point: 0.5mm
_x000D_
Reception Smiley Desk Pen
_x000D_
Suitable for desks and counters with 180 degrees rotation capacity
_x000D_
Contains adhesive pads to lock on any desk and a plastic cord that can extend up to 2 metres
_x000D_
Colour: Black
_x000D_",Office and Stationery,Y,vase,sand,181165161,1665058715,181165161-1690950578633-1
VL-141,Vintage Metal Wall Clock Pendulum Brown Decorative Carved Rustic - Multicolor,"Style : Vintage, Decorative
Material : Glass, Metal, Abs Plastic
Feature : Pendulum
Suggested : Room FitLiving Room, Restaurant, Dining Room
Battery Type : AA Battery
Width : 13""(33cm)
Movement Type : Sweep Type
Color : Brown
Dial Material : Metal
Battery Included : Not included
Height : 23.6""(60cm)
Dial Diameter : 9.4""(24cm)
Shape : Round
Installation Type : Hanging
Finish : Painting",Wall Clocks,N,clock,peach,181165187,1122697768,181165187-1617805932839-0
VL-142,Oven Proof Glass Serving Dish with Glass Lid - Transparent - Multicolor,"Capacity: 3L
Shape: Rectangle
Easy way to stay hydrated
Perfect way to serve",Tableware and Serving,Y,vase,sage,181168943,1122748214,181168943-1617816475117-0
VL-143,6 Cups Carbon steel Mini Muffin Bun Pan non-stick Cupcake Baking,"Material:carbon steel+non-stick coating
Main Color:Black
Cup quantity: 6 pcs
Net weight: 180g
Feature: Freezer and dishwasher safe
Package included:1 x 6 Cups Cupcake Mould",Cookware and Kitchen,Y,vase,gold,181170883,1122739561,181170883-1617816963515-0
VL-144,Oven Proof Glass Serving Dish - Transparent 3 Pcs Set,"Oven Proof Glass Serving Dish - Transparent 3 Pcs Set
Size.2.0 litar/1.5 litar/ 1.litalitar
13.5 inchi 8 inches /medium 11.5 inchi 7 inches / small. 10.5 inchi 6 inches
Oven proof.
Heavy glass
Easy to carry
Crystal Drill Glass body
Oven safe
Refrigerator safe
Leak proof and spill proof
Dishwasher safe
Premium and Fresh Quality series
#KitchenAccessories",Tableware and Serving,Y,vase,clay,181177153,1815549539,181177153-1617813219154-0
VL-145,Antique Skeleton quartz analogue type clock  (Size: 15cm x 10cm),"Retro design: The retro design makes your living room or indoor decoration full of mystery, exquisite workmanship, delicate texture, and improve the quality of home decoration.
Easy read: The number of moments on the clock face uses the universal Roman Numeral, so you can instantly know the current time and grasp your every second trip.
Perfect decoration: This desk clock is the perfect decoration for your home decoration, living room, kitchen, study, bedroom office, hotel and more.
Size: 20cm x 15cm",Table and Alarm Clocks,Y,clock,sand,181179054,1122717694,181179054-1617810940892-0
VL-146,MILTON 2800 ML H.POT,"Treat 2800ml
hot up to 10hrs
made from 100% food grade
virgin plastic
made in india",Cookware and Kitchen,Y,vase,peach,181186063,1663685887,181186063-1617819055294-0
VL-147,"Brass Desk Clock with Pen Holder – Analog Table Clock for Office Desk, Study Table & Gift Use - Black","Desk Organizer
Completely Handcrafted Product
Pen Holders
Make sure you buy from Expressions Enterprises for best quality & timely delivery
Height : 6"" (Approx) Weight : 0.45 KG (Approx)
Color : Golden and Black
The products goes very well with a lot of things like decoration, gifting purpose, self use, grandfather's gift, anniversary gift or birthday gift etc",Table and Alarm Clocks,Y,clock,sage,181218199,1612377540,181218199-1697781874437-1
VL-148,"Brass Desk Clock with Pen Holder – Analog Table Clock for Office Desk, Study Table & Gift Use - Gold","Desk Organizer
Completely Handcrafted Product
Pen Holders
Make sure you buy from Expressions Enterprises for best quality & timely delivery
Height : 6"" (Approx) Weight : 0.45 KG (Approx)
Color : Golden and Black
The products goes very well with a lot of things like decoration, gifting purpose, self use, grandfather's gift, anniversary gift or birthday gift etc",Table and Alarm Clocks,Y,clock,gold,181218199,1612377541,181218199-1697781874436-0
VL-149,Desk Clock and Pen Holder Brass Pen Holder Clock Analog Dial Desk Clock Office Table Clock & Pen Holder - Gold,"Desk Organizer
Completely Handcrafted Product
Pen Holders
Make sure you buy from Expressions Enterprises for best quality & timely delivery
Height : 6"" (Approx) Weight : 0.45 KG (Approx)
Color : Golden and Black
The products goes very well with a lot of things like decoration, gifting purpose, self use, grandfather's gift, anniversary gift or birthday gift etc",Table and Alarm Clocks,Y,clock,clay,181220279,1122817746,181220279-1617858172360-0
VL-150,Desk Clock and Pen Holder Brass Pen Holder Clock Analog Dial Desk Clock Office Table Clock & Pen Holder - Black,"Desk Organizer
Completely Handcrafted Product
Pen Holders
Make sure you buy from Expressions Enterprises for best quality & timely delivery
Height : 6"" (Approx) Weight : 0.45 KG (Approx)
Color : Golden and Black
The products goes very well with a lot of things like decoration, gifting purpose, self use, grandfather's gift, anniversary gift or birthday gift etc",Table and Alarm Clocks,Y,clock,sand,181220279,1122817747,181220279-1617858172360-1
VL-151,DELI E0395 Heavy Duty Stapler 210 sheets Easy staple durable stapler stationery office supply staples office accessories - Multicolor,"Brand Name: Deli
Model Number:0395
Throat Depth:80g
Type: Heavy-Duty Stapler
Staple Capacity:100PCS
Size: Normal
Power: Manual
Sheet Capacity:210sheets
Material: Metal
Staple Size:23/24
COLOR: BLACK, GREY
STYLE 1:Heavy-duty Stapler 210sheets
STYLE 2:TPE + ABS handle, Metal base
STYLE 3:23/6~23/25 staple, 100 pcs of staples",Office and Stationery,Y,vase,peach,181269624,1122918240,181269624-1617887557128-0
VL-152,DELI E0395 Heavy Duty Stapler 210 sheets Easy staple durable stapler stationery office supply staples office accessories - Multicolor,"Brand Name: Deli
Model Number:0395
Throat Depth:80g
Type: Heavy-Duty Stapler
Staple Capacity:100PCS
Size: Normal
Power: Manual
Sheet Capacity:210sheets
Material: Metal
Staple Size:23/24
COLOR: BLACK, GREY
STYLE 1:Heavy-duty Stapler 210sheets
STYLE 2:TPE + ABS handle, Metal base
STYLE 3:23/6~23/25 staple, 100 pcs of staples",Office and Stationery,Y,vase,sage,181277132,1122909590,181277132-1617887321661-0
VL-153,standard stapler staples stapler long arm,,Office and Stationery,Y,vase,gold,181279977,1122939335,181279977-1617895343329-0
VL-154,ier Metal Mesh Document Tray - Desk Organizer - Black,"Type: Document Trays
Material: Metal
Brand Name: Deli
Model Number: 9181",Office and Stationery,Y,vase,clay,181287686,1122931630,181287686-1617896127129-0
VL-155,15 Minutes / 10 Minutes Glass Hourglass Wood Frame Wooden Frame Sandglass Home Kitchen Timer Clock - 5m,"Timing:15 Minutes / 10 Minutes
Size:14.5*8*8 cm,
Make of Finest Wood & Elegant Glass.
Rosewood Wood Finish
Great for a Desk or Study.
Time assistant: help you manage your time effectively and achieve your goals in time
Applicable To: gifts, furniture, handicraft, personal collection,home decoration
Ideal for timing cooking, games, exercising and so on.
It is the good choice for decorating office ,the sitting room and marriage room.",Home Decor and Showpieces,Y,vase,sand,181403290,12662958899,181403290-1776141650110-3
VL-156,15 Minutes / 10 Minutes Glass Hourglass Wood Frame Wooden Frame Sandglass Home Kitchen Timer Clock - 15m,"Timing:15 Minutes / 10 Minutes
Size:14.5*8*8 cm,
Make of Finest Wood & Elegant Glass.
Rosewood Wood Finish
Great for a Desk or Study.
Time assistant: help you manage your time effectively and achieve your goals in time
Applicable To: gifts, furniture, handicraft, personal collection,home decoration
Ideal for timing cooking, games, exercising and so on.
It is the good choice for decorating office ,the sitting room and marriage room.",Home Decor and Showpieces,Y,vase,peach,181403290,12662958898,181403290-1776141650110-2
VL-157,15 Minutes / 10 Minutes Glass Hourglass Wood Frame Wooden Frame Sandglass Home Kitchen Timer Clock - 10m,"Timing:15 Minutes / 10 Minutes
Size:14.5*8*8 cm,
Make of Finest Wood & Elegant Glass.
Rosewood Wood Finish
Great for a Desk or Study.
Time assistant: help you manage your time effectively and achieve your goals in time
Applicable To: gifts, furniture, handicraft, personal collection,home decoration
Ideal for timing cooking, games, exercising and so on.
It is the good choice for decorating office ,the sitting room and marriage room.",Home Decor and Showpieces,Y,vase,sage,181403290,12662958897,181403290-1776141650110-1
VL-158,15 Minutes / 10 Minutes Glass Hourglass Wood Frame Wooden Frame Sandglass Home Kitchen Timer Clock - Multicolor,"Timing:15 Minutes / 10 Minutes
Size:14.5*8*8 cm,
Make of Finest Wood & Elegant Glass.
Rosewood Wood Finish
Great for a Desk or Study.
Time assistant: help you manage your time effectively and achieve your goals in time
Applicable To: gifts, furniture, handicraft, personal collection,home decoration
Ideal for timing cooking, games, exercising and so on.
It is the good choice for decorating office ,the sitting room and marriage room.",Home Decor and Showpieces,Y,vase,gold,181403290,1123083373,181403290-1617990448463-0
VL-159,"Elegant, Traditional, Decorative, Hand Painted Modern Grandfather Wall Clock Fancy Ethnic Luxury Handmade Decoration, Swinging Pendulum for New Room or Office. Large. 29.5 Inch.","Polyresin, Plastic
EYE-CATCHER DESIGN ►If you are tired of boring wall or want to have more fun for life, then this Unique product will satisfy you. Brilliant geometrical design, Classic style and mature craftsmanship, this decorative clock will be striking accents outdoors or in.
HIGH-QUALITY MATERIALS ►Polyresin and polymers (PLASTIC) With Glass Front Cover. Retro looking Polyresin wall clock in antique and modern colors. This clock is crafted of metal-look resin that won't rust. Made with fade-resistant, long lasting materials. The combination of handmade and polyresin creates extraordinary artistic charm.
HIGH-QUALITY QUARTZ MOVEMENT ►Modern quartz movement for precision; reliability. The silent clock movement prevents the clock from annoying ticking sound to provide you a noiseless environment to sleep and work. Besides, the high quality clock movement also guarantees the smooth movement of clock hands, thus ensuring better time accuracy and longer working life.
UNIQUE FANCY HOME DECORATION ►15-inch clock face diameter; 29.5-inch full length (With Pendulum). Try it for a vivid addition to inspire an Artistic atmosphere, make your life comfortable and relaxed, it's also a wonderful gift to your family and friends.
MANUFACTURER WARRANTY ►Powered by Two AA Carbon battery ( not included ). You won't worry about a fault of the clock.We assured you 90-day full refund if faulty.",Wall Clocks,Y,clock,clay,182764235,1126711973,182764235-1619520652495-0
VL-160,"Elegant, traditional, ornate, hand painted modern grandfather wall clock for new home or office fancy ethnic luxury handmade decoration, swing pendulum large 29.5 inches.  - wall clock","Polyresin, Plastic
EYE-CATCHER DESIGN ►If you are tired of boring wall or want to have more fun for life, then this Unique product will satisfy you. Brilliant geometrical design, Classic style and mature craftsmanship, this decorative clock will be striking accents outdoors or in.
HIGH-QUALITY MATERIALS ►Polyresin and polymers (PLASTIC) With Glass Front Cover. Retro looking Polyresin wall clock in antique and modern colors. This clock is crafted of metal-look resin that won't rust. Made with fade-resistant, long lasting materials. The combination of handmade and polyresin creates extraordinary artistic charm.
HIGH-QUALITY QUARTZ MOVEMENT ►Modern quartz movement for precision; reliability. The silent clock movement prevents the clock from annoying ticking sound to provide you a noiseless environment to sleep and work. Besides, the high quality clock movement also guarantees the smooth movement of clock hands, thus ensuring better time accuracy and longer working life.
UNIQUE FANCY HOME DECORATION ►15-inch clock face diameter; 29.5-inch full length (With Pendulum). Try it for a vivid addition to inspire an Artistic atmosphere, make your life comfortable and relaxed, it's also a wonderful gift to your family and friends.
MANUFACTURER WARRANTY ►Powered by Two AA Carbon battery ( not included ). You won't worry about a fault of the clock.We assured you 90-day full refund if faulty.",Wall Clocks,Y,clock,sand,182765560,1670527982,182765560-1697253141727-0
VL-161,Advanced inspiring - Exceotional Quality - Quartz Oreva Decorative Retro Anchor Wall Clock - Vintage Choice - Expression of Yourself,"Quartz Oreva Decorative Retro Anchor Wall Clock
Wall Clocks are more than just Time-Showing Device, they are also a beautiful wall decor product.
This sturdy and durable wall clock can be a perfect fit for your living room, bedroom or kitchen. It can also be perfect gift for your colleagues and family friends during marriages and House Warming Ceremonies.
Sale Package content - 1 Decorative Retro Anchor Copper Pendulum Wall Clock
Care Instructions - Don't wash, use dry/wet cotton cloth to remove dirt.
Material - Plastic :: Product Color - Copper Brown
Product Dimention(L*W*H In CM) 41Cm X 5Cm X 57Cm",Wall Clocks,Y,clock,peach,182802427,1670096113,182802427-1619602055484-0
VL-162,Quartz Oreva Decorative Retro Anchor Wall Clock - Bronze,"Wall Clocks are more than just Time-Showing Device, they are also a beautiful wall decor product.
This sturdy and durable wall clock can be a perfect fit for your living room, bedroom or kitchen. It can also be perfect gift for your colleagues and family friends during marriages and House Warming Ceremonies.
Sale Package content - 1 Decorative Retro Anchor Copper Pendulum Wall Clock
Care Instructions - Don't wash, use dry/wet cotton cloth to remove dirt.
Material - Plastic :: Product Color - Copper Brown
Product Dimention(L*W*H In CM) 41Cm X 5Cm X 57Cm",Wall Clocks,Y,clock,sage,182802729,1670532062,182802729-1619611426060-1
VL-163,Quartz Oreva Decorative Retro Anchor Wall Clock - Ancient Silver,"Wall Clocks are more than just Time-Showing Device, they are also a beautiful wall decor product.
This sturdy and durable wall clock can be a perfect fit for your living room, bedroom or kitchen. It can also be perfect gift for your colleagues and family friends during marriages and House Warming Ceremonies.
Sale Package content - 1 Decorative Retro Anchor Copper Pendulum Wall Clock
Care Instructions - Don't wash, use dry/wet cotton cloth to remove dirt.
Material - Plastic :: Product Color - Copper Brown
Product Dimention(L*W*H In CM) 41Cm X 5Cm X 57Cm",Wall Clocks,Y,clock,gold,182802729,1670532060,182802729-1619611426060-0
VL-164,Quartz Oreva Decorative Retro Anchor Wall Clock - Multicolor,"Wall Clocks are more than just Time-Showing Device, they are also a beautiful wall decor product.
This sturdy and durable wall clock can be a perfect fit for your living room, bedroom or kitchen. It can also be perfect gift for your colleagues and family friends during marriages and House Warming Ceremonies.
Sale Package content - 1 Decorative Retro Anchor Copper Pendulum Wall Clock
Care Instructions - Don't wash, use dry/wet cotton cloth to remove dirt.
Material - Plastic :: Product Color - Copper Brown
Product Dimention(L*W*H In CM) 41Cm X 5Cm X 57Cm",Wall Clocks,Y,clock,clay,182802729,1670532061,182802729-1619610259352-0
VL-165,Teddy Shape Inflatable Chair for Kids PVC Teddy Sofa for Toddlers Plastic Air Chair for Children 3 to 8 Years - Multicolor,"PRACTICAL DESIGN : The bottom of the inflatable sofa is thicker, it is easier to absorb, and the bearing capacity of it is stronger! Air sofa could be inflated in short time and inflate with a pump, you may need to be more patient when first inflate.
WIDE APPLICATION : The inflatable sofa is suitable for a variety of scenes, deflated when it is not in use, and it is easy to store.Our inflatable sofa suitable for many occasions, such as parking, patio, hiking traveling, not only outdoor activities but also indoor as a sofa.
MULTIPURPOSE : Lazy inflatable sofa is made of waterproof plastic , You can use it as a couch, sofa, bed, and inflatable couch is perfect for home, beach, pool, backyard, park, picnics, your children camping, traveling, hiking, and indoor, outdoor occasions.
PREMIUM MATERIAL : The inflatable sofa features the high quality environmentally friendly PVC, thus making it more comfortable to use. Easy to inflate,deflate & store . Perfect For Reading, Studying And Relaxing. Portable, Durable And Comfortable.
DIMENSIONS : LxWxH: 65x64x74 cm / 25.5x25x29 inch; Included Items: 1 x Inflatable Sofa, Recommended Age: 36 Months To 8 Years; Whether Assembly Required: No; Batteries included: No",Toys and Games,N,vase,sand,182999624,1127042831,182999624-1619869311308-0
VL-166,Iris 50cm Cartoon Shape Inflatable Chair for Kids | PVC Sofa for Toddlers | Inflatable Pool Float Seat Summer Pool Raft Lounge Beach Party Water Toy for Children 3 to 8 Years (Blue) Inflatable Pool Accessory,"PRACTICAL DESIGN : The bottom of the inflatable sofa is thicker, it is easier to absorb, and the bearing capacity of it is stronger! Air sofa could be inflated in short time and inflate with a pump, you may need to be more patient when first inflate.
WIDE APPLICATION : The inflatable sofa is suitable for a variety of scenes, deflated when it is not in use, and it is easy to store.Our inflatable sofa suitable for many occasions, such as parking, patio, hiking traveling, not only outdoor activities but also indoor as a sofa.
MULTIPURPOSE : Lazy inflatable sofa is made of waterproof plastic , You can use it as a couch, sofa, bed, and inflatable couch is perfect for home, beach, pool, backyard, park, picnics, your children camping, traveling, hiking, and indoor, outdoor occasions.
PREMIUM MATERIAL : The inflatable sofa features the high quality environmentally friendly PVC, thus making it more comfortable to use. Easy to inflate,deflate & store . Perfect For Reading, Studying And Relaxing. Portable, Durable And Comfortable.
DIMENSIONS : WxLxH: 43cm x 43cm x 65cm
Included Items: 1 x Inflatable Sofa, 1 x PUMPER
Recommended Age: 36 Months To 6 Years; Whether Assembly Required: No; Batteries included: No",Toys and Games,Y,vase,peach,183018053,1127044894,183018053-1619871279042-0
VL-167,"Transform Robot Racing Car to Car Automatically,Robot car Toy, with Light and Sound for Kids","The toy emits amazing bright lights with music. Specifications and colours of contents may vary from illustrations
operates with single ON-OFF switch with lights & music moves in 360 degrees
Helps baby learn to differentiate among colors and sizes of rings,Hands-on activities strengthen baby's sense of touch
Enhances gross motor skills as baby bats and rocks the toy
Features: Unique Design, Vibrant Color, Car to Robot Convertible 2in1 Car
Battery: 3*1.5V AA Car Battery (Not Included) ; It is a Non-Rechargeable Car, You need to Change Battery After it Discharge (Charger Not Included)
Made From High Quality ABS Plastic Material. 100% Safe
Product Dimensions & Item Weight : 22.2 x 9.4 x 7.3 cm; 270 Grams
Manufacturer recommended age : 3 years and up
Pack Contains: 1 Car
Best Birthday Gift For Kids",Toys and Games,Y,vase,sage,183106030,1825695720,183106030-1620228920552-0
VL-168,Decorative nordic modern luxurious unique bedroom bedside usb ceramic fabric table lamp - Multicolor,"Model NO.: 901-191424
Product type: Decorative nordic modern luxury unique bedroom bedside usb fabric lamp
Lamp size(mm): D220*H370mm
Frame finished: white shape+white body Black, White, Chrome
Material: fabric+ceramics
Lamp source: E27-1*40w",Lamps and Lighting,Y,lamp,gold,183300821,1127552671,183300821-1620791994295-0
VL-169,"Universal Vertical Multi Socket 220V Electrical Tower Extension Outlet with USB Ports 3M Cord and UK-Plug Power Strip Multi Charging Station (3 Layers Multi Plug With USB Port, Gray)","MULTIPLE OUTLETS: 3 Layer Universal Sockets 220V/2500W with smart USB Ports is enough to charge your multiple devices simultaneously.
VERTICAL TOWER DESIGN: You can charge your multiple devices at any angle, SPACE SAVING! The Smart Design Solutions USB extension lead is ideal for using at home/office/school/meeting/exhibition/party.
SMART CHARGING: 2 Universal Smart USB ports (5V/2.1A) with auto-adjust charging rate, compatible for smartphones tablets, laptops and other USB powered devices.
ENERGY SAVING: 4 independent switches in each layer allow you to switch on or off as needed, the Smart Design Solutions USB Extension Lead makes your life more convenient and safer.
SAFE & DURABLE: The Smart Design Solutions USB extension lead is made of premium flame resistant material and 2.8 pure copper cable with UK type Plug, with built-in circuit breaker, overload protection. It will be a good Christmas gift for your family!",Electronics and Audio,Y,vase,clay,183307479,1127555701,183307479-1620820799563-0
VL-170,3 Layer Multi Plug Adapter Tower Electric USB Extension Socket Universal Outlet,"MULTIPLE OUTLETS: 3 Layer Universal Sockets 220V/2500W with smart USB Ports is enough to charge your multiple devices simultaneously.
VERTICAL TOWER DESIGN: You can charge your multiple devices at any angle, SPACE SAVING! The Smart Design Solutions USB extension lead is ideal for using at home/office/school/meeting/exhibition/party.
SMART CHARGING: 2 Universal Smart USB ports (5V/2.1A) with auto-adjust charging rate, compatible for smartphones tablets, laptops and other USB powered devices.
ENERGY SAVING: 4 independent switches in each layer allow you to switch on or off as needed, the Smart Design Solutions USB Extension Lead makes your life more convenient and safer.
SAFE & DURABLE: The Smart Design Solutions USB extension lead is made of premium flame resistant material and 2.8 pure copper cable with UK type Plug, with built-in circuit breaker, overload protection. It will be a good Christmas gift for your family!",Electronics and Audio,Y,vase,sand,183314260,1127572023,183314260-1620821890534-0
VL-171,"Twin Bell Table Clock.Loud Alarm Clock. for Home, Office, Decor, Showpiece Item Best for Kids & Students - Multicolor","_x000D_
Alarm Clock for Home/Offices/Bedroom/Living Room/Kitchen Alarm Clock Table Desk wall haing clock timer
_x000D_
Classic analogue display and a classic-themed exterior gives it an undeniable classic charm.
_x000D_
Very loud twin bell alarm makes sure its functionality is at maximum.Mini and cute design, Convenient to carry. Traditional shape, also suits for desk decor
_x000D_
Metal case and glass cover to protect the inner mechanisms of the clock, making it highly durable.
_x000D_
Love your life, love yourself. it Protects you from harm of radiation, with this beside alarm clock, no need to set alarm anymore in your mobile, you can keep your mobile away when you are sleeping.
_x000D_
Item Dimensions LxWxH 13 x 5 x 9 Centimeters
_x000D_",Table and Alarm Clocks,Y,clock,peach,183315389,1127555841,183315389-1620835146706-0
VL-172,"1.0L Vacuum Flask - Coffee Heat Insulated Thermos for Keeping Hot/Cold Long Hour Heat/Cold Retention, Multi-Walled Vacuum for Coffee, Hot Water, Tea, Beverage","LONG HEAT AND COLD RETENTION - This Geepas vacuum flask has an insulation technology locks in temperature to preserve flavour and freshness, that keeps beverages hot for cold for long hours.
HIGH QUALITY - This Geepas flask is thick-walled thermal is made up of durable iron, plastic, glass and silica gel built to withstand the demands of everyday use. It keeps your beverages as cold/cold for a long time.
EASY TO USE & CLEAN! - Geepas Coffee Jug is designed with a large mouth opening for easy filling with your chosen beverage. It’s comfortable to handle design is made for a single hand pouring with a simple push-button release.
COMFORTABLE HANDLE POURING SPOT - This Vacuum Flask has a simple yet very practical high grip handle and perfect pouring spot which will give you an easy pouring without any spills.
WIDE MOUTH, HIGH CAPACITY - Its large mouth opening makes filling and cleaning easy, it can even be used with ice for extra cold refreshment. Its outer body stays cool to the touch when filled with hot liquids and is condensation-free with cold beverages. It comes with a large capacity of 1.3 liters, ideal for family outings or with friends.
IRON, GLASS - High-quality vacuum glass liner with excellent temperature retention to keep your beverages hot/cold for a longer time. the outer surface consists of highly durable iron material.
VACUUM INSULATION - It blocks heat from transferring through the air (conduction). The glass vacuum insulation also features an iron layer with plastic and silica gel between the 2 layers. This multiple plating reflects heat (radiation), further minimizing the temperature change of your drink. Lastly, heat is blocked from escaping through the opening (convection) with a tightly closed lid.
DISPENSE EASILY and QUICKLY - With the lever-action top. Just press down on the lever at top and the beverage pours out. It comes with smooth working with less effort and spill-proof pouring.
MULTIPLE USE - It is the preferred beverage equipment provider of social occasions, restaurants, hotels, and other commercial food service establishments. This vacuum flask is designed to meet the durability and performance needs of foodservice professionals. Popular choice because this commercial unique dispenser keeps beverages hot and fresh.",Bottles and Lunch Boxes,Y,vase,sage,183449315,1603252204,183449315-1621610916727-0
VL-173,প্রোডাক্টের বিবরণ : Kiam নন স্টিক 7 পিস কুক ওয়্যার সেট,"প্রোডাক্টের বিবরণ : Kiam নন স্টিক 7 পিস কুক ওয়্যার সেট
Product details of Kiam Non Stick 7 Pcs Cookware Set ,1 Pcs Casserol,1 Pcs Fry pan,1 Pcs Karai, 1 Pcs Milk pan, With 3 Pcs Glass Lid.
Product Brand: Kiam
Food Grade Cooking Set
Quantity : 7 Pcs Set
Heavy Gauge, Hard Anodized Exterior
Stay Cool Long Handle
Colour : (As Like Picture )
Size: Casserole-24 Cm, Karai-22Cm, Fry Pan-24 Cm, Milk Pan-18 Cm, Lid 3 Pcs
Strong Handle And Can Resist Fire
Material: 100% Aluminum Made Body
Non Sticky Coating What Ca Save 60% Of Your Oil,Ghee, And Butter
Colour : As Given Picture ​​​​​​
Quality Product​",Cookware and Kitchen,Y,vase,gold,183465486,1127802810,183465486-1621660248107-0
VL-174,Aquatic Glass jug Pitcher with Lid 1.8 LTR,"The Glass Jug Capacity 1.3 LTR. This makes them ideal to serve drinks to your guests in style and class!- Tempered or toughened glassware for maximum safety of food service professionals as well as for the superior resistance and durability
This pitcher can be used for many types of beverages from water, cold/hot water, iced tea and fruit infused juices etc.
Transparent Jug Is Made Up Of A Special Technology High Quality
Color: Transparent Dishwasher safe, but hand washing is recommended
Material: Glass Lead-Free Glass",Tableware and Serving,Y,vase,clay,183470195,1127782718,183470195-1621613405270-0
VL-175,Product details of Oven Proof Glass Serving Dish With Lid- Transparent,"Product details of Oven Proof Glass Serving Dish With Lid- Transparent
Fresh ambiance to your table with this Oven Proof Glass Serving Dish Threshold. Crafted from sturdy stoneware, this Oven Proof Glass Serving Dish makes the perfect accessory for food. Storage box is made of food-grade material. Non-toxic, tasteless, health and safety, No leaking no sprinkles, easy to carry. Food Storage Container with the airtight lid. the body can keep food warmer.
Capacity: 1.4,1,0.65 LITTER
Easy way to stay hydrated
Perfect way to serve
Microwave Oven Save
Hit Proof
Total : 3 Pcs + 3Pcs Lid
Use For: Microwave Oven,Oven,Dishwasher,Refigerator.
Exclusive Elegant and innovative design
Vibrant designs that look beautiful and Stylish Design.
Food grade and 100 percent hygienic.
Exclusive Elegant and innovative design
Vibrant designs that look beautiful and Stylish Design.
Food grade and 100 percent hygienic.",Tableware and Serving,N,vase,sand,183470440,1127817031,183470440-1621657639667-0
VL-176,"Cups with Saucers, Demitasse Clear Glass Drinkware, Set of 6 Cups and 6 Saucers for Coffee, Tea and Espresso Lover","THE PERFECT CAPACITY FOR ESPRESSO and TURKISH COFFEE LOVER: Whether you are a Turkish Coffee fan or an espresso lover, these cups are sure to be the right size. 3.2-ounce (95ml) clear glass cups each measure Height: 2-1/2” (6.5 cm), top diameter: 2-1/4 (5.5cm) and are the perfect size for the espresso drink of your choice.
SPECIAL DESIGN GLASSWARE: The handle is a comfortable size for transporting your coffee from table to mouth; the saucer measures 6” diameter and is just the right size for a couple of accompanying biscuits
QUALITY MANUFACTURED GLASSES: Durable and consistent level of quality, Dishwasher Safe Glass Mugs. The cups’ high-quality and heavy composition maintains the heat of the liquid so you can savor every sip of your Espresso
PERFECT GIFT for Christmas, birthday gifts, wedding party, your best selling Beverage, Valentine's day, anniversary, Father's day, Mother's day, housewarming, new years, college graduation, St. Patrick's day, Congratulations, job Promotion, stocking stuffers and secret Santa gifts
RISK FREE PURCHASE, For the long and complicated shipping processes, if the products you received are broken, please contact us ASAP. We guarantee to offer you a replacement
Item Dimensions LxWxH 2.25 x 2.25 x 2.5 inches
Item Diameter 2.25 Inches",Tableware and Serving,Y,vase,peach,183473087,1127800299,183473087-1621607334025-0
VL-177,"winging Classical Elegant Wall Clock, Living Room Bedroom Restaurant Creative Silent Quartz Clock, Home Decor Nordic Clock, 37x63cm - Multicolor","Material: Metal material, smooth texture, clear dial, size: 37x63cm
Process: Silent movement, thick metal hands, precise time, no fading, no deformation, not easy to wear. The perfect combination of metal structure and appearance. The texture is luxurious and the workmanship is fine.
Features: simple design, exquisite and beautiful, stylish and elegant, very decorative
Ultra-quiet: battery powered, silent scan seconds to ensure a good sleep and working environment
Suitable for living rooms, bedrooms, restaurants, offices, shops, public places, etc.
Size:37x63cm",Wall Clocks,Y,clock,sage,183483249,1127833325,183483249-1621705029750-0
VL-178,Home Wall Clocks European Style Clock Home Creative Wall Clock Living Room Bedroom Wall Hanging Table Mute Living Room Clock 21 Inch Home Office Decorations Brand: XIANGGUI 1983,"Time accuracy and stable performance in its long life.
1.European style, elegant and romantic atmosphere, classical decoration style photos, romantic style photos,
2.Always accompanied by a quiet ""core"" to provide you with a quiet sleeping environment
3.Metal painted pointer, painted metal surface. Beautiful and decent. Copper buckle reinforcement, no friction and attenuation between the pointers
4.Use high-transparent/anti-fog float glass, easy to scrub, and the dial is clearly visible
Time accuracy and stable performance in its long life.
1.European style, elegant and romantic atmosphere, classical decoration style photos, romantic style photos,
2.Always accompanied by a quiet ""core"" to provide you with a quiet sleeping environment
3.Metal painted pointer, painted metal surface. Beautiful and decent. Copper buckle reinforcement, no friction and attenuation between the pointers
4.Use high-transparent/anti-fog float glass, easy to scrub, and the dial is clearly visible
Time accuracy and stable performance in its long life.
1.European style, elegant and romantic atmosphere, classical decoration style photos, romantic style photos,
2.Always accompanied by a quiet ""core"" to provide you with a quiet sleeping environment
3.Metal painted pointer, painted metal surface. Beautiful and decent. Copper buckle reinforcement, no friction and attenuation between the pointers
4.Use high-transparent/anti-fog float glass, easy to scrub, and the dial is clearly visible
Time accuracy and stable performance in its long life.
1.European style, elegant and romantic atmosphere, classical decoration style photos, romantic style photos,
2.Always accompanied by a quiet ""core"" to provide you with a quiet sleeping environment
3.Metal painted pointer, painted metal surface. Beautiful and decent. Copper buckle reinforcement, no friction and attenuation between the pointers
4.Use high-transparent/anti-fog float glass, easy to scrub, and the dial is clearly visible
Time accuracy and stable performance in its long life.
European style, elegant and romantic atmosphere, classical decoration style photos, romantic style photos,
Always accompanied by a quiet ""core"" to provide you with a quiet sleeping environment
Metal painted pointer, painted metal surface. Beautiful and decent. Copper buckle reinforcement, no friction and attenuation between the pointers
Use high-transparent/anti-fog float glass, easy to scrub, and the dial is clearly visible",Table and Alarm Clocks,Y,clock,gold,183487130,1127825887,183487130-1621705411514-0
VL-179,Vintage Swing Clock Wall Clocks Home Decor Living Room Hanging Tables 3d Bedroom Silent Quartz Watch Mechanism Reloj Gift,"Brand Name: SAFEBET
Origin: CN(Origin)
Style: Modern
Model Number: European Retro Swing Clock Living Room Simple Fashion Hanging
Is Smart Device: No
Shape: Geometric
Material: Plastic
Diameter: 43cm
Form: Single Face
Length: 40mm
Weight: 700g
Motivity Type: QUARTZ
Type: Wall Clocks
Wall Clock Type: 30 mm Thick Plate
Pattern: Still life
Feature: Swingable
Feature: Antique Style
Feature: Loudspeaker Mute
Applicable Placement: living room
Combination: Separates
Display Type: Needle
Width: 27cm
Body Material: Plastic
Shape: abnormity
Shell material: Plastic
Mirror material: Glass
Dial material: PVC
Core type: Scanner core
Power type: Battery
style: european style
size: 16 inches 43X27CM",Table and Alarm Clocks,N,clock,clay,183492006,1127835194,183492006-1621704372743-0
VL-180,"1.8 Litre Green Apple Deli Glassware Crystal Clear Glass Water Jug And Juice Jug And Pitcher With Plastic Lid,Water Jug/ glass juice jar","Nice Design Glass Jug 1.8 litre.
24 centimeters of height
The jug made by glass and the cover made by plastic
Very nice and crystal Glass.
Easy to clean.
Superior resistant to use and dishwasher safe guarantees long lasting product
An integrated strong handle.
Wide mouth built-in pour spout makes it very simple to fill with ice or any favorite cut fruits.
Easy to hold and dispense and hand wash them.",Tableware and Serving,Y,vase,sand,183523737,1670534710,183523737-1621875081589-0
VL-181,"360 Degree Rotation Multi-Functional Wooden Pen Stand, Card Holder - 8017","_x000D_
360 Degree Rotation Multi-Functional Wooden Pen Stand
_x000D_
Get Your Desk Items Arranged in Decent Order with this Wooden Multifunctional Pen Stand.
_x000D_
Wooden Body with Rich Brown Polish Gives a Sophisticated DÃcor to Your Work Desk.
_x000D_
Keep Office Desk Tidy and Clutter-Free and Prevent Items from Mixing with Each Other.
_x000D_
Package Contains Wooden Multifunctional Pen Stand with 4 Compartments
_x000D_
Dimensions (L X W X H): 122 x 127 x 126 mm.The whole is divided into 4 compartments, 2 large and 2 small. which are convenient for all kinds of supplies.Please check the size of the product (Fig. 2)!
_x000D_",Office and Stationery,Y,vase,peach,183591449,1128003251,183591449-1622035293583-0
VL-182,"Wall clock, antique wall clock, silent movement, vintage wall clock, antique frame, 59.5cm-34cm - Multicolor",,Wall Clocks,N,clock,sage,183604360,1128022114,183604360-1622086686473-0
VL-183,"Luxury Wall Clock Fancy Ethnic Luxury Handmade Decoration, Swinging Pendulum for Room or Office. Large. 29.5 Inch.","Polyresin, Plastic
EYE-CATCHER DESIGN ►If you are tired of boring wall or want to have more fun for life, then this Unique product will satisfy you. Brilliant geometrical design, Classic style and mature craftsmanship, this decorative clock will be striking accents outdoors or in.
HIGH-QUALITY MATERIALS ►Polyresin and polymers (PLASTIC) With Glass Front Cover. Retro looking Polyresin wall clock in antique and modern colors. This clock is crafted of metal-look resin that won't rust. Made with fade-resistant, long lasting materials. The combination of handmade and polyresin creates extraordinary artistic charm.
HIGH-QUALITY QUARTZ MOVEMENT ►Modern quartz movement for precision; reliability. The silent clock movement prevents the clock from annoying ticking sound to provide you a noiseless environment to sleep and work. Besides, the high quality clock movement also guarantees the smooth movement of clock hands, thus ensuring better time accuracy and longer working life.
UNIQUE FANCY HOME DECORATION ►15-inch clock face diameter; 29.5-inch full length (With Pendulum). Try it for a vivid addition to inspire an Artistic atmosphere, make your life comfortable and relaxed, it's also a wonderful gift to your family and friends.
MANUFACTURER WARRANTY ►Powered by Two AA Carbon battery ( not included ).",Wall Clocks,Y,clock,gold,183798896,1670552356,183798896-1622568227853-0
VL-184,"Pocket Compass. Pocket Size 1.97in (D) × 0.63in (H), Portable compass to carry when you go out.","Pocket Compass. Pocket Size 1.97in (D) × 0.63in (H), Portable compass to carry when you go out.
Antique Compass. Vintage copper brass compass,golden smooth shiny surface looks very nice.
Night Fluorescent Compass Dial. The compass dial will be luminous after absorb light.
Survival Compass Tool. Compass scale is very clear, needle magnetic to North very fast and stable.",Appliances and Tools,N,vase,clay,183803419,1128356424,183803419-1622560454959-0
VL-185,champion trophy alarm clock creative,"Material : ABS + electronic components
Style : modern and simple
Type : clock
Shape : Simulation champion trophy clock
Pattern : champion trophy clock
Movement Type : jumping seconds movement
Motivity Type : A battery
Applicable Placement : Living Room/study and so on
Wall Clock Type : with base
Combination : simulation
Feature : Antique Style
Body Material : ABS + electronic components
Usage : alarm clock
Smart Type : Electronic
Application : Bedroom, Living Room, Indoor, Dining Room, Hallway
Stylish Design :simulation champion throphy
Suit for : Bedroom, Living Room, Kids Room, Office, Hallway, Baby Care Room
Use place : living room/bedroom/study/office
Display type : mechanical pointer
Product type : pointer + number
Product Category : Alarm Clock
Product packaging : colorful box
Product size : 15X9X22CM",Table and Alarm Clocks,Y,clock,sand,183805260,1128360175,183805260-1622559207082-0
VL-186,Shape: round,"Shape: round
Style: European style
Dial material: Metal
Mirror material: glass
Is double faced
Power type: Battery
Size: clock diameter 31cm
Gross weight: 3.8kg",Table and Alarm Clocks,N,clock,peach,184603405,1129737552,184603405-1624199541969-0
VL-187,Ship Table Clock Showpiece - Multicolor,"Product Name: Ship TableAlarm Clock & Showpiece
Product Type: Showpiece & Watch
Color: Multi Colour
Main Material: Plastic Fibre
Nice Decorative Item
Great Design With Creativity
Perfect Gift for any Occasion
High-Quality Home Decoration Showpiece
Made in China
Size : 21cm x 5.5cm x 15cm",Table and Alarm Clocks,N,clock,sage,184685184,1701082318,184685184-1624331537330-0
VL-188,"Rotating pen holder for desk,Wooden Organizer Pen container - Multicolor","Luxurious wooden remote holder: Wood grain texture, exquisite inner restraint, show high quality design style.
Tidy up the desk: you can put pens, sticky notes, rulers and other small stationery
Dimensions (L X W X H): 122 x 127 x 126 mm.The whole is divided into 4 compartments, 2 large and 2 small. which are convenient for all kinds of supplies.Please check the size of the product (Fig. 2)!
We are so confident with the quality of our products and we are so sure you will love this Remote Control Holder. But if you have any questions, please contact customer service or us anytime, thank you!",Office and Stationery,Y,vase,gold,184749629,1129949535,184749629-1624421117953-0
VL-189,"Basics Wire Mesh Pen Cup, Black","Pen cup for neatly containing pens, pencils, scissors, and more
Made of durable steel wire; mesh design offers an industrial look
Powder-coat finish in sleek black for a professional appearance
Double-rimmed, smooth edges; ideal for home, office, or classroom
Measures 3.5 by 3.5 by 3.9 inches; backed",Office and Stationery,Y,vase,clay,184755398,1129965156,184755398-1624423788213-0
VL-190,"Rotating Multi-Function Wooden pen holder for desk,Rotating Organizer,control caddy,home articles,wood pencil container","A Retro style wooden organizer rack with the perfect blend of function and style.
Features 4 tiered slots for keeping remote controls, office supplies, and other items organized.
Can be set on any desktop, end table, or coffee table to organize your office or living room.
360 degree rotation, easy to take!
Dimensions (L X W X H): 5.04X4.61X4.53 inch.The product is a little small, please pay attention to the size! (Fig.)",Office and Stationery,Y,vase,sand,184757363,1129955683,184757363-1624421937696-0
VL-191,"Wooden pen holder for desk,Rotating Organizer,control caddy,home articles,wood pencil container","A Retro style wooden organizer rack with the perfect blend of function and style.
Features 4 tiered slots for keeping remote controls, office supplies, and other items organized.
Can be set on any desktop, end table, or coffee table to organize your office or living room.
360 degree rotation, easy to take!
Dimensions (L X W X H): 5.04X4.61X4.53 inch.The product is a little small, please pay attention to the size! (Fig.)",Office and Stationery,Y,vase,peach,184761231,1129959256,184761231-1624421666861-0
VL-192,Babies Bloom Baby Mosquito  Sleeping Bags ( Package Content:  Mosquito Sleeping Bags) - Multicolor,8,Home Textiles and Bedding,Y,vase,sage,184764088,1129952927,184764088-1624420541510-0
VL-193,Quartz Oreva Decorative Retro Anchor Wall Clocks,"Wall Clocks are more than just Time-Showing Device, they are also a beautiful wall decor product.
This sturdy and durable wall clock can be a perfect fit for your living room, bedroom or kitchen. It can also be perfect gift for your colleagues and family friends during marriages and House Warming Ceremonies.
Sale Package content - 1 Decorative Retro Anchor Copper Pendulum Wall Clock
Care Instructions - Don't wash, use dry/wet cotton cloth to remove dirt.
Material - Plastic :: Product Color - Copper Brown
Product Dimention(L*W*H In CM) 41Cm X 5Cm X 57Cm",Wall Clocks,Y,clock,gold,186064440,1132225428,186064440-1625757814969-0
VL-194,"3Pcs Oven Proof Glass Serving Dish With Lid- Transparent 3 Pcs Set With Lid. Oven Use And Serving Dish And Bakeware,Oven Proof Glass Serving Dish. - Multicolor","Product details of Oven Proof Glass Serving Dish With Lid- Transparent
Fresh ambiance to your table with this Oven Proof Glass Serving Dish Threshold. Crafted from sturdy stoneware, this Oven Proof Glass Serving Dish makes the perfect accessory for food. Storage box is made of food-grade material. Non-toxic, tasteless, health and safety, No leaking no sprinkles, easy to carry. Food Storage Container with the airtight lid. the body can keep food warmer.
Capacity: 1.4,1,0.65 LITTER
Easy way to stay hydrated
Perfect way to serve
Microwave Oven Save
Hit Proof
Total : 3 Pcs + 3Pcs Lid
Use For: Microwave Oven,Oven,Dishwasher,Refigerator.
Exclusive Elegant and innovative design
Vibrant designs that look beautiful and Stylish Design.
Food grade and 100 percent hygienic.
Exclusive Elegant and innovative design
Vibrant designs that look beautiful and Stylish Design.
Food grade and 100 percent hygienic.",Tableware and Serving,Y,vase,clay,186065357,1132223365,186065357-1625758779057-0
VL-195,"Elegant, Traditional, Decorative, Hand Painted Modern Grandfather Wall Clock Fancy Ethnic Luxury Handmade Decoration, Swinging Pendulum for  Room or Office. Large. 28.5 Inch.","Polyresin, Plastic
EYE-CATCHER DESIGN ►If you are tired of boring wall or want to have more fun for life, then this Unique product will satisfy you. Brilliant geometrical design, Classic style and mature craftsmanship, this decorative clock will be striking accents outdoors or in.
HIGH-QUALITY MATERIALS ►Polyresin and polymers (PLASTIC) With Glass Front Cover. Retro looking Polyresin wall clock in antique and modern colors. This clock is crafted of metal-look resin that won't rust. Made with fade-resistant, long lasting materials. The combination of handmade and polyresin creates extraordinary artistic charm.
HIGH-QUALITY QUARTZ MOVEMENT ►Modern quartz movement for precision; reliability. The silent clock movement prevents the clock from annoying ticking sound to provide you a noiseless environment to sleep and work. Besides, the high quality clock movement also guarantees the smooth movement of clock hands, thus ensuring better time accuracy and longer working life.
UNIQUE FANCY HOME DECORATION ►15-inch clock face diameter; 29.5-inch full length (With Pendulum). Try it for a vivid addition to inspire an Artistic atmosphere, make your life comfortable and relaxed, it's also a wonderful gift to your family and friends.
MANUFACTURER WARRANTY ►Powered by Two AA Carbon battery ( not included ). You won't worry about a fault of the clock.We assured you 90-day full refund if faulty.",Wall Clocks,N,clock,sand,186072215,1670541670,186072215-1625758422044-0
VL-196,Oven Proof Glass Serving Dish with Glass Lid - Transparent - Multicolor,"Capacity: 3L
Shape: Rectangle
Easy way to stay hydrated
Perfect way to serve",Tableware and Serving,Y,vase,peach,186073079,1132220600,186073079-1625758617540-0
VL-197,Wet Hand Apparatus cute finger wetted tool for office financial analyst file arrange supply round ball desk paper mate,,Office and Stationery,Y,vase,sage,188316638,1135641409,188316638-1627746514312-0
VL-198,5-Pieces Die cast METAL CAR set for kids Vehicle Gift Packs,"Product Type: Toy Car (Pullback)
Quantity: 5pcs car
Suitable age: 3 years old and above
Material: Metal
Color: Multicolor
Car size: 3 x 1.5 x 1.3 inch
Car size: 7.62 x 3.81 x 3.302 cm
Product size: 10 x 4 x 2 inch
Product size: 25.4 x 10.16 x 3.56 cm",Toys and Games,Y,vase,gold,188664834,1136214602,188664834-1628102475418-0
VL-199,5pcs  Die Cast Metal Construction Vehicles Models Mini Yellow Truck Tractor Cars Toy Set for Kids Toddlers Boys (Styles May Vary),"MINI CONSTRUCTION VEHICLE: 5 pieces diecast construction model car set -- bulldozer, truck, excavator, forklift, road roller, tank truck, tractor, dumper -- 5 types deliver in random.
1:64 SCALE SIMULATION MODEL: Designed base on real construction car. 1:64 scale model car is the right size for children. Suitable for little hands and small enough to put into a pocket.
HIGH-QUALITY MATERIALS: This mini sliding engineering vehicle toy set is made of metal and plastic. Non-toxic and high-quality ABS materials can ensure children's safety.
INTELLECTUAL DEVELOPMENT: Different types of engineering model cars can give children various of imagination. It can develop kid’s motor skills and promote intellectual development through playing.
RECOMMENDATION: Perfect gift for little kids and boys. Suitable for children over 3 years old and please let your child play this set under adult supervision",Toys and Games,Y,vase,clay,188670612,1633122102,188670612-1628102125141-0
VL-200,Die cast METAL CAR set for kids Vehicle Gift Pack 5-Pieces - Car Toy,"Product Type: Toy Car (Pullback)
Quantity: 5pcs car
Suitable age: 3 years old and above
Material: Metal
Color: Multicolor
Car size: 3 x 1.5 x 1.3 inch
Car size: 7.62 x 3.81 x 3.302 cm
Product size: 10 x 4 x 2 inch
Product size: 25.4 x 10.16 x 3.56 cm
#CarToy",Toys and Games,Y,vase,sand,188673153,1136216184,188673153-1628100755376-0
VL-201,Construction Little Machines 5 Pack - Great Cake Toppers - Car Toy,"INCLUDES 5 MINI VEHICLES: The Cat construction Little Machines 5 pack includes five 3"" Mini Cat construction toy vehicles
MOVING PARTS: Each Cat construction toy has an articulated feature articulating parts
Set includes a Cat dump truck toy, Cat Wheel Loader, Cat bulldozer, Cat back hoe, and Cat excavator
Product Dimensions : 7.7 x 2 x 8.5 inches; 7.05 Ounces
Model NameLittle Machines 5 Pack
Material : Plastic
GREAT CAKE TOPPERS: These Cat construction toys can also be used as cute cake toppers
NO BATTERIES REQUIRED: No batteries required. Appropriate for ages 3 and up.
#CarToy",Toys and Games,Y,vase,peach,188674187,1136204645,188674187-1628101812400-0
VL-202,5pcs Assorted Construction Toys Die Cast Metal Construction Vehicles Models Mini Yellow Truck Tractor Cars Toy Set for Kids Toddlers Boys (Styles May Vary) - Car Toy,"MINI CONSTRUCTION VEHICLE: 5 pieces diecast construction model car set -- bulldozer, truck, excavator, forklift, road roller, tank truck, tractor, dumper -- 5 types deliver in random.
1:64 SCALE SIMULATION MODEL: Designed base on real construction car. 1:64 scale model car is the right size for children. Suitable for little hands and small enough to put into a pocket.
HIGH-QUALITY MATERIALS: This mini sliding engineering vehicle toy set is made of metal and plastic. Non-toxic and high-quality ABS materials can ensure children's safety.
INTELLECTUAL DEVELOPMENT: Different types of engineering model cars can give children various of imagination. It can develop kid’s motor skills and promote intellectual development through playing.
Material : Abs, Metal
Product Dimensions : 3.15 x 1.18 x 1.18 inches; 5.93 Ounces
Style : 5pcs construction cars
RECOMMENDATION: Perfect gift for little kids and boys. Suitable for children over 3 years old and please let your child play this set under adult supervision.
#CarToy",Toys and Games,Y,vase,sage,188675154,1556277697,188675154-1697254084489-0
VL-203,20cm Blue Ocean World Globe Map With Swivel Stand Geography Educational Toy Gift - Multicolor,"Matériel: PVC (chlorure de polyvinyle) + PS (polystyrène)
Vision omnidirectionnelle à 360 degrés
Découvrez le monde à portée de main
Un globe terrestre de bureau simple, informatif et éducatif, magnifiquement agencé dans un éventail de couleurs vives. Développez votre perspective et améliorez votre connaissance de notre terre et de sa géographie
Il dispose d'une cartographie à jour, des océans bleus vibrants et des terres émergées colorées avec des frontières politiques. Le globe est tenu par un méridien complet monté sur une base de couleur argentée durable
Parfait pour la maison, l'école et le bureau. Idéal pour les enfants et les adultes de tous âges",Office and Stationery,Y,vase,gold,189725768,1137393278,189725768-1628787759046-0
VL-204,20cm Blue Ocean World Globe Map With Swivel Stand Geography Educational Toy Gift - Multicolor,"Matériel: PVC (chlorure de polyvinyle) + PS (polystyrène)
Vision omnidirectionnelle à 360 degrés
Découvrez le monde à portée de main
Un globe terrestre de bureau simple, informatif et éducatif, magnifiquement agencé dans un éventail de couleurs vives. Développez votre perspective et améliorez votre connaissance de notre terre et de sa géographie
Il dispose d'une cartographie à jour, des océans bleus vibrants et des terres émergées colorées avec des frontières politiques. Le globe est tenu par un méridien complet monté sur une base de couleur argentée durable
Parfait pour la maison, l'école et le bureau. Idéal pour les enfants et les adultes de tous âges",Office and Stationery,Y,vase,clay,189730511,1137386368,189730511-1628787137563-0
VL-205,30cm World Globe Educational Political Map Swivel Rotating Desk Top Globe - Geography Learning Home School Office Decoration - Diameter 32cm,"Exerz Educational and Fun Swivel Globe Dia 30 CM, Height Including Stand: 45 cm.
MORE THAN DECORATION: Exerz Classic Large Globe has high quality printing which is fine and clear, led to a very easy and enjoyable experience when one to read the geographical sphere. Feel free to use it every day and refer to it anytime.
FUN & EDUCATIONAL: Our Globe has up to date detail, encourage inquisitive children to explore the world of science. Children may be able to explore the continents they have or have not been, spot a place and find out what’s on it, and what’s around it, they would be encouraged to read and recognise the fact of the earth geographically and historically.
HIGH QUALITY: The product itself rotates on a sturdy stand. We use the best material we are able to use in the industry, which include silvery metal, solid plastic base, high quality ink, and so on. Aim to ensure this globe is a real luxury, with no disappointments.
GIFTING: Perfect gifting idea for almost all the occasions. Children’s birthday, Christmas, friends’ event, new office opening, you are more than welcome to be creative. Give to someone who would love to decorate a wedding venue with fresh summery globe and beautiful flowers, or in a café as a stand out piece.",Home Decor and Showpieces,Y,vase,sand,189796375,1137421778,189796375-1628838665636-0
VL-206,21.4cm Rotating World Earth Globe Atlas Map Geography Education Toy Desktop Decor,"Package Included: 1X Blue Ocean World Globe Map With Swivel Stand ~
Material: Plastic
Languange: English
Globe Diameter: Approx. 21.4cm
Comes with a simple arc stand that attaches easily, spins on it's axis
Swivel globe encourages inquisitive children to explore and think big
Perfect desktop globe for greater awareness of our planet and maps
Would also be useful for adults to use as a desk ornament",Office and Stationery,N,vase,peach,189834693,1137453315,189834693-1628861223721-0
VL-207,14cm Globe World Earth Atlas Map Stand Geography School Kids Early Learning bangbanghouse Toys Games education bumi,"PVC globe for teaching
Material: Map(PVC), Sphere
support (Polystyrene)
Color: Blue ,
Stand : BlackRotation
mode: Hand dial rotation
Languages :1)English &Malay Word2)Chinese WordUses:
Teaching toys,
children's toys
globe
Size:Total height: 21 cmGlobe (Bumi) Diameter :14cm",Cookware and Kitchen,Y,vase,sage,189858603,1137467083,189858603-1628872177589-0
VL-208,360° Rotating 14cm Earth Globe World Map With Stand Geography Education Toy Home Decoration Office Ornament Kids Gift,"A simple, yet informative and educational desktop world globe beautifully arranged in a spectrum of vivid colors.Expand your perspective and enhance your knowledge of our earth and its geography.It features up-to-date cartography, vibrant blue oceans and colorful landmasses with political boundaries.The globe is held by a semi meridian mounted on a durable black colored plastic base.Perfect for home, school, and office. Great for children & adults of all ages.Features vibrant blue oceans and color landmasses with political boundaries.Durable gold plastic base and high clearly Printing provide you a wonderful using experience.",Office and Stationery,Y,vase,gold,189876640,1137477179,189876640-1628880269575-0
VL-209,360° Rotating 14CM Earth Globe World Map With Stand Geography Education Toy Home Decoration Office Ornament Kids Gift,"A simple, yet informative and educational desktop world globe beautifully arranged in a spectrum of vivid colors.Expand your perspective and enhance your knowledge of our earth and its geography.It features up-to-date cartography, vibrant blue oceans and colorful landmasses with political boundaries.The globe is held by a semi meridian mounted on a durable black colored plastic base.Perfect for home, school, and office. Great for children & adults of all ages.Features vibrant blue oceans and color landmasses with political boundaries.Durable gold plastic base and high clearly Printing provide you a wonderful using experience.",Office and Stationery,Y,vase,clay,189882246,1137476313,189882246-1628879952154-0
VL-210,25cm World Globe Educational Political Map Swivel Rotating Desk Top Globe - Geography Learning Home School Office Decoration - Diameter 25cm,"Matériel: PVC (chlorure de polyvinyle) + PS (polystyrène)
Vision omnidirectionnelle à 360 degrés
Découvrez le monde à portée de main
Un globe terrestre de bureau simple, informatif et éducatif, magnifiquement agencé dans un éventail de couleurs vives. Développez votre perspective et améliorez votre connaissance de notre terre et de sa géographie
Il dispose d'une cartographie à jour, des océans bleus vibrants et des terres émergées colorées avec des frontières politiques. Le globe est tenu par un méridien complet monté sur une base de couleur argentée durable
Parfait pour la maison, l'école et le bureau. Idéal pour les enfants et les adultes de tous âges",Office and Stationery,Y,vase,sand,189899719,1137482655,189899719-1628915833572-0
VL-211,20cm Political District Plastic Ruler Globe globe map of the world Geography Educational Toy Gift,"Globe of the World: This rotating globe features a removable base for easy use and a ruler frame; the vivid color and print allows for clear visibility
Educational Tool: The educational globe is ideal for classroom use or for home use; give one as a gift to friends and family
Desk Size: Each classroom globe measures 8 inches in diameter and can be displayed on a desk or shelf
Reliable Material: The world globe map is made with high-quality materials that are sturdy and made to last
What’s Included: You’ll receive 1 world globe for children that features colorful landmasses with political boundaries",Office and Stationery,Y,vase,peach,189904037,1137477822,189904037-1628911946348-0
VL-212,360° Rotating 20cm Earth Globe World Map With Stand Geography Education Toy Home Decoration Office Ornament Kids Gift - Multicolor,"A simple, yet informative and educational desktop world globe beautifully arranged in a spectrum of vivid colors.Expand your perspective and enhance your knowledge of our earth and its geography.It features up-to-date cartography, vibrant blue oceans and colorful landmasses with political boundaries.The globe is held by a semi meridian mounted on a durable black colored plastic base.Perfect for home, school, and office. Great for children & adults of all ages.Features vibrant blue oceans and color landmasses with political boundaries.Durable gold plastic base and high clearly Printing provide you a wonderful using experience.",Office and Stationery,Y,vase,sage,189904249,1137483604,189904249-1628914987166-0
VL-213,360° Rotating 20cm Earth Globe World Map With Stand Geography Education Toy Home Decoration Office Ornament Kids Gift - Multicolor,"A simple, yet informative and educational desktop world globe beautifully arranged in a spectrum of vivid colors.Expand your perspective and enhance your knowledge of our earth and its geography.It features up-to-date cartography, vibrant blue oceans and colorful landmasses with political boundaries.The globe is held by a semi meridian mounted on a durable black colored plastic base.Perfect for home, school, and office. Great for children & adults of all ages.Features vibrant blue oceans and color landmasses with political boundaries.Durable gold plastic base and high clearly Printing provide you a wonderful using experience.",Office and Stationery,Y,vase,gold,189907113,1137485450,189907113-1628915363047-0
VL-214,KIAM Karai 26 cm Non Stick Germany Quality Cookware,"Brand: Kiam
Product Type: Karai / Cookware
Color: Black
Size : 26 CM
Condition : Intact
Thick Pan
Scratch Resist
Easy to Clean",Cookware and Kitchen,N,vase,clay,189981563,1137518207,189981563-1628956310859-0
VL-215,Kiam Non-Stick 7 Pieces Cookware Set.,"Kiam Non-Stick 7 Pieces Cookware Set.
Quantity: 7 Pieces Set.
Color: As given picture.
Strong handle and can resist fire.
Material: 100% aluminium made body.
No-sticky coating what can save 60% of your oil, ghee and butter.
Cookware: 24CM - 1pc.
Milk pan: 18CM - 1pc.
Pan: 22CM - 1 pc.
Fry pan: 24CM - 1pc.
Lid: 3pcs.",Cookware and Kitchen,Y,vase,sand,189986182,1137525224,189986182-1628955791742-0
VL-216,1/18 RC Car 2 in 1 Transformation Robots Model remote control Car Racing Car Toys Fighting Toys Gift,"Intelligent RC Robot Car. It can transform automatically from car to robot when you press the button on the controller. Transforms back and forth so easily and quite awesome.
One key auto demo. Controller toggles for forward, backward, left and right, one button transformation, one key auto demo - After pressing the demo button, it will presenting you wonderful shows.
2.4Ghz Remote Control. 2.4Ghz Powerful Transmitter system supports multiple cars racing at the same time without interference. Just press the demo button, 360 degree turning flexibly in both robot model and car shape, it will show you a wonderful performance.
Rechargeable Batteries Included. Our transformer car robot Equipped with a high capacity rechargeable battery pack, durable and safe for kids to play with. Full charge for 1h and it will last up for 20-30mins. The controller requires 2pcs 1.5v AA batteries are also included. Let's have fun right now.
The Gift for Kids. Made of high-quality and harmless ABS plastic and electronic elements with strong crash resistance. Great Ideal for birthday prizes, sweepstakes or holiday gifts. Keep your kids away from computers, mobile phones and TVs to improve their coordination and thinking skills.
Made From High Quality ABS Plastic Material. 100% Safe
Manufacturer recommended age : 3 years and up
Pack Contains: 1 Car
Best Birthday Gift For Kids",Toys and Games,Y,vase,peach,190141178,1137581049,190141178-1629091137084-0
VL-217,Hurricane Lantern Lamp Vintage Style Kerosene Lamp Classic Retro Oil Lamp Kerosene Citronella  Lamp Classic - Multicolor,Hurricane Lantern Lamp Vintage Style Kerosene Lamp Classic Retro Oil Lamp Kerosene Citronella Lamp Classic,Lamps and Lighting,Y,lamp,sage,190437530,1137761606,190437530-1629200754572-0
VL-218,Modern Transparent Bedroom K9 Crystal Table Lamp Lights Desk Bedside Lamperus De Mesa 110-240v Height 40cm Wide 21cm Warm light - Option 1,"Modern Transparent Bedroom K9 Crystal Table Lamps 110-240V High 40Cm Wide 21Cm
Classic design: it is more than just a desk lamp, it is a piece of art, it is worth collecting.
After 1000 degrees high temperature firing, the lamp body is smooth and smooth, and the color is round, pure hand-made, elegant and beautiful.
Base: bright color, no fading, multi-process, bottom anti-slip mat design, bulb not include, safer to use
Fabric lampshade: environmentally friendly light-transparent material, fine texture, high temperature resistance, soft light, no glare
100% package satisfaction, if you have any problems after receiving the product, please contact us in time, we will solve any problem for you.
Size: High 40CM",Lamps and Lighting,Y,lamp,gold,190516960,1810840811,190516960-1691759350271-2
VL-219,Modern Transparent Bedroom K9 Crystal Table Lamp Lights Desk Bedside Lamperus De Mesa 110-240v Height 40cm Wide 21cm Warm light - M2,"Modern Transparent Bedroom K9 Crystal Table Lamps 110-240V High 40Cm Wide 21Cm
Classic design: it is more than just a desk lamp, it is a piece of art, it is worth collecting.
After 1000 degrees high temperature firing, the lamp body is smooth and smooth, and the color is round, pure hand-made, elegant and beautiful.
Base: bright color, no fading, multi-process, bottom anti-slip mat design, bulb not include, safer to use
Fabric lampshade: environmentally friendly light-transparent material, fine texture, high temperature resistance, soft light, no glare
100% package satisfaction, if you have any problems after receiving the product, please contact us in time, we will solve any problem for you.
Size: High 40CM",Lamps and Lighting,N,lamp,clay,190516960,1810840810,190516960-1691759350270-0
VL-220,Modern Transparent Bedroom K9 Crystal Table Lamp Lights Desk Bedside Lamperus De Mesa 110-240v Height 40cm Wide 21cm Warm light - Multicolor,"Modern Transparent Bedroom K9 Crystal Table Lamps 110-240V High 40Cm Wide 21Cm
Classic design: it is more than just a desk lamp, it is a piece of art, it is worth collecting.
After 1000 degrees high temperature firing, the lamp body is smooth and smooth, and the color is round, pure hand-made, elegant and beautiful.
Base: bright color, no fading, multi-process, bottom anti-slip mat design, bulb not include, safer to use
Fabric lampshade: environmentally friendly light-transparent material, fine texture, high temperature resistance, soft light, no glare
100% package satisfaction, if you have any problems after receiving the product, please contact us in time, we will solve any problem for you.
Size: High 40CM",Lamps and Lighting,Y,lamp,sand,190516960,1810840809,190516960-1691759350271-1
VL-221,Modern Style Crystal Table Lamp - Decorative Lamp for Living Room Bedroom - Add Elegance to Your Space - Elegant Sparkling Glamorous,"Introducing the Modern Style Crystal Table Lamp - the perfect decorative addition to elevate your living room or bedroom. Embrace the allure of elegance and glamour with this exquisite lamp that adds a touch of sophistication to any space.
Experience the enchanting ambiance created by this sparkling crystal table lamp. The modern design exudes timeless charm, effortlessly blending with any interior decor, from contemporary to classic.
Illuminate your living space with a touch of elegance. The crystal elements catch the light, creating a mesmerizing display of sparkling brilliance, adding a touch of luxury to your surroundings.
Designed to captivate, this table lamp is not just a source of light but also a stunning piece of art. Let it be the focal point of your room, making a bold statement and leaving a lasting impression on guests.
Create a cozy and glamorous atmosphere with the Modern Style Crystal Table Lamp. The soft and warm glow emanating from the lampshade provides a soothing ambiance, perfect for relaxation and unwinding after a long day.",Lamps and Lighting,Y,lamp,peach,190520692,1137833456,190520692-1629257209696-0
VL-222,"Traditional, Decorative, Hand Painted ModernWall Clock Fancy Ethnic Luxury Handmade Decoration","SIZE : 60cm X 48cm
EYE-CATCHER DESIGN ►If you are tired of boring wall or want to have more fun for life, then this Unique product will satisfy you. Brilliant geometrical design, Classic style and mature craftsmanship, this decorative clock will be striking accents outdoors or in.
HIGH-QUALITY MATERIALS ►Polyresin and polymers (PLASTIC) With Glass Front Cover. Retro looking Polyresin wall clock in antique and modern colors. This clock is crafted of metal-look resin that won't rust. Made with fade-resistant, long lasting materials. The combination of handmade and polyresin creates extraordinary artistic charm.
HIGH-QUALITY QUARTZ MOVEMENT ►Modern quartz movement for precision; reliability. The silent clock movement prevents the clock from annoying ticking sound to provide you a noiseless environment to sleep and work. Besides, the high quality clock movement also guarantees the smooth movement of clock hands, thus ensuring better time accuracy and longer working life",Wall Clocks,N,clock,sage,191028983,1138230262,191028983-1629518656842-0
VL-223,Modern Style Crystal Table Lamp Decorative Table Lamp for Living Room Bedroom Lamp - Multicolor,"Ivory Shade Stylish Beautiful decorative Table Lamp With glass dome - ideal for bedside reading, bedroom, living rooms, hallways and decorative lighting.
It is a Best Gift for Marriage Anniversary , Parents , Mother’s day , Wedding Return Gift , Birthday , House warming , Office Shop Inauguration , Festive and Corporate Gifts
Space Saving - Wall-Mounted Design Beautifies The Wall While Saving More Space
This table lamp has a nice modern Fab yet classy look with a deep-textured fabric lamp shade.
It helps cast a nice warm light that sets a wonderful atmosphere and makes the room feel cozier.The light can be used on long, dark winter evening, during dinner parties or even as night lights.",Lamps and Lighting,Y,lamp,gold,191046463,1138237048,191046463-1629524297429-0
VL-224,Crystal Table Lamp Modern Style Decorative Table Lamp for Living Room Bedroom Lamp - Lamp,"Ivory Shade Stylish Beautiful decorative Table Lamp With glass dome - ideal for bedside reading, bedroom, living rooms, hallways and decorative lighting.
It is a Best Gift for Marriage Anniversary , Parents , Mother’s day , Wedding Return Gift , Birthday , House warming , Office Shop Inauguration , Festive and Corporate Gifts
Space Saving - Wall-Mounted Design Beautifies The Wall While Saving More Space
This table lamp has a nice modern Fab yet classy look with a deep-textured fabric lamp shade.
It helps cast a nice warm light that sets a wonderful atmosphere and makes the room feel cozier.The light can be used on long, dark winter evening, during dinner parties or even as night lights.
#Lamp",Lamps and Lighting,Y,lamp,clay,191049604,1138233894,191049604-1629525752223-0
VL-225,Europe Metal Makeup Brush Storage Holder Test Tube Eyebrow Pencil Organizer Bead Crystal Jar Jewelry Diamond Cosmetic Box lw037 - Multicolor,"Product introduction
Name: Makeup brush storage bucket
Purpose:Cosmetic brush storage box, small items storage box, decoration decoration.
Packing: Makeup brush storage bucket x1 (not include and any placed thing)
Size:As shown.
Notice:
Please allow 1-3cm error due to manual measurement and make sure you do not mind before ordering.
Please understand that colors may exist chromatic aberration as the different placement of pictures",Office and Stationery,Y,vase,sand,191507612,1138502155,191507612-1629786289243-0
VL-226,Luxury Crystal Metal Makeup Brush Holder Storage Tube | Glittering Diamond Cosmetic Brushes Organizer Box for Elegant Makeup Tools Arrangement,"Origen:CN(Origen)
Número de modelo:Makeup Brush Storage Tube
Número de unidades:1
Material:Other
Característica:Respetuoso con el medio ambiente
Característica:Rellenado
Tipo:Cajas y recipientes de almacenamiento
Carga:150 kg
Capacidad:12 l
Estilo:Europa
Técnicas:Brillante
Forma:ROUND
Uso:Joyería
Especificaciones:Other
Tipo de producto:CAJA DE JOYAS
Material:Metal + Crystal
feature 01:makeup brush holder
feature 02:makeup brush cleaner
feature 03:makeup brush organizer
feature 04:makeup brushes holder box
feature 05:comestic organizer
feature 06:comestic storage box",Office and Stationery,Y,vase,peach,191521812,1539918585,191521812-1694102244445-0
VL-227,Makeup Brush Storage Container Round Pen Holder Sundries Desktop Storage Box (Silver) for Women and Girls',"Origen:CN(Origen)
Número de modelo:Makeup Brush Storage Tube
Número de unidades:1
Material:Other
Característica:Respetuoso con el medio ambiente
Característica:Rellenado
Tipo:Cajas y recipientes de almacenamiento
Carga:150 kg
Capacidad:12 l
Estilo:Europa
Técnicas:Brillante
Forma:ROUND
Uso:Joyería
Especificaciones:Other
Tipo de producto:CAJA DE JOYAS
Material:Metal + Crystal
feature 01:makeup brush holder
feature 02:makeup brush cleaner
feature 03:makeup brush organizer
feature 04:makeup brushes holder box
feature 05:comestic organizer
feature 06:comestic storage box",Bath and Storage,Y,vase,sage,191522466,1138501308,191522466-1629787283444-0
VL-228,Feyarl Crystal Makeup Brush Holder Cosmetics Tools Organizer Container Pen Pencil Holder Storage Candle Holder,"Makeup Brush Holder Material: Metal Plated with Square Crystal
Makeup Brush Organizer Dimension: 3.34 x 3.34 x 4.72inches (8.5 x 8.5 x 12 cm); Weight: 0.99lb/450g
Durable Crystal Brush Holder: More tough and Large capacity. Organize many shapes and sizes of makeup brushes, lip/eye liners, makeup pads, nail files, pen holderetc.
Sparkly Cosmetics Tools Container: Modern, simple design great for decorating your dresser, desk, counter or tabletop at home. Great for Fashion and Beauty Lovers.
Multi-function Crystal Candle Holder: Perfect for organizing makeup brushes, cosmetics, vanity, toothbrush, Eyebrow, Pen Pencil office supplies, Candle holder.",Office and Stationery,Y,vase,gold,191522810,1138498841,191522810-1629789249453-0
VL-229,Luxurious Crystal Metal Makeup Cosmetic Organizer Brush Bucket Jewelry Storage Box Tube Eyebrow Pencil Holder Container,"Available colours: Gold, Grey
High-quality materials: Crystal, Metal
High-quality photos and real customers' reviews.
Wide size range: 9x11cm, 8x13cm, 10x14cm",Office and Stationery,Y,vase,clay,191525161,1556278585,191525161-1697253879055-0
VL-230,"European Crystal Pen Holder: A Chic Makeup and Beauty Organizer for Eyebrow Pens, Brushes, and More, Elevating Your Desktop Aesthetic","❤ALL HANDMADE:The makeup brush organizer is finished all-metal welded structure it‘s durable and each crystal on the make up brush holder is hand-inlaid, compact and firm without fear that it will fall.
❤MULTI PURPOSE ：4.7 x 4.1 Inch（H x W),Cylindrical body can hold up 15-25 make up brushes,all-body metal plating, smooth,antioxidant,Ideal for dressing table to storage eyebrow,eyeliner,toothbrush etc.Also can be used as pen or pencil holder in office.
❤LUXURIOUS RETRO STYLE:Classic color matching with exquisite hollow metal and clear crystal making itself be a work of art, it will shining uncommon lustre in the light and make you experience luxury feeling and visual effect.
❤PERFECT GIFTS - Ideal Christmas gifts, birthday gifts, anniversary gifts for your wife, girl friends, someone who loves make up or that special person in your life.
❤SERVICE:If for any reason you're not completely happy with your purchase- if it breaks,if it's damaged in shipping,or even if you change your mind - simply let us know and we will either replace it or turn your money back, your choice!",Office and Stationery,Y,vase,sand,191525829,1539916938,191525829-1694102227326-0
VL-231,Crystal Makeup Brush Holder Cosmetics Tools Organizer Container Pen Pencil Holder Storage Candle Holder - Multicolor,"Makeup Brush Holder Material: Metal Plated with Square Crystal
Makeup Brush Organizer Dimension: 3.34 x 3.34 x 4.72inches (8.5 x 8.5 x 12 cm); Weight: 0.99lb/450g
Durable Crystal Brush Holder: More tough and Large capacity. Organize many shapes and sizes of makeup brushes, lip/eye liners, makeup pads, nail files, pen holderetc.
Sparkly Cosmetics Tools Container: Modern, simple design great for decorating your dresser, desk, counter or tabletop at home. Great for Fashion and Beauty Lovers.
Multi-function Crystal Candle Holder: Perfect for organizing makeup brushes, cosmetics, vanity, toothbrush, Eyebrow, Pen Pencil office supplies, Candle holder.",Bath and Storage,Y,vase,peach,191527636,1138503591,191527636-1629789493997-0
VL-232,"Organizador de Maquillaje de cristal, caja de almacenamiento de Metal para brochas de maquillaje, lápiz de cejas, cuentas de cristal para joyería",,Office and Stationery,Y,vase,sage,191528080,1138505205,191528080-1629787289448-0
VL-233,Large Metal Capacity Makeup Brush Holder Transparent Storage Organizer Tube for Home,"❤ALL HANDMADE:The makeup brush organizer is finished all-metal welded structure it‘s durable and each crystal on the make up brush holder is hand-inlaid, compact and firm without fear that it will fall.
❤MULTI PURPOSE ：4.7 x 4.1 Inch（H x W),Cylindrical body can hold up 15-25 make up brushes,all-body metal plating, smooth,antioxidant,Ideal for dressing table to storage eyebrow,eyeliner,toothbrush etc.Also can be used as pen or pencil holder in office.
❤LUXURIOUS RETRO STYLE:Classic color matching with exquisite hollow metal and clear crystal making itself be a work of art, it will shining uncommon lustre in the light and make you experience luxury feeling and visual effect.
❤PERFECT GIFTS - Ideal Christmas gifts, birthday gifts, anniversary gifts for your wife, girl friends, someone who loves make up or that special person in your life.
❤SERVICE:If for any reason you're not completely happy with your purchase- if it breaks,if it's damaged in shipping,or even if you change your mind - simply let us know and we will either replace it or turn your money back, your choice!",Bath and Storage,Y,vase,gold,191533437,1556258791,191533437-1697254127844-0
VL-234,✅【Easy to Hang Wall】: Don't need to be assembled.Our wall clock could be used directly after putting,"✅【Easy to Hang Wall】: Don't need to be assembled.Our wall clock could be used directly after putting in 1 AA Normal Carbon Zinc battery(not included in package). Since the current of Alkaline battery is too high to effect the accuracy.Non-trace hook included.
✅【Retro Rustic Style】: Sturdy oversized vintage wall clock, stationary gear is made of hand-painted wood,With 3D hollow-out craft modeling of classical country style, metallic luster texture, manual painting and polishing, industrial inspiration gear has a more retro flavor.
✅【Noiseless Silent Non-Ticking】: Couple with 12888 Solar sweep Quartz movement, ensure the accurate time, bring the living room and bedroom absolute quiet environment.
✅【A Warm Gift】: Not only works as a excellent decorative wall clock on living room, study room, kitchens, bars, cafes, but also can be a nice gift for your family or friends on birthdays, weddings, festivals and Anniversaries.
✅【100% Satisfaction Service】: If you are not satisfied with the purchase, please do not hesitate to contact us right now and our customer service team will try our best to solve issues for you!",Wall Clocks,Y,clock,clay,191680686,1138619035,191680686-1629848393914-0
VL-235,"Bernhard Products Extra Large Wall Clock 18 Inch Quality Quartz Silent Non Ticking, Battery Operated for Home/Living Room/Over Fireplace Beautiful Decorative Roman Numeral Stylish Clock, Dark Brown","Decorate and enhance any room with this beautiful extra large wall clock. Dark brown frame, black roman numerals and decorative hands on a white background create easy viewing from every angle
Silent non-ticking mechanism with sweeping movement. Precise quartz movements guarantees accurate time all day!
Extra large - 18 inches in diameter. Its timeless design it great for a living room, bedroom, kitchen, guest room, family room, office, restaurant, or above a fireplace
Premium glass cover to ensure protection from dust and debris. Quality deep brown plastic frame makes it look like wood but is lightweight and easy to hang. Red second hand for extra clarity. Contemporary Matte finish",Wall Clocks,N,clock,sand,191687277,1138610515,191687277-1629848884420-0
VL-236,Holiday decoration sliver gold wooden resin earth world globe with bell figurine,"Material:Resin, Resin, Resin+Stone Powder
Product Type:Figurine
Style:Antique Imitation
Use:Holiday Decoration & Gift
Theme:figurines
Occasion:daily
Regional Feature:Europe
Place of Origin:Fujian, China
Brand Name:DINGHONG, Dinghong
Model Number:HY72057C
Name:Resin globe figurine
Color:Normal Around 6 Colors Or Customized
Size:23x10.7x7.5cm
Occasion/Use:Holiday Or Festival
Weight:420g
Origin:Quanzhou, Fujian,China",Home Decor and Showpieces,Y,vase,peach,191691092,1138613389,191691092-1629847262363-0
VL-237,Crystal Makeup Brush Holder Cosmetics Tools Organizer Container Pen Pencil Holder Storage Candle Holder - Multicolor,"Makeup Brush Holder Material: Metal Plated with Square Crystal
Makeup Brush Organizer Dimension: 3.5 x 3.5 x 4.5inches (8.89 x 8.89 x 11.5 cm); Weight: 0.99lb/450g
Durable Crystal Brush Holder: More tough and Large capacity. Organize many shapes and sizes of makeup brushes, lip/eye liners, makeup pads, nail files, pen holderetc.
Sparkly Cosmetics Tools Container: Modern, simple design great for decorating your dresser, desk, counter or tabletop at home. Great for Fashion and Beauty Lovers.
Multi-function Crystal Candle Holder: Perfect for organizing makeup brushes, cosmetics, vanity, toothbrush, Eyebrow, Pen Pencil office supplies, Candle holder.",Office and Stationery,Y,vase,sage,191694852,1556257834,191694852-1697255062734-0
VL-238,Crystal Organizer  Makeup Brush Holder Cosmetics Tools Organizer Container Pen Pencil Holder Storage Candle Holder - Multicolor,"Makeup Brush Holder Material: Metal Plated with Square Crystal
Makeup Brush Organizer Dimension: 4 x 4 x 6 inches (10.16 x 10.16 x 15.26 cm); Weight: 0.99lb/450g
Durable Crystal Brush Holder: More tough and Large capacity. Organize many shapes and sizes of makeup brushes, lip/eye liners, makeup pads, nail files, pen holderetc.
Sparkly Cosmetics Tools Container: Modern, simple design great for decorating your dresser, desk, counter or tabletop at home. Great for Fashion and Beauty Lovers.
Multi-function Crystal Candle Holder: Perfect for organizing makeup brushes, cosmetics, vanity, toothbrush, Eyebrow, Pen Pencil office supplies, Candle holder.",Office and Stationery,Y,vase,gold,191705491,1138631485,191705491-1629870426316-0
VL-239,Crystal Table Lamp Modern Style Decorative Table Lamp for Living Room Bedroom Lamp - Multicolor,"Ivory Shade Stylish Beautiful decorative Table Lamp With glass dome - ideal for bedside reading, bedroom, living rooms, hallways and decorative lighting.
It is a Best Gift for Marriage Anniversary , Parents , Mother’s day , Wedding Return Gift , Birthday , House warming , Office Shop Inauguration , Festive and Corporate Gifts
Space Saving - Wall-Mounted Design Beautifies The Wall While Saving More Space
This table lamp has a nice modern Fab yet classy look with a deep-textured fabric lamp shade.
It helps cast a nice warm light that sets a wonderful atmosphere and makes the room feel cozier.The light can be used on long, dark winter evening, during dinner parties or even as night lights.",Lamps and Lighting,N,lamp,clay,191709692,1138630869,191709692-1629871996342-0
VL-240,Modern Style Crystal Table Lamp Decorative Table Lamp for Living Room Bedroom Lamp - Multicolor,"Ivory Shade Stylish Beautiful decorative Table Lamp With glass dome - ideal for bedside reading, bedroom, living rooms, hallways and decorative lighting.
It is a Best Gift for Marriage Anniversary , Parents , Mother’s day , Wedding Return Gift , Birthday , House warming , Office Shop Inauguration , Festive and Corporate Gifts
Space Saving - Wall-Mounted Design Beautifies The Wall While Saving More Space
This table lamp has a nice modern Fab yet classy look with a deep-textured fabric lamp shade.
It helps cast a nice warm light that sets a wonderful atmosphere and makes the room feel cozier.The light can be used on long, dark winter evening, during dinner parties or even as night lights.",Lamps and Lighting,Y,lamp,sand,191718179,1138639134,191718179-1629871587326-0
VL-241,Modern Style Crystal Table Lamp Decorative Table Lamp for Living Room Bedroom Lamp - Multicolor,"Ivory Shade Stylish Beautiful decorative Table Lamp With glass dome - ideal for bedside reading, bedroom, living rooms, hallways and decorative lighting.
It is a Best Gift for Marriage Anniversary , Parents , Mother’s day , Wedding Return Gift , Birthday , House warming , Office Shop Inauguration , Festive and Corporate Gifts
Space Saving - Wall-Mounted Design Beautifies The Wall While Saving More Space
This table lamp has a nice modern Fab yet classy look with a deep-textured fabric lamp shade.
It helps cast a nice warm light that sets a wonderful atmosphere and makes the room feel cozier.The light can be used on long, dark winter evening, during dinner parties or even as night lights.",Lamps and Lighting,Y,lamp,peach,191720394,1138647109,191720394-1629873047244-0
VL-242,"Twin Bell Table Clock.Loud Alarm Clock. for Home, Office, Decor, Showpiece Item Best for Kids & Students - Multicolor","_x000D_
Alarm Clock for Home/Offices/Bedroom/Living Room/Kitchen Alarm Clock Table Desk wall haing clock timer
_x000D_
Classic analogue display and a classic-themed exterior gives it an undeniable classic charm.
_x000D_
Very loud twin bell alarm makes sure its functionality is at maximum.Mini and cute design, Convenient to carry. Traditional shape, also suits for desk decor
_x000D_
Metal case and glass cover to protect the inner mechanisms of the clock, making it highly durable.
_x000D_
Love your life, love yourself. it Protects you from harm of radiation, with this beside alarm clock, no need to set alarm anymore in your mobile, you can keep your mobile away when you are sleeping.
_x000D_
Item Dimensions LxWxH 13 x 5 x 9 Centimeters
_x000D_",Table and Alarm Clocks,Y,clock,sage,191735791,1138663154,191735791-1629876137387-0
VL-243,Modern Style Crystal Table Lamp Decorative Table Lamp for Living Room Bedroom Lamp - Multicolor,"Ivory Shade Stylish Beautiful decorative Table Lamp With glass dome - ideal for bedside reading, bedroom, living rooms, hallways and decorative lighting.
It is a Best Gift for Marriage Anniversary , Parents , Mother’s day , Wedding Return Gift , Birthday , House warming , Office Shop Inauguration , Festive and Corporate Gifts
Space Saving - Wall-Mounted Design Beautifies The Wall While Saving More Space
This table lamp has a nice modern Fab yet classy look with a deep-textured fabric lamp shade.
It helps cast a nice warm light that sets a wonderful atmosphere and makes the room feel cozier.The light can be used on long, dark winter evening, during dinner parties or even as night lights.",Lamps and Lighting,Y,lamp,gold,191740350,1138658390,191740350-1629875724390-0
VL-244,"Alarm Clock/Twin Bell Table Clock.Loud Alarm Clock. for Home, Office, Decor, Showpiece Item Best for Kids & Students","This gorgeous timepiece might as well be a work of art to complement modern, vintage and contemporary home decor while maintaining the main functionalities of an alarm clock. With strong features including its very loud twin bell alarm to get you moving, contrasting with its silent sweep mechanism which will guarantee you a restful night's sleep. A metal case, glass cover, and a backlight at the press of a button that makes time telling in the dark a breeze, this beauty is truly something you don't want to miss.",Table and Alarm Clocks,N,clock,clay,191744474,1138659771,191744474-1629877153829-0
VL-245,Royal Designer Gold Plated Premium Wall Clock,"Dimension(LXBXH) 24cm x 25cm x 6cm CM, Best For Home Decor, Anniversary,Christmas, New Year, Diwali and Corporate Gifts
_x000D_
• Sales Package - 1 Royal Designer Gold Plated Premium Wall Clock Product Color Golden White,
_x000D_
Material- Plastic, Quality-Premium Quality
_x000D_
• Item Color: Multicolour
_x000D_
Battery Powered: Yes ( AA) (not included)
_x000D_
• Care Instruction: Don't wash, use dry or wet cotton cloth to remove dirt.
_x000D_
_x000D_",Wall Clocks,N,clock,sand,191748459,1635204517,191748459-1629879491522-0
VL-246,"Elegant, Traditional, Decorative, Modern Wall Clock Fancy Ethnic Luxury Handmade Decoration, Swinging Pendulum for  Room or Office","Shape : Round
Material : Resin,Plastic
Mounting Type : Wall Mount
Watch movement : Quartz
Special Features : Silent Clock
Product Diemsions : 38.0 cm x 5.08cm x 74.93cm",Wall Clocks,Y,clock,peach,191748991,1670546873,191748991-1698393083840-0
VL-247,3 in 1 Mini Hand Air Pump – Portable Pumper for Ball Balloons and Cycle Tyre,"The 3 in 1 Mini Hand Air Pump is a must-have tool for your everyday needs.
With this handy pump, you can easily inflate sports balls like football basketball volleyball, party balloons, and bicycle tyres.
Its compact and lightweight design makes it super easy to carry anywhere – whether at home, outdoor, or during travel.
✅ Features and Benefits
3 in 1 multipurpose use – suitable for balls balloons and bicycle tyres
Portable and lightweight – easy to carry in bag or backpack
Durable build – long lasting and reliable
Quick inflation – saves time and effort
Everyday essential – perfect for players families and travelers
👉 Order now the 3 in 1 Mini Hand Air Pump and enjoy hassle free inflation anytime anywhere.",Appliances and Tools,Y,vase,sage,192197888,2587877322,192197888-1758595721510-0
VL-248,"cute cartoon PVC inflatable sofa pink blue mouse children inflatable seat children's toys 43* 43 * 65cm 2- 6 years old (Included Items: 1 x Inflatable Sofa, 1 x PUMPER)","Included Items: 1 x Inflatable Sofa, 1 x PUMPER
Material: Plastic
Ideal kids' seating at home or on the move - perfect for story time at home or take your favourite kids' chair around to nanny's house.
Gifts to share: Family outdoor tourism essential goods! Also good gift for a friend.
Scope: Advanced commonly bed home, home visitors temporary bed, office lunch nap, tourism camping. Modeling lovely, portable, affordable, comfortable and durable, by the youth, children's favorite.
After-sales Service: If you have any quality problems after purchasing the chair, please contact us. We will try our best to solve any problem of the product.
Included Items: 1 x Inflatable Sofa, 1 x PUMPER",Toys and Games,Y,vase,gold,192206332,1139038138,192206332-1630117925963-0
VL-249,"Party Propz Balloon Manual Hand Pump for Latex Foil, Helium Air Baloon/Airpump/Balloons Pumper (Multicolor)","Packet includes 1pc assorted colour manual or hand balloon pump. This airpump can help you easily fill any types of balloons like metallic, latex, foil, mylar etc. This can help you easily fill balloons before party and make the decoration super easy. This hand balloon pump can be use for birthday, anniversary, first birth day, baby shower, bride to be, fortnite, boss baby, football, animal/ jungle theme, shark bday etc.
Constructed from superior materials: unlike other cheap and flimsy manual balloon pumps we encountered out there, our handheld balloon pumps have a solid and durable construction that is guaranteed to last for a long time to come. This manual balloon pumper can be used with other balloon accessories like glue dot, ballun garland arch kit, ballon curling ribbon and can make you parties stand out.
Ergonomic design: our ballon air pump operates smoothly and has good grip, allowing it to be operated by adults as well as older kids. The unique nozzle construction helps keep your balloons securely in place while our extra large air valves and high-quality rubber rings ensure maximum airflow.
This double action balloon pump can fill air in any kind of balloons like jumbo, 12"", 5"" 10"" etc and any colour like gold, chrome, black, blue, pink, purple, red, silver, white etc. Decorate your kids boy or girl, gender reveal parties, donut parties. You can combine the balloon with other party propz products like banners, swirls, candles, cake toppers etc.
Package Content: 1 Helium Air Baloon; Color: Multicolor; Material: Acrylic; Dimensions- LxWxH: 28.5 x 5 x 5 cm; Included Items: 1 Helium Air Baloon; Is Battery Required: No; Is Battery Included: No; Whether Assembly Required: No; Ocassion: Birthday; Recommended Age: 3-70 Years",Office and Stationery,Y,vase,clay,192208240,1139039148,192208240-1630118711538-0
VL-250,European-style classical luxury high-end tissue box gold-plated pumping tray gift tissue holder - Multicolor,"Brand Name: theuphela
Origin: CN(Origin)
Style: Europe
Laying Method: Seat Type
Material: Metal & Wood
Model Number: ZJH004
Type: Tissue Canister
Applicable Tissue: Removable Tissue
Size ; 26.5cm x 13.8cm x 10cm
capacity 120 piece paper",Tableware and Serving,Y,vase,sand,194315902,1140806319,194315902-1630812969926-0
VL-251,classical luxury European-style classical luxury high-end tissue box gold-plated pumping tray gift tissue holder - Multicolor,"Brand Name: theuphela
Origin: CN(Origin)
Style: Europe
Laying Method: Seat Type
Material: Metal & Wood
Model Number: ZJH004
Type: Tissue Canister
Applicable Tissue: Removable Tissue
Size ; 26.5cm x 13.8cm x 10cm
capacity 120 piece paper",Tableware and Serving,Y,vase,peach,194331466,1720674027,194331466-1630813662623-0
VL-252,classical luxury European-style classical luxury high-end tissue box gold-plated pumping tray gift tissue holder - Multicolor,"Brand Name: theuphela
Origin: CN(Origin)
Style: Europe
Laying Method: Seat Type
Material: Metal & Wood
Model Number: ZJH004
Type: Tissue Canister
Applicable Tissue: Removable Tissue
Size ; 26.5cm x 13.8cm x 10cm
capacity 120 piece paper",Tableware and Serving,Y,vase,sage,194337209,1140797979,194337209-1630813493828-0
VL-253,European-style classical luxury high-end tissue box gold-plated pumping tray gift tissue holder - Multicolor,"Brand Name: theuphela
Origin: CN(Origin)
Style: Europe
Laying Method: Seat Type
Material: Metal & Wood
Model Number: ZJH004
Type: Tissue Canister
Applicable Tissue: Removable Tissue
Size ; 26.5cm x 13.8cm x 10cm
capacity 120 piece paper",Tableware and Serving,Y,vase,gold,194338120,1140797932,194338120-1630813176063-0
VL-254,Tissue Box Paper Holder Home Hotel Decor,"Dimension of the tissue box: 23.5x13x9.5 cm(L*W*H),weight:300g
Package:tissue box holder x 1
This tissue box was made of acrylic and alloy crfaft which is more durable than plastic
The european design is so luxury and fashion,a good decoration for home hotel
This ornate tissue box is widely used for living room and bathroom for home or hotel using",Home Decor and Showpieces,Y,vase,clay,195353917,1141651111,195353917-1631035230759-0
VL-255,Tissue Box  Paper  Holder Home Hotel Decor,,Tableware and Serving,Y,vase,sand,195356368,1141650167,195356368-1631035100128-0
VL-256,Tissue Box Paper Holder Home Hotel Decor - Multicolor,"Dimension of the tissue box: 23.5x13x9.5 cm(L*W*H),weight:300g
Package:tissue box holder x 1
This tissue box was made of acrylic and alloy crfaft which is more durable than plastic
The european design is so luxury and fashion,a good decoration for home hotel
This ornate tissue box is widely used for living room and bathroom for home or hotel using",Tableware and Serving,Y,vase,peach,195358544,1830394473,195358544-1694692020661-1
VL-257,Tissue Box Paper Holder Home Hotel Decor - Red,"Dimension of the tissue box: 23.5x13x9.5 cm(L*W*H),weight:300g
Package:tissue box holder x 1
This tissue box was made of acrylic and alloy crfaft which is more durable than plastic
The european design is so luxury and fashion,a good decoration for home hotel
This ornate tissue box is widely used for living room and bathroom for home or hotel using",Tableware and Serving,Y,vase,sage,195358544,1830394472,195358544-1694692020662-2
VL-258,Tissue Box Paper Holder Home Hotel Decor - White,"Dimension of the tissue box: 23.5x13x9.5 cm(L*W*H),weight:300g
Package:tissue box holder x 1
This tissue box was made of acrylic and alloy crfaft which is more durable than plastic
The european design is so luxury and fashion,a good decoration for home hotel
This ornate tissue box is widely used for living room and bathroom for home or hotel using",Tableware and Serving,Y,vase,gold,195358544,1830394474,195358544-1694692020660-0
VL-259,Tissue Box Holder,"Dimension of the tissue box: 23.5x13x9.5 cm(L*W*H),weight:300g
Package:tissue box holder x 1
This tissue box was made of acrylic and alloy crfaft which is more durable than plastic
The european design is so luxury and fashion,a good decoration for home hotel
This ornate tissue box is widely used for living room and bathroom for home or hotel using",Home Decor and Showpieces,Y,vase,clay,195369019,1141642538,195369019-1631035593378-0
VL-260,GTS-1346 GREATNICE Wireless Speaker Extra Bass TWS 3'' EXTRA SUPER BASS CLEAR AND BIG SOUNDS PORTABLE WIRELESS BLUETOOTH SPEAKER WITH FM RAADIO/ SD CARD/ MP3 PLAYER,"Bluetooth speaker, 3-inch flower, connects to smart devices Power on and turn on your Smart mobile then search the file.
Speaker model name and device pairing Once the device is paired, the blue color will automatically connect when the power is on.
1.OFF/ON: to turn on/off the speaker
2. DC 5V, plug the Micro USB cable into the speaker and other connections, put the USB port into the power supply. (DC 5V)
3. USB connector : used to read music files in FAT32 format up to 32GB
4.TF: used to read music files in FAT32 format up to 32GB size
5. Play / Pause: Under mode USB/TF/Bluetooth, short press to play and pause
6.M: to switch mode between USB/TF, Bluetooth, FM mode
7. PREV/VOL USB/TF/Blue/FM mode: swipe left to advance. This page channel/track swipe left and long press to decrease volume
8. NEXT/VOL+USB/TF/FM mode: Swipe right to move next FM channel/track. Swipe right and long press to increase volume.",Electronics and Audio,Y,vase,sand,195526799,1141813431,195526799-1631088756191-0
VL-261,Creative Retro Vintage Bicycle Alarm Clock ABS Plastic Bike Table Clocks Fashion Pocket Watch Retro Bicycle Alarm Clock Creative Clock  Ornament Home Art Decorations - Antique,"Creative Retro Vintage Bicycle Alarm Clock ABS Plastic Bike Table Clocks Fashion Pocket Watch Retro Bicycle Alarm Clock Creative Clock Ornament Home Art Decorations
Stylish Bicycle shape Alarm Clock , fashion and novel design, it's suitable for kids bedroom
Use 1 A battery powered, super power saving (battery is not included)
The bicycle clock is a perfect gift for home decor, holiday gift. It's suit for any rooms, it's a impressive gift.
Front wheel is shaped in a clock, the color is black
Colour : Black
Material : ABS Plastic
Operation Mode : Mechanical
Item Dimensions (LxWxH) : 20 x 1.5 x 12 Centimeters
Are Batteries Included : No",Table and Alarm Clocks,Y,clock,peach,195682516,1673950604,1707016230992
VL-262,Creative Retro Vintage Bicycle Alarm Clock ABS Plastic Bike Table Clocks Fashion Pocket Watch Retro Bicycle Alarm Clock Creative Clock  Ornament Home Art Decorations - White,"Creative Retro Vintage Bicycle Alarm Clock ABS Plastic Bike Table Clocks Fashion Pocket Watch Retro Bicycle Alarm Clock Creative Clock Ornament Home Art Decorations
Stylish Bicycle shape Alarm Clock , fashion and novel design, it's suitable for kids bedroom
Use 1 A battery powered, super power saving (battery is not included)
The bicycle clock is a perfect gift for home decor, holiday gift. It's suit for any rooms, it's a impressive gift.
Front wheel is shaped in a clock, the color is black
Colour : Black
Material : ABS Plastic
Operation Mode : Mechanical
Item Dimensions (LxWxH) : 20 x 1.5 x 12 Centimeters
Are Batteries Included : No",Table and Alarm Clocks,Y,clock,sage,195682516,1673950602,1707016230956
VL-263,Creative Retro Vintage Bicycle Alarm Clock ABS Plastic Bike Table Clocks Fashion Pocket Watch Retro Bicycle Alarm Clock Creative Clock  Ornament Home Art Decorations - Blue,"Creative Retro Vintage Bicycle Alarm Clock ABS Plastic Bike Table Clocks Fashion Pocket Watch Retro Bicycle Alarm Clock Creative Clock Ornament Home Art Decorations
Stylish Bicycle shape Alarm Clock , fashion and novel design, it's suitable for kids bedroom
Use 1 A battery powered, super power saving (battery is not included)
The bicycle clock is a perfect gift for home decor, holiday gift. It's suit for any rooms, it's a impressive gift.
Front wheel is shaped in a clock, the color is black
Colour : Black
Material : ABS Plastic
Operation Mode : Mechanical
Item Dimensions (LxWxH) : 20 x 1.5 x 12 Centimeters
Are Batteries Included : No",Table and Alarm Clocks,Y,clock,gold,195682516,1673950603,1707016230975
VL-264,Creative Retro Vintage Bicycle Alarm Clock ABS Plastic Bike Table Clocks Fashion Pocket Watch Retro Bicycle Alarm Clock Creative Clock  Ornament Home Art Decorations - Multicolor,"Creative Retro Vintage Bicycle Alarm Clock ABS Plastic Bike Table Clocks Fashion Pocket Watch Retro Bicycle Alarm Clock Creative Clock Ornament Home Art Decorations
Stylish Bicycle shape Alarm Clock , fashion and novel design, it's suitable for kids bedroom
Use 1 A battery powered, super power saving (battery is not included)
The bicycle clock is a perfect gift for home decor, holiday gift. It's suit for any rooms, it's a impressive gift.
Front wheel is shaped in a clock, the color is black
Colour : Black
Material : ABS Plastic
Operation Mode : Mechanical
Item Dimensions (LxWxH) : 20 x 1.5 x 12 Centimeters
Are Batteries Included : No",Table and Alarm Clocks,Y,clock,clay,195682516,1673950600,195682516-1631122582575-0
VL-265,Creative Retro Vintage Bicycle Alarm Clock ABS Plastic Bike Table Clocks Fashion Pocket Watch Retro Bicycle Alarm Clock Creative Clock  Ornament Home Art Decorations - Red,"Creative Retro Vintage Bicycle Alarm Clock ABS Plastic Bike Table Clocks Fashion Pocket Watch Retro Bicycle Alarm Clock Creative Clock Ornament Home Art Decorations
Stylish Bicycle shape Alarm Clock , fashion and novel design, it's suitable for kids bedroom
Use 1 A battery powered, super power saving (battery is not included)
The bicycle clock is a perfect gift for home decor, holiday gift. It's suit for any rooms, it's a impressive gift.
Front wheel is shaped in a clock, the color is black
Colour : Black
Material : ABS Plastic
Operation Mode : Mechanical
Item Dimensions (LxWxH) : 20 x 1.5 x 12 Centimeters
Are Batteries Included : No",Table and Alarm Clocks,Y,clock,sand,195682516,1673950601,1707016230938
VL-266,Vintage Bicycle Alarm Clock ABS Plastic Bike Table Clocks Fashion Pocket Watch Retro Bicycle Alarm Clock Creative Clock  Ornament Home Art Decorations,"_x000D_
Stylish Bicycle shape Alarm Clock , fashion and novel design, it's suitable for kids bedroom
_x000D_
Use 1 A battery powered, super power saving (battery is not included)
_x000D_
The bicycle clock is a perfect gift for home decor, holiday gift. It's suit for any rooms, it's a impressive gift.
_x000D_
Front wheel is shaped in a clock, the color is black
_x000D_
Colour : Black
_x000D_
Material : ABS Plastic
_x000D_
Operation Mode : Mechanical
_x000D_
Item Dimensions (LxWxH) : 20 x 1.5 x 12 Centimeters
_x000D_
Are Batteries Included : No
_x000D_",Table and Alarm Clocks,N,clock,peach,195684040,1141939136,195684040-1631122370997-0
VL-267,Peacock with Clock Showpiece,"• This item is our exclusive!
• Beautiful metallic hues
• Charming peacock and birds
• Peacock feathers are accented with jewels
• Unique accent clock design",Table and Alarm Clocks,N,clock,sage,195837009,1142092497,195837009-1631168912771-0
VL-268,TWS 3'' EXTRA SUPER BASS CLEAR AND BIG SOUNDS PORTABLE WIRELESS BLUETOOTH SPEAKER WITH FM RAADIO/ SD CARD/ MP3 PLAYER,"Bluetooth speaker, 3-inch flower, connects to smart devices Power on and turn on your Smart mobile then search the file.
Speaker model name and device pairing Once the device is paired, the blue color will automatically connect when the power is on.
1.OFF/ON: to turn on/off the speaker
2. DC 5V, plug the Micro USB cable into the speaker and other connections, put the USB port into the power supply. (DC 5V)
3. USB connector : used to read music files in FAT32 format up to 32GB
4.TF: used to read music files in FAT32 format up to 32GB size
5. Play / Pause: Under mode USB/TF/Bluetooth, short press to play and pause
6.M: to switch mode between USB/TF, Bluetooth, FM mode
7. PREV/VOL USB/TF/Blue/FM mode: swipe left to advance. This page channel/track swipe left and long press to decrease volume
8. NEXT/VOL+USB/TF/FM mode: Swipe right to move next FM channel/track. Swipe right and long press to increase volume.",Electronics and Audio,Y,vase,gold,195838935,1142100517,195838935-1631169628682-0
VL-269,Creative Retro Vintage Peacock with Clock Showpiece,"• This item is our exclusive!
• Beautiful metallic hues
• Charming peacock and birds
• Peacock feathers are accented with jewels
• Unique accent clock design",Table and Alarm Clocks,N,clock,clay,195846325,1142101306,195846325-1631169379851-0
VL-270,"Duncan Toys Quick Cube 2 X 2, Brain Game Toy","CORNER-CUTTING DESIGN: Solves smoothly and quietly. The Duncan Quick Cube features smooth, easy turning design to allow the user to ""corner cut"" for superior performance and play.
GREAT FOR ALL AGES: Whether you're a pro or novice, the 2 x 2 Quick Cube is a simple and fun brain game for all ages and skill levels.
QUICK BRAIN GAME: Challenge your brain with the fun, fast-paced Duncan Quick Cube puzzle. Once you solve it, improve your time and become a Quick Cube master!
PRODUCT DETAILS: 2 x 2 Puzzle with Red, Orange, Yellow, Green, Blue and White colored sides.",Toys and Games,Y,vase,sand,196522491,1142934821,196522491-1631283612829-0
VL-271,3X3 Rubics Cube,৩,Toys and Games,N,vase,peach,197438652,1144010770,197438652-1631475600775-0
VL-272,Rubic Cube Toys 3/3 for Kids Brain Game,"_x000D_
This Original 3x3 Rubik's Cube is a must have for cube enthusiasts
_x000D_
NOTE : These cube are suppose to be loose so that the consumer can solve them faster
_x000D_
contains: 3x3 cube
_x000D_
Billions of combinations only one solution
_x000D_
World's best-selling and most famous puzzle
_x000D_
43 quintillion possible moves
_x000D_
Twist and turn cube to return it to it's original state, every side having one solid color
_x000D_
contains 3 x 3 cube and cube stand
_x000D_
Calculate the solution with the online solver
_x000D_
Learn the easiest solution and measure your times
_x000D_
43 Quintillion” possible moves and only “ONE” solution!
_x000D_
Twist and turn the Cube using various combinations to return it to its original state
_x000D_
Every side finally has one solid color
_x000D_
A stimulating challenging puzzle
_x000D_
Rubik’s Cube is the world’s popular 3-D puzzle phenomenon
_x000D_",Toys and Games,Y,vase,sage,197440446,1144018071,197440446-1631475243887-0
VL-273,Rubics Cube 3x3 - Multicolor,"This Original 3x3 Rubik's Cube is a must have for cube enthusiasts
NOTE : These cube are suppose to be loose so that the consumer can solve them faster
contains: 3x3 cube
Billions of combinations only one solution
World's best-selling and most famous puzzle
43 quintillion possible moves
Twist and turn cube to return it to it's original state, every side having one solid color
contains 3 x 3 cube and cube stand
Calculate the solution with the online solver
Learn the easiest solution and measure your times
43 Quintillion” possible moves and only “ONE” solution!
Twist and turn the Cube using various combinations to return it to its original state
Every side finally has one solid color
A stimulating challenging puzzle
Rubik’s Cube is the world’s popular 3-D puzzle phenomenon",Toys and Games,Y,vase,gold,197441236,1633115127,197441236-1697255121958-0
VL-274,Mirror Cube 3x3 Speed Cube 3x3x3 Mirror Blocks Unequal Puzzle Silver Black 57mm - Multicolor,"_x000D_
This Original 3x3 Rubik's Cube is a must have for cube enthusiasts
_x000D_
NOTE : These cube are suppose to be loose so that the consumer can solve them faster
_x000D_
contains: 3x3 cube
_x000D_
Billions of combinations only one solution
_x000D_
World's best-selling and most famous puzzle
_x000D_
43 quintillion possible moves
_x000D_
Twist and turn cube to return it to it's original state, every side having one solid color
_x000D_
contains 3 x 3 cube and cube stand
_x000D_
Calculate the solution with the online solver
_x000D_
Learn the easiest solution and measure your times
_x000D_
43 Quintillion” possible moves and only “ONE” solution!
_x000D_
Twist and turn the Cube using various combinations to return it to its original state
_x000D_
Every side finally has one solid color
_x000D_
A stimulating challenging puzzle
_x000D_
Rubik’s Cube is the world’s popular 3-D puzzle phenomenon
_x000D_",Toys and Games,Y,vase,clay,197441609,1144020181,197441609-1631476132935-0
VL-275,Mirror Cube 3x3 Speed Cube 3x3x3 Mirror Blocks Unequal Puzzle Silver Black 57mm - Multicolor,"_x000D_
This Original 3x3 Rubik's Cube is a must have for cube enthusiasts
_x000D_
NOTE : These cube are suppose to be loose so that the consumer can solve them faster
_x000D_
contains: 3x3 cube
_x000D_
Billions of combinations only one solution
_x000D_
World's best-selling and most famous puzzle
_x000D_
43 quintillion possible moves
_x000D_
Twist and turn cube to return it to it's original state, every side having one solid color
_x000D_
contains 3 x 3 cube and cube stand
_x000D_
Calculate the solution with the online solver
_x000D_
Learn the easiest solution and measure your times
_x000D_
43 Quintillion” possible moves and only “ONE” solution!
_x000D_
Twist and turn the Cube using various combinations to return it to its original state
_x000D_
Every side finally has one solid color
_x000D_
A stimulating challenging puzzle
_x000D_
Rubik’s Cube is the world’s popular 3-D puzzle phenomenon
_x000D_",Toys and Games,Y,vase,sand,197443591,1144021220,197443591-1631476305004-0
VL-276,Rubics Cube 3x3 - Multicolor,"This Original 3x3 Rubik's Cube is a must have for cube enthusiasts
NOTE : These cube are suppose to be loose so that the consumer can solve them faster
contains: 3x3 cube
Billions of combinations only one solution
World's best-selling and most famous puzzle
43 quintillion possible moves
Twist and turn cube to return it to it's original state, every side having one solid color
contains 3 x 3 cube and cube stand
Calculate the solution with the online solver
Learn the easiest solution and measure your times
43 Quintillion” possible moves and only “ONE” solution!
Twist and turn the Cube using various combinations to return it to its original state
Every side finally has one solid color
A stimulating challenging puzzle
Rubik’s Cube is the world’s popular 3-D puzzle phenomenon",Toys and Games,Y,vase,peach,197444363,1633122021,197444363-1697440911183-0
VL-277,Mirror Cube 3x3 Speed Cube 3x3x3 Mirror Blocks Unequal Puzzle Silver Black 57mm - Multicolor,"This Original 3x3 Rubik's Cube is a must have for cube enthusiasts
NOTE : These cube are suppose to be loose so that the consumer can solve them faster
contains: 3x3 cube
Billions of combinations only one solution
World's best-selling and most famous puzzle
43 quintillion possible moves
Twist and turn cube to return it to it's original state, every side having one solid color
contains 3 x 3 cube and cube stand
Calculate the solution with the online solver
Learn the easiest solution and measure your times
43 Quintillion” possible moves and only “ONE” solution!
Twist and turn the Cube using various combinations to return it to its original state
Every side finally has one solid color
A stimulating challenging puzzle
Rubik’s Cube is the world’s popular 3-D puzzle phenomenon",Toys and Games,Y,vase,sage,197446539,1144009952,197446539-1631476210396-0
VL-278,Delux DW-003 Full HD WebCam,"Delux DW-003 USB Full HD Webcam With the 3 Megapixel WebCam featured
with Video 1920 x 1080 pixel Resolution,infinity Focusing range 20mm ,
Frame Rate 30FPS Camera with Microphone. This Webcam has USB
2.0Hi-Speed interface",Electronics and Audio,N,vase,gold,198485821,1145456311,198485821-1631805660111-0
VL-279,TX3 Mini Android 8.1 TV Box 4K TV Amlogic S905W Quad core H.265 Decoding 2.0GHz WiFi TV Box - 2GB/16GB,"Front LCD Screen.
2GB RAM+16GB ROM.
Android 7.1 Marshmallow OS.
H.265 video decoding technology with WIFI 2.0GHZ offer a stable WIFI signal, and loads resources by taking half time and half occupation of bandwidth of H.264 decoding, it is more faster and stable.
[Social Network] - Skype chatting,Picasa,Youtube,Flicker,Facebook, facebook and etc.
Connectivity Technology Wireless
Supported Internet Services Netflix, Skype, ITunes, Google TV, YouTube
Item Weight 0.34 Pounds
Memory Storage Capacity 16 GB
Item Dimensions LxWxH 4.13 x 4.13 x 0.59 inches
Control Method Remote
Controller Type Remote Control",Electronics and Audio,Y,vase,clay,198489267,1145446296,198489267-1631804151618-0
VL-280,Modern Transparent Bedroom K9 Crystal Table Lamps Lights Desk Bedside Standard Lighting Living Room Lamparas de Mesa 110-240V High 40CM* Wide 21CM Warm Light - Multicolor,"Classic design: it is more than just a desk lamp, it is a piece of art, it is worth collecting.
After 1000 degrees high temperature firing, the lamp body is smooth and smooth, and the color is round, pure hand-made, elegant and beautiful.
Base: bright color, no fading, multi-process, bottom anti-slip mat design, safer to use
Fabric lampshade: environmentally friendly light-transparent material, fine texture, high temperature resistance, soft light, no glare
100% package satisfaction, if you have any problems after receiving the product, please contact us in time, we will solve any problem for you.
Size: High 40CM",Lamps and Lighting,Y,lamp,sand,199000974,1146451734,199000974-1632035179207-0
VL-281,Decorative nordic modern luxurious unique bedroom bedside usb ceramic fabric table lamp - Multicolor,"Model NO.: 901-191424
Product type: Decorative nordic modern luxury unique bedroom bedside usb fabric lamp
Lamp size(mm): D220*H370mm
Frame finished: white shape+white body Black, White, Chrome
Material: fabric+ceramics
Lamp source: E27-1*40w",Lamps and Lighting,N,lamp,peach,199016725,1146456861,199016725-1632037612924-0
VL-282,Twin Bell Vintage Alarm Clock - Multicolor,"Dial Width: 4 Inches;
Total Height: 6.8 Inches;
Material :- Metal , Brand :- DKdas.
DKdas Metallic Iron Look, Well Made, Color Silver, Large Black Numbers，An Awesome Clear And Simple Style, Looks Conspicuous In Your Nightstand.
Light Button Inbuilt: Yes, Clock Type: Analog, Clock Hands: 3, Design: Old Style - Old Age, Alarm Voice: Triiiiiiiiiiiiiiiiiiiiin Like Old Age..! BY DKdas.",Table and Alarm Clocks,Y,clock,sage,205233956,1153558019,205233956-1634495537363-0
VL-283,Twin Bell Vintage Alarm Clock - Multicolor,"Dial Width: 4 Inches;
Total Height: 6.8 Inches;
Material :- Metal , Brand :- DKdas.
DKdas Metallic Iron Look, Well Made, Color Silver, Large Black Numbers，An Awesome Clear And Simple Style, Looks Conspicuous In Your Nightstand.
Light Button Inbuilt: Yes, Clock Type: Analog, Clock Hands: 3, Design: Old Style - Old Age, Alarm Voice: Triiiiiiiiiiiiiiiiiiiiin Like Old Age..! BY DKdas.",Table and Alarm Clocks,Y,clock,gold,205234905,1153556362,205234905-1634495854044-0
VL-284,Twin Bell Vintage Alarm Clock - Multicolor,"Dial Width: 4 Inches;
Total Height: 6.8 Inches;
Material :- Metal , Brand :- DKdas.
DKdas Metallic Iron Look, Well Made, Color Silver, Large Black Numbers，An Awesome Clear And Simple Style, Looks Conspicuous In Your Nightstand.
Light Button Inbuilt: Yes, Clock Type: Analog, Clock Hands: 3, Design: Old Style - Old Age, Alarm Voice: Triiiiiiiiiiiiiiiiiiiiin Like Old Age..! BY DKdas.",Table and Alarm Clocks,Y,clock,clay,205239603,1153555410,205239603-1634496753345-0
VL-285,"Metal Analog QHK051R Seiko Alarm Clock, Shape: Round, Packaging Type: Box","It's time to add a punch of colour to your interiors. Now a day’s wall clocks are more than just time-showing device, which give a elegant look to your decor. This wall mounted Analog wall clock is made up of high quality material, easy to install, clean & maintain. The intelligent wall clock combines good looks with functionality.",Table and Alarm Clocks,N,clock,sand,205240429,1153559214,205240429-1634496458561-0
VL-286,creative household items Retro style kerosene lamp alarm clock,"creative household items Retro style kerosene lamp alarm clock
_x000D_
This alarm clock is designed in a retro style.
_x000D_
Its shape is an exquisite kerosene lamp.
_x000D_
In many film and television works, explorers often use such a kerosene lamp to illuminate during their adventures.
_x000D_
In the Indiana Jones and Pirates of the Caribbean series, this kerosene lamp is constantly appearing in the movies.
_x000D_
This kerosene lamp has become the standard of the explorer.
_x000D_
So if you like adventure or adventure movies, don't hesitate to buy this kerosene lamp alarm clock and you will be the new adventure master.
_x000D_
Made of qualified materials, high quality, safe and harmless.
_x000D_
Stylish design, exquisite style, high quality, low price and high cost performance.
_x000D_
Safe and practical, it is the first choice for getting people to get up.
_x000D_
Great for home use.
_x000D_
Modeling: kerosene lamp
_x000D_
Material: Plastic
_x000D_
Color: rose red, blue, gray, bronze, silver, five colors randomly
_x000D_
Size: 17.5cm*10cm*7cm
_x000D_",Table and Alarm Clocks,Y,clock,peach,205241012,1153548646,205241012-1634494329766-0
VL-287,Twin Bell Vintage Alarm Clock - Multicolor,"Dial Width: 4 Inches;
Total Height: 6.8 Inches;
Material :- Metal , Brand :- DKdas.
DKdas Metallic Iron Look, Well Made, Color Silver, Large Black Numbers，An Awesome Clear And Simple Style, Looks Conspicuous In Your Nightstand.
Light Button Inbuilt: Yes, Clock Type: Analog, Clock Hands: 3, Design: Old Style - Old Age, Alarm Voice: Triiiiiiiiiiiiiiiiiiiiin Like Old Age..! BY DKdas.",Table and Alarm Clocks,Y,clock,sage,205241225,1153548785,205241225-1634495657433-0
VL-288,"Antique Vintage Royal Clock Grand Central Station Extra Large 24'' X 35""-Inch Antique Classy Wall Clock - Clock","This antique vintage royal clock is a neccessity in your home, offices, and all other desired space you want to place it..
Its beautiful and durable. It can be placed on your livingroom walls,bedroom,,offices,hotels,receptions.
The product dimension is 24 x 35"" round
#Clock",Wall Clocks,N,clock,gold,206036708,1154820465,206036708-1634802977641-0
VL-289,Clock and Photo Frame Chocolate Dark Clock Table Watch - Wall Frame,"High Quality Clock
Sturdy Plastic
1 slot to put your memory photo
Length: 8 inch
width: 9 inch
#RoomDecoration
#PhotoFrame
#WallFrame",Mirrors and Frames,Y,mirror,clay,206066562,1154822701,206066562-1634803958536-0
VL-290,ঘড়ি এবং ফটো ফ্রেম চকোলেট ডার্ক ক্লক টেবেল ওয়াচ - Room Decoration,"High Quality Clock
Sturdy Plastic
1 slot to put your memory photo
Length: 8 inch
width: 9 inch
#RoomDecoration
#PhotoFrame
#WallFrame",Mirrors and Frames,Y,mirror,sand,206067468,1154824593,206067468-1634803837882-0
VL-291,ঘড়ি এবং ফটো ফ্রেম চকোলেট ডার্ক ক্লক টেবেল ওয়াচ,"High Quality Clock
Sturdy Plastic
1 slot to put your memory photo
Length: 8 inch
width: 9 inch
#RoomDecoration
#PhotoFrame
#WallFrame",Mirrors and Frames,Y,mirror,peach,206069110,1154824404,206069110-1634803673041-0
VL-292,Classic Antique Fiber Made Pendulum Wall Clock - wall clock,"Antique Fiber Made Pendulum Wall Clock
Product Type: Fiber Made Pendulum Wall Clock.
Unique style makes your room more elegant and modern.
A perfect gift choice.
Add charm to your home.
Leave a deep impression to your guests.
Durable acrylic material, non-toxic, no peculiar smell, safe to use.
High-Quality Product fiber.
Clear, large and easy to read digits.
The pendulum is always moving
Full watch size is 17+ inch and body is 8 inch.",Wall Clocks,Y,clock,sage,206084280,1845715143,206084280-1634807126682-0
VL-293,ক্রিয়েটিভ ঘরোয়া আইটেম রেট্রো স্টাইল কেরোসিন ল্যাম্প অ্যালার্ম ক্লক,"This alarm clock is designed in a retro style.
Its shape is an exquisite kerosene lamp.
In many film and television works, explorers often use such a kerosene lamp to illuminate during their adventures.
In the Indiana Jones and Pirates of the Caribbean series, this kerosene lamp is constantly appearing in the movies.
This kerosene lamp has become the standard of the explorer.
So if you like adventure or adventure movies, don't hesitate to buy this kerosene lamp alarm clock and you will be the new adventure master.
Made of qualified materials, high quality, safe and harmless.
Stylish design, exquisite style, high quality, low price and high cost performance.
Safe and practical, it is the first choice for getting people to get up.
Great for home use.
Modeling: kerosene lamp
Material: Plastic
Color: rose red, blue, gray, bronze, silver, five colors randomly
Size: 17.5cm*10cm*7cm",Table and Alarm Clocks,Y,clock,gold,206087384,1154854844,206087384-1634807401325-0
VL-294,Creative Household Items - Vintage Retro Style Kerosene Lamp Alarm Clock - Combine Nostalgia and Functionality in Your Home,"This alarm clock is designed in a retro style.
Its shape is an exquisite kerosene lamp.
In many film and television works, explorers often use such a kerosene lamp to illuminate during their adventures.
In the Indiana Jones and Pirates of the Caribbean series, this kerosene lamp is constantly appearing in the movies.
This kerosene lamp has become the standard of the explorer.
So if you like adventure or adventure movies, don't hesitate to buy this kerosene lamp alarm clock and you will be the new adventure master.
Made of qualified materials, high quality, safe and harmless.
Stylish design, exquisite style, high quality, low price and high cost performance.
Safe and practical, it is the first choice for getting people to get up.
Great for home use.
Modeling: kerosene lamp
Material: Plastic
Color: rose red, blue, gray, bronze, silver, five colors randomly
Size: 17.5cm*10cm*7cm",Table and Alarm Clocks,Y,clock,clay,206090233,1154860735,206090233-1634807510162-0
VL-295,60cm 3d রেট্রো ইন্ডাস্ট্রিয়াল বড় গিয়ার ওয়াল ক্লক দেস্টিক কাঠের লাক্সারি আর্ট ভিনটেজ হোম অফিস সজ্জা সরবরাহ,"Classic styling，Retro 3D metal gear clock, hand-painted, the surface through the complex characteristics of the old process, reflecting the different retro
Silent movement，Super silent movement, long life, accurate travel time, take the table silent, does not affect the daily life
Retro Style，Features 3D gear shape, Loft industrial wind effect, coupled with unique metal retro color, more unique charm
3D design，3D stereoscopic modeling thickness of 9mm with the bell body, with a height of 6mm fonts, very layered
Vintage Style iron process，By the experienced master handmade, with a metallic texture
Color:Gold / Silver
Diameter:60cm",Table and Alarm Clocks,N,clock,sand,206098444,1154904414,206098444-1634810985429-0
VL-296,60cm 3D Retro Industrial Large Gear Wall Clock Rustic Wooden Luxury Art Vintage Home Office Decoration Supplies,"Classic styling，Retro 3D metal gear clock, hand-painted, the surface through the complex characteristics of the old process, reflecting the different retro
Silent movement，Super silent movement, long life, accurate travel time, take the table silent, does not affect the daily life
Retro Style，Features 3D gear shape, Loft industrial wind effect, coupled with unique metal retro color, more unique charm
3D design，3D stereoscopic modeling thickness of 9mm with the bell body, with a height of 6mm fonts, very layered
Vintage Style iron process，By the experienced master handmade, with a metallic texture
Color:Gold / Silver
Diameter:60cm",Wall Clocks,Y,clock,peach,206111287,1154909377,206111287-1634811152278-0
VL-297,Hurricane Lantern Lamp Vintage Style Kerosene Lamp Classic Retro Oil Lamp Kerosene Citronella  Lamp Classic - Multicolor,"The kerosene lamp has large capacity, good quality and high brightness. Easy to install and maintain, a great choice for outdoors activities.
Just use a match to point the rope and cover the lamp to complete the lighting action.
There are multiple claws around the lamp head, and there is a pinion that can control the rise or fall of the cotton rope.
The old kerosene lamp uses a cotton wick, the lamp head is usually made of copper, and the lamp holder and the wind-proof lamp are made of glass.
The old kerosene lamp has almost disappeared. It is anti-ancient and nostalgic. It can be used for collection, decoration and practical lighting.
Height: Approx. 24cm / 9.4in
Weight: 406g / 14.3oz",Lamps and Lighting,Y,lamp,sage,206223426,1155138366,206223426-1634840549386-0
VL-298,"গোল কালো হেমিকো রেইনবো টুইন বেল টেবিল অ্যালার্ম ঘড়ি সাথে নাইট led, সাইজ: 10-5-5 - Multicolor","DOUBLE BELL ALARM CLOCK: No ticking. Loud and easy to set up. Dimension (About 13*5*9cm)
EASY TO READ: With the varying colors it fits in, the numbers are very easy to read.
SILENT TICK & ACCURATE: Silent movement to enjoy quiet and beautiful times. Precise movements accurate time.
RETRO STYLE: Perfect for kitchen, dining room, living room, bedroom, study room, office, etc. Adds a little color to the room. Also a great decorative gift for your friends/family.
BATTERY POWERED: Needs 1x AA Battery (Not Included). Note: Must be Carbon Dry Batteries.
No ticking. Loud and easy to set up.
Dimension (About 13*5*9cm)
With the varying colors it fits in
The numbers are very easy to read.
This Clock Silent movement to enjoy quiet and beautiful times.
Precise movements to accurate time.",Table and Alarm Clocks,N,clock,gold,206470794,1155680691,206470794-1634965176095-0
VL-299,"গোল কালো হেমিকো রেইনবো টুইন বেল টেবিল অ্যালার্ম ঘড়ি সাথে নাইট led, সাইজ: 10-5-5 - Multicolor","DOUBLE BELL ALARM CLOCK: No ticking. Loud and easy to set up. Dimension (About 13*5*9cm)
EASY TO READ: With the varying colors it fits in, the numbers are very easy to read.
SILENT TICK & ACCURATE: Silent movement to enjoy quiet and beautiful times. Precise movements accurate time.
RETRO STYLE: Perfect for kitchen, dining room, living room, bedroom, study room, office, etc. Adds a little color to the room. Also a great decorative gift for your friends/family.
BATTERY POWERED: Needs 1x AA Battery (Not Included). Note: Must be Carbon Dry Batteries.
No ticking. Loud and easy to set up.
Dimension (About 13*5*9cm)
With the varying colors it fits in
The numbers are very easy to read.
This Clock Silent movement to enjoy quiet and beautiful times.
Precise movements to accurate time.",Table and Alarm Clocks,N,clock,clay,206474323,1155681426,206474323-1634964904369-0
VL-300,"গোল কালো হেমিকো রেইনবো টুইন বেল টেবিল অ্যালার্ম ঘড়ি সাথে নাইট led, সাইজ: 10-5-5 - Multicolor","DOUBLE BELL ALARM CLOCK: No ticking. Loud and easy to set up. Dimension (About 13*5*9cm)
EASY TO READ: With the varying colors it fits in, the numbers are very easy to read.
SILENT TICK & ACCURATE: Silent movement to enjoy quiet and beautiful times. Precise movements accurate time.
RETRO STYLE: Perfect for kitchen, dining room, living room, bedroom, study room, office, etc. Adds a little color to the room. Also a great decorative gift for your friends/family.
BATTERY POWERED: Needs 1x AA Battery (Not Included). Note: Must be Carbon Dry Batteries.
No ticking. Loud and easy to set up.
Dimension (About 13*5*9cm)
With the varying colors it fits in
The numbers are very easy to read.
This Clock Silent movement to enjoy quiet and beautiful times.
Precise movements to accurate time.",Table and Alarm Clocks,Y,clock,sand,206477387,1155682577,206477387-1634965294968-0
VL-301,"Racing Car Musical Toys 360 Degrees Rotating Transparent Concept Racing Car With Music & 3D Flashing Lights For 2-5 Year Kids - Pack of 1, Multicolour - Multicolor","360 Degree Rotating Transparent Concept Racing Car with 3D Flashing Led Light .Multifunctional,colorful lighting, clone gear mechanical system, awesome sound effects.
Transparent Design. Can view the gear inside, help child to know mechanical concept earlier.
Gear driving effect. Enhance Brain Development and build Child’s Curiosity for New Things. Different Color helps childr cognitive ability.
Made from heavy-duty plastic, the toy has no small parts to it so that children can enjoy it. To operate toy car you need to have 3 x AA batteries (Not Included).Power Source Battery
This would be the best gift ever to give for little kids. They will enjoy watching the dancing car with all his delightful features. Great to give as a Birthday Gift, Holiday or Eid,Christmas
Item Dimensions 9LxWxH) : 20 x 8 x 5 Centimeters",Electronics and Audio,Y,vase,peach,208818652,1159040088,208818652-1635746830068-0
VL-302,New Born Baby Pillow Set (3 Pieces)-Multicolor,"Brand: Kids Comfort
Product Type: New Born Baby Pillow Set
Age: 0-12 Month
Color: Multicolor
Main Material: Cotton + Fiber Wool
Size: Long: 15 Inch & 11 Inch
Country: Bangladesh
Set: 3 Pillow
Product color may slightly vary due to photographic lighting sources or your monitor settings.",Home Textiles and Bedding,Y,vase,sage,208825356,1159043147,208825356-1635748122592-0
VL-303,New Born Baby Pillow Set (3 Pieces)-Multicolor,"Brand: Kids Comfort
Product Type: New Born Baby Pillow Set
Age: 0-12 Month
Color: Multicolor
Main Material: Cotton + Fiber Wool
Size: Long: 15 Inch & 11 Inch
Country: Bangladesh
Set: 3 Pillow
Product color may slightly vary due to photographic lighting sources or your monitor settings.",Home Textiles and Bedding,Y,vase,gold,208827541,1159049416,208827541-1635750089211-0
VL-304,New Born Baby Pillow Set (3 Pieces)-Multicolor,"Brand: Kids Comfort
Product Type: New Born Baby Pillow Set
Age: 0-12 Month
Color: Multicolor
Main Material: Cotton + Fiber Wool
Size: Long: 15 Inch & 11 Inch
Country: Bangladesh
Set: 3 Pillow
Product color may slightly vary due to photographic lighting sources or your monitor settings.",Home Textiles and Bedding,Y,vase,clay,208838376,1159044870,208838376-1635750818039-0
VL-305,"Racing Car Musical Toys 360 Degrees Rotating Transparent Concept Racing Car With Music & 3D Flashing Lights For 2-5 Year Kids - Pack of 1, Multicolour - Multicolor","360 Degree Rotating Transparent Concept Racing Car with 3D Flashing Led Light .Multifunctional,colorful lighting, clone gear mechanical system, awesome sound effects.
Transparent Design. Can view the gear inside, help child to know mechanical concept earlier.
Gear driving effect. Enhance Brain Development and build Child’s Curiosity for New Things. Different Color helps childr cognitive ability.
Made from heavy-duty plastic, the toy has no small parts to it so that children can enjoy it. To operate toy car you need to have 3 x AA batteries (Not Included).Power Source Battery
This would be the best gift ever to give for little kids. They will enjoy watching the dancing car with all his delightful features. Great to give as a Birthday Gift, Holiday or Eid,Christmas
Item Dimensions 9LxWxH) : 20 x 8 x 5 Centimeters",Electronics and Audio,Y,vase,sand,208840367,1159052464,208840367-1635751059750-0
VL-306,"Racing Car Musical Toys 360 Degrees Rotating Transparent Concept Racing Car With Music & 3D Flashing Lights For 2-5 Year Kids - Pack of 1, Multicolour - Multicolor",,Electronics and Audio,Y,vase,peach,208845121,1556279082,208845121-1697254416207-0
VL-307,Baby Bedding Set (36Inch x 26 Inch)  Multicolor,,Home Textiles and Bedding,Y,vase,sage,208852301,1881356684,208852301-1635754794114-0
VL-308,Baby Bedding Set (36Inch x 26 Inch)  Multicolor,"Brand: Kids Comfort
Product Type: Baby Bedding Set
Age: 0-18 Month
Color: Blue
Main Material: Cotton + Fiber Wool
Size: 36 Inch * 26 Inch
Country: Bangladesh
Set: 3 Pillow, 1 Bed
Product color may slightly vary due to photographic lighting sources or your monitor settings.",Home Textiles and Bedding,Y,vase,gold,208856074,1159062508,208856074-1635754688524-0
VL-309,Paint Brush Set 7 Pieces Professional Paint Brushes Artist Brushes Nylon Hair Brushes Assorted Shapes for Watercolor Oil Acrylic Painting,"Nylon hair brushes in assorted sizes will meet all your painting needs
It includes liner, flat, angular, filbert, dagger, round and fan which will assist you in bringing every stroke and detail to life.
Durable wooden handle for optimal control/ grip and great hand feeling.
Designed for use with multiple mediums and surfaces, such as watercolor and acrylic oil painting
Perfect for beginners, students and professional artists.",Office and Stationery,Y,vase,clay,209480367,1159733097,209480367-1636039481321-0
VL-310,"3 Compartment Dinner Tiffin Box for Office, Inner Stainless Steel Lunch Box, 1.2 L (Multicolor)","Leakproof between compartments- leak-proof compartment design that keeps meals and snacks (not water) fresh and without mess. NOTE: This lunchbox is suitable for adult meals. Not Ideal for Kids < 10 Years.
Spill proof snap lock clips- 4 latches design is easy to open and close for children and secures lunchbox to prevent accidental spills
Good portion control - 3 parctical compartments allows you to carry a selection of lunch and snack items in one convenient food container
Modern and convenient design -removable illustrated tray holds 3 compartments and is easy to clean, can be used for older kids as a snack tray or adults for portion control
Excelent quality, without BPA - made with durable, high standard and food-safe materials. microwavable and freezer,more durable and more convenient",Bottles and Lunch Boxes,Y,vase,sand,209537808,1159802544,209537808-1636093075594-0
VL-311,"3 Compartment Dinner Tiffin Box for Office, Inner Stainless Steel Lunch Box, 1.2 L (Multicolor)","Leakproof between compartments- leak-proof compartment design that keeps meals and snacks (not water) fresh and without mess. NOTE: This lunchbox is suitable for adult meals. Not Ideal for Kids < 10 Years.
Spill proof snap lock clips- 4 latches design is easy to open and close for children and secures lunchbox to prevent accidental spills
Good portion control - 3 parctical compartments allows you to carry a selection of lunch and snack items in one convenient food container
Modern and convenient design -removable illustrated tray holds 3 compartments and is easy to clean, can be used for older kids as a snack tray or adults for portion control
Excelent quality, without BPA - made with durable, high standard and food-safe materials. microwavable and freezer,more durable and more convenient",Bottles and Lunch Boxes,Y,vase,peach,209542343,1159801470,209542343-1636092551100-0
VL-312,"3 Compartment Dinner Tiffin Box for Office, Inner Stainless Steel Lunch Box, 1.2 L (Multicolor)","Leakproof between compartments- leak-proof compartment design that keeps meals and snacks (not water) fresh and without mess. NOTE: This lunchbox is suitable for adult meals. Not Ideal for Kids < 10 Years.
Spill proof snap lock clips- 4 latches design is easy to open and close for children and secures lunchbox to prevent accidental spills
Good portion control - 3 parctical compartments allows you to carry a selection of lunch and snack items in one convenient food container
Modern and convenient design -removable illustrated tray holds 3 compartments and is easy to clean, can be used for older kids as a snack tray or adults for portion control
Excelent quality, without BPA - made with durable, high standard and food-safe materials. microwavable and freezer,more durable and more convenient",Bottles and Lunch Boxes,Y,vase,sage,209546345,1159806406,209546345-1636092943903-0
VL-313,"3 Compartment Dinner Tiffin Box for Office, Inner Stainless Steel Lunch Box, 1.2 L (Multicolor)","Leakproof between compartments- leak-proof compartment design that keeps meals and snacks (not water) fresh and without mess. NOTE: This lunchbox is suitable for adult meals. Not Ideal for Kids < 10 Years.
Spill proof snap lock clips- 4 latches design is easy to open and close for children and secures lunchbox to prevent accidental spills
Good portion control - 3 parctical compartments allows you to carry a selection of lunch and snack items in one convenient food container
Modern and convenient design -removable illustrated tray holds 3 compartments and is easy to clean, can be used for older kids as a snack tray or adults for portion control
Excelent quality, without BPA - made with durable, high standard and food-safe materials. microwavable and freezer,more durable and more convenient",Bottles and Lunch Boxes,Y,vase,gold,209547119,1159803407,209547119-1636092180206-0
VL-314,DELI 38252 Desk Organizer Office Butler - 18 Accessories Included (Set) - Multicolor,"18 pieces accessories included
Multifunctional design
Can hold a lot of office stationery
Suitable for school home office use ect.
Cleverly designed all-in-one space saving desktop organizer is the perfect companion for students, working professionals and homemakers.
Delicately divided compartments to organize all your writing instruments and small gadgets.
Made of good quality plastic, sturdy and durable, aesthetically pleasing, a nice desktop decoration.
Attention:
Swallowing hazard.
Small parts included. Not for children under 3 years.",Office and Stationery,Y,vase,clay,210189897,1160303402,210189897-1636384350242-0
VL-315,"ALLAH. MUHUMMAD Likha 2 pieces Beautiful( A.M) plate in Golden colour, ceramic material,","Material- Ceramic
Color- Golden
One plate and one stand",Home Decor and Showpieces,Y,vase,sand,210440149,1556273278,210440149-1697253929027-0
VL-316,Luxury Gold Wall Clock Large Living Room Silent Creative Swing Wall Clock Bedroom Quartz Clocks Wall Home Decor Reloj De Pared,"Polyresin, Plastic
EYE-CATCHER DESIGN ►If you are tired of boring wall or want to have more fun for life, then this Unique product will satisfy you. Brilliant geometrical design, Classic style and mature craftsmanship, this decorative clock will be striking accents outdoors or in.
HIGH-QUALITY MATERIALS ►Polyresin and polymers (PLASTIC) With Glass Front Cover. Retro looking Polyresin wall clock in antique and modern colors. This clock is crafted of metal-look resin that won't rust. Made with fade-resistant, long lasting materials. The combination of handmade and polyresin creates extraordinary artistic charm.
HIGH-QUALITY QUARTZ MOVEMENT ►Modern quartz movement for precision; reliability. The silent clock movement prevents the clock from annoying ticking sound to provide you a noiseless environment to sleep and work. Besides, the high quality clock movement also guarantees the smooth movement of clock hands, thus ensuring better time accuracy and longer working life.
UNIQUE FANCY HOME DECORATION ►15-inch clock face diameter; 29.5-inch full length (With Pendulum). Try it for a vivid addition to inspire an Artistic atmosphere, make your life comfortable and relaxed, it's also a wonderful gift to your family and friends.
MANUFACTURER WARRANTY ►Powered by Two AA Carbon battery ( not included ). You won't worry about a fault of the clock.We assured you 90-day full refund if faulty.
color : coloured gaze gold",Wall Clocks,Y,clock,peach,210440501,1160489749,210440501-1636523291462-0
VL-317,Hearing Protection Ear Muff Ear Protector - Multicolor,"Dielectric design provides greater safety
Unique deep cups provides effective protection in most hazardous noise environments
Robust, compact, rugged & lightweight
w/wo Padded headband are available
Cups Colors - Yellow, Red & Lime Green",Appliances and Tools,Y,vase,sage,217100804,1165201446,217100804-1639848080269-0
VL-318,LED Display Time Alarm Clock Night Lights Thermoeter Lamp Snooze Rectangle Function Desk Clocks(Multicolor),"product properties:
[Name] LCD desktop Alarm clock
[Material] Main body ABS (plastic)
[Size] about 13.5X thick 4.5X high 7.5cm, liquid crystal (10.8X4.8)
[Explanation] Use 3 high-quality carbon batteries of No. 7 and do not use high-capacity alkaline batteries such as Nanfu, Jinba, Duracell, and rechargeable batteries.
[Function] Time: (12-hour / AM / PM), alarm: (drip... gradually getting faster), snooze: (as the alarm switch is turned off), smart light: (in the external environment to achieve a certain darkness Time, the smart light will automatically light up a little light, does not affect sleep, can see the time, this function can also be turned off), with a new calendar display
Packed Safely in black Bag.
Warm note:
1.Please allow a little size error due to manual measurement (1-2cm).
2. Please be reminded that due to lighting effects and monitor's brightness/contrast settings etc, the color tone of the website's photo and the actual item could be slightly different.",Table and Alarm Clocks,Y,clock,gold,217642896,1705411970,217642896-1640015740317-0
VL-319,LED Display Time Alarm Clock Night Lights Thermoeter Lamp Snooze Rectangle Function Desk Clocks(Multicolor),"product properties:
[Name] LCD desktop Alarm clock
[Material] Main body ABS (plastic)
[Size] about 13.5X thick 4.5X high 7.5cm, liquid crystal (10.8X4.8)
[Explanation] Use 3 high-quality carbon batteries of No. 7 and do not use high-capacity alkaline batteries such as Nanfu, Jinba, Duracell, and rechargeable batteries.
[Function] Time: (12-hour / AM / PM), alarm: (drip... gradually getting faster), snooze: (as the alarm switch is turned off), smart light: (in the external environment to achieve a certain darkness Time, the smart light will automatically light up a little light, does not affect sleep, can see the time, this function can also be turned off), with a new calendar display
Packed Safely in black Bag.
Warm note:
1.Please allow a little size error due to manual measurement (1-2cm).
2. Please be reminded that due to lighting effects and monitor's brightness/contrast settings etc, the color tone of the website's photo and the actual item could be slightly different.",Table and Alarm Clocks,Y,clock,clay,217657136,1677017288,217657136-1640016228815-0
VL-320,"Crystal Diamond Faceted Jar with Crystal Lid,Suitable as A Candy Bowl,Cookie Tin,Biscuit Barrel,Decorative Candy Jar Sugar Bowl (Set of 1). - Multicolor","Material : Glass
_x000D_
_x000D_
Type : Dry Fruit Jar
_x000D_
_x000D_
Features : Freezersafe
_x000D_
_x000D_
Product Breadth : 8 Cm
_x000D_
_x000D_
Product Height : 14 Cm
_x000D_
_x000D_
Product Length : 8 Cm
_x000D_
_x000D_
Pack Of : Pack Of 1
_x000D_
_x000D_
Comes 1 UNIQUE DESIGN Jar : Diamond face cutting process, good refractive index, more texture.
_x000D_
_x000D_
CRYSTAL CANDY JAR : Our candy jars is not only can put candies, you can also put pasta, candies,cookies,nuts,biscuits, chocolates,trinkets coffee, dried beans, sugar, embossed lids. Beautiful, practical, atmospheric, smooth edges and smooth lines.
_x000D_
_x000D_
_x000D_
_x000D_
Country of Origin : China",Cookware and Kitchen,Y,vase,sand,217659516,1165640258,217659516-1640020997061-0
VL-321,Round Shape Glass Candy Canisters / Valentine'S Gift Clear Chocolate Glass Jar,"Material : Glass
Type : Dry Fruit Jar
Features : Freezersafe
Product Breadth : 8.5 Cm
Product Height : 11.2Cm
Product Length : 8.5 Cm
Pack Of : Pack Of 1
Comes 1 UNIQUE DESIGN Jar : Diamond face cutting process, good refractive index, more texture.
CRYSTAL CANDY JAR : Our candy jars is not only can put candies, you can also put pasta, candies,cookies,nuts,biscuits, chocolates,trinkets coffee, dried beans, sugar, embossed lids. Beautiful, practical, atmospheric, smooth edges and smooth lines.
Country of Origin : China",Cookware and Kitchen,Y,vase,peach,217662411,1165635659,217662411-1640022001933-0
VL-322,"Crystal Diamond Faceted Jar with Crystal Lid,Suitable as A Candy Bowl,Cookie Tin,Biscuit Barrel,Decorative Candy Jar Sugar Bowl (Set of 1). - Multicolor","Material : Glass
Type : Dry Fruit Jar
Features : Freezersafe
Product Breadth : 8 Cm
Product Height : 14 Cm
Product Length : 8 Cm
Pack Of : Pack Of 1
Comes 1 UNIQUE DESIGN Jar : Diamond face cutting process, good refractive index, more texture.
CRYSTAL CANDY JAR : Our candy jars is not only can put candies, you can also put pasta, candies,cookies,nuts,biscuits, chocolates,trinkets coffee, dried beans, sugar, embossed lids. Beautiful, practical, atmospheric, smooth edges and smooth lines.
Country of Origin : China",Cookware and Kitchen,Y,vase,sage,217664349,1165635625,217664349-1640021201682-0
VL-323,"Rotating Office Supplies Organizer Set, Desk Organizer Caddy Gift Set Come with Tape Dispenser, Pens, Stapler, Binder Clips, Sharpener, Scissor, Eraser, Black","Specific uses for product : Stationery
Material : Acrylonitrile Butadiene Styrene
Colour : Black
Brand : Deli
Mounting type : Desktop
Package type : Standard packaging",Office and Stationery,Y,vase,gold,217837800,1165769899,217837800-1640090824425-0
VL-324,LED Display Time Alarm Clock Night Lights Thermoeter Lamp Snooze Rectangle Function Desk Clocks(Multicolor),"product properties:
[Name] LCD desktop Alarm clock
[Material] Main body ABS (plastic)
[Size] about 13.5X thick 4.5X high 7.5cm, liquid crystal (10.8X4.8)
[Explanation] Use 3 high-quality carbon batteries of No. 7 and do not use high-capacity alkaline batteries such as Nanfu, Jinba, Duracell, and rechargeable batteries.
[Function] Time: (12-hour / AM / PM), alarm: (drip... gradually getting faster), snooze: (as the alarm switch is turned off), smart light: (in the external environment to achieve a certain darkness Time, the smart light will automatically light up a little light, does not affect sleep, can see the time, this function can also be turned off), with a new calendar display
Packed Safely in black Bag.
Warm note:
1.Please allow a little size error due to manual measurement (1-2cm).
2. Please be reminded that due to lighting effects and monitor's brightness/contrast settings etc, the color tone of the website's photo and the actual item could be slightly different.",Table and Alarm Clocks,Y,clock,clay,217839844,1165768978,217839844-1640091043323-0
VL-325,Led Display Time Alarm Clock Night Light Thermometer Lamp Snooze Rectangle Function Desk Clocks (Various Colors) (217839932) - Black,"_x000D_
[Name] LCD desktop Alarm clock
_x000D_
[Material] Main body ABS (plastic)
_x000D_
[Size] about 13.5X thick 4.5X high 7.5cm, liquid crystal (10.8X4.8)
_x000D_
[Explanation] Use 3 high-quality carbon batteries of No. 7 and do not use high-capacity alkaline batteries such as Nanfu, Jinba, Duracell, and rechargeable batteries.
_x000D_
[Function] Time: (12-hour / AM / PM),
_x000D_
alarm: (drip... gradually getting faster),
_x000D_
snooze: (as the alarm switch is turned off),
_x000D_
smart light: (in the external environment to achieve a certain darkness Time, the smart light will automatically light up a little light, does not affect sleep, can see the time, this function can also be turned off), with a new calendar display
_x000D_
Packed Safely in black Bag.
_x000D_
Warm note:
_x000D_
1.Please allow a little size error due to manual measurement (1-2cm).
_x000D_
2. Please be reminded that due to lighting effects and monitor's brightness/contrast settings etc, the color tone of the website's photo and the actual item could be slightly different.
_x000D_",Table and Alarm Clocks,Y,clock,sand,217839932,1810863895,217839932-1692349529448-1
VL-326,Led Display Time Alarm Clock Night Light Thermometer Lamp Snooze Rectangle Function Desk Clocks (Various Colors) (217839932) - Multicolor,"_x000D_
[Name] LCD desktop Alarm clock
_x000D_
[Material] Main body ABS (plastic)
_x000D_
[Size] about 13.5X thick 4.5X high 7.5cm, liquid crystal (10.8X4.8)
_x000D_
[Explanation] Use 3 high-quality carbon batteries of No. 7 and do not use high-capacity alkaline batteries such as Nanfu, Jinba, Duracell, and rechargeable batteries.
_x000D_
[Function] Time: (12-hour / AM / PM),
_x000D_
alarm: (drip... gradually getting faster),
_x000D_
snooze: (as the alarm switch is turned off),
_x000D_
smart light: (in the external environment to achieve a certain darkness Time, the smart light will automatically light up a little light, does not affect sleep, can see the time, this function can also be turned off), with a new calendar display
_x000D_
Packed Safely in black Bag.
_x000D_
Warm note:
_x000D_
1.Please allow a little size error due to manual measurement (1-2cm).
_x000D_
2. Please be reminded that due to lighting effects and monitor's brightness/contrast settings etc, the color tone of the website's photo and the actual item could be slightly different.
_x000D_",Table and Alarm Clocks,Y,clock,peach,217839932,1810863894,217839932-1692349529447-0
VL-327,"Antique Vintage Royal Clock Grand Central Station Extra Large 24'' x 35""-Inch Antique Classy Wall Clock","This antique vintage royal clock is a neccessity in your home, offices, and all other desired space you want to place it..
Its beautiful and durable. It can be placed on your livingroom walls,bedroom,,offices,hotels,receptions.
The product dimension is 24 x 35"" round",Wall Clocks,N,clock,sage,217841423,1165778224,217841423-1640089870607-0
VL-328,DELI 38252 Desk Organizer Office Butler - 18 Accessories Included (Set) - Multicolor,"18 pieces accessories included
Multifunctional design
Can hold a lot of office stationery
Suitable for school home office use ect.
Cleverly designed all-in-one space saving desktop organizer is the perfect companion for students, working professionals and homemakers.
Delicately divided compartments to organize all your writing instruments and small gadgets.
Made of good quality plastic, sturdy and durable, aesthetically pleasing, a nice desktop decoration.
Attention:
Swallowing hazard.
Small parts included. Not for children under 3 years.",Office and Stationery,Y,vase,gold,217842324,1165770844,217842324-1640090139475-0
VL-329,LED Display Time Alarm Clock Night Lights Thermoeter Lamp Snooze Rectangle Function Desk Clocks(Multicolor) - Blue,"[Name] LCD desktop Alarm clock
[Material] Main body ABS (plastic)
[Size] about 13.5X thick 4.5X high 7.5cm, liquid crystal (10.8X4.8)
[Explanation] Use 3 high-quality carbon batteries of No. 7 and do not use high-capacity alkaline batteries such as Nanfu, Jinba, Duracell, and rechargeable batteries.
[Function] Time: (12-hour / AM / PM), alarm: (drip... gradually getting faster), snooze: (as the alarm switch is turned off), smart light: (in the external environment to achieve a certain darkness Time, the smart light will automatically light up a little light, does not affect sleep, can see the time, this function can also be turned off), with a new calendar display
Packed Safely in black Bag.
Warm note:
1.Please allow a little size error due to manual measurement (1-2cm).
2. Please be reminded that due to lighting effects and monitor's brightness/contrast settings etc, the color tone of the website's photo and the actual item could be slightly different.",Table and Alarm Clocks,Y,clock,clay,217842730,1865944945,217842730-1692349541826-2
VL-330,LED Display Time Alarm Clock Night Lights Thermoeter Lamp Snooze Rectangle Function Desk Clocks(Multicolor) - Red,"[Name] LCD desktop Alarm clock
[Material] Main body ABS (plastic)
[Size] about 13.5X thick 4.5X high 7.5cm, liquid crystal (10.8X4.8)
[Explanation] Use 3 high-quality carbon batteries of No. 7 and do not use high-capacity alkaline batteries such as Nanfu, Jinba, Duracell, and rechargeable batteries.
[Function] Time: (12-hour / AM / PM), alarm: (drip... gradually getting faster), snooze: (as the alarm switch is turned off), smart light: (in the external environment to achieve a certain darkness Time, the smart light will automatically light up a little light, does not affect sleep, can see the time, this function can also be turned off), with a new calendar display
Packed Safely in black Bag.
Warm note:
1.Please allow a little size error due to manual measurement (1-2cm).
2. Please be reminded that due to lighting effects and monitor's brightness/contrast settings etc, the color tone of the website's photo and the actual item could be slightly different.",Table and Alarm Clocks,Y,clock,sand,217842730,1865944946,217842730-1692349541827-3
VL-331,LED Display Time Alarm Clock Night Lights Thermoeter Lamp Snooze Rectangle Function Desk Clocks(Multicolor) - Multicolor,"[Name] LCD desktop Alarm clock
[Material] Main body ABS (plastic)
[Size] about 13.5X thick 4.5X high 7.5cm, liquid crystal (10.8X4.8)
[Explanation] Use 3 high-quality carbon batteries of No. 7 and do not use high-capacity alkaline batteries such as Nanfu, Jinba, Duracell, and rechargeable batteries.
[Function] Time: (12-hour / AM / PM), alarm: (drip... gradually getting faster), snooze: (as the alarm switch is turned off), smart light: (in the external environment to achieve a certain darkness Time, the smart light will automatically light up a little light, does not affect sleep, can see the time, this function can also be turned off), with a new calendar display
Packed Safely in black Bag.
Warm note:
1.Please allow a little size error due to manual measurement (1-2cm).
2. Please be reminded that due to lighting effects and monitor's brightness/contrast settings etc, the color tone of the website's photo and the actual item could be slightly different.",Table and Alarm Clocks,Y,clock,peach,217842730,1865944947,217842730-1692349541828-4
VL-332,LED Display Time Alarm Clock Night Lights Thermoeter Lamp Snooze Rectangle Function Desk Clocks(Multicolor) - White,"[Name] LCD desktop Alarm clock
[Material] Main body ABS (plastic)
[Size] about 13.5X thick 4.5X high 7.5cm, liquid crystal (10.8X4.8)
[Explanation] Use 3 high-quality carbon batteries of No. 7 and do not use high-capacity alkaline batteries such as Nanfu, Jinba, Duracell, and rechargeable batteries.
[Function] Time: (12-hour / AM / PM), alarm: (drip... gradually getting faster), snooze: (as the alarm switch is turned off), smart light: (in the external environment to achieve a certain darkness Time, the smart light will automatically light up a little light, does not affect sleep, can see the time, this function can also be turned off), with a new calendar display
Packed Safely in black Bag.
Warm note:
1.Please allow a little size error due to manual measurement (1-2cm).
2. Please be reminded that due to lighting effects and monitor's brightness/contrast settings etc, the color tone of the website's photo and the actual item could be slightly different.",Table and Alarm Clocks,Y,clock,sage,217842730,1865944948,217842730-1692349541824-0
VL-333,LED Display Time Alarm Clock Night Lights Thermoeter Lamp Snooze Rectangle Function Desk Clocks(Multicolor) - Pink,"[Name] LCD desktop Alarm clock
[Material] Main body ABS (plastic)
[Size] about 13.5X thick 4.5X high 7.5cm, liquid crystal (10.8X4.8)
[Explanation] Use 3 high-quality carbon batteries of No. 7 and do not use high-capacity alkaline batteries such as Nanfu, Jinba, Duracell, and rechargeable batteries.
[Function] Time: (12-hour / AM / PM), alarm: (drip... gradually getting faster), snooze: (as the alarm switch is turned off), smart light: (in the external environment to achieve a certain darkness Time, the smart light will automatically light up a little light, does not affect sleep, can see the time, this function can also be turned off), with a new calendar display
Packed Safely in black Bag.
Warm note:
1.Please allow a little size error due to manual measurement (1-2cm).
2. Please be reminded that due to lighting effects and monitor's brightness/contrast settings etc, the color tone of the website's photo and the actual item could be slightly different.",Table and Alarm Clocks,Y,clock,gold,217842730,1865944949,217842730-1692349541828-5
VL-334,LED Display Time Alarm Clock Night Lights Thermoeter Lamp Snooze Rectangle Function Desk Clocks(Multicolor) - Black,"[Name] LCD desktop Alarm clock
[Material] Main body ABS (plastic)
[Size] about 13.5X thick 4.5X high 7.5cm, liquid crystal (10.8X4.8)
[Explanation] Use 3 high-quality carbon batteries of No. 7 and do not use high-capacity alkaline batteries such as Nanfu, Jinba, Duracell, and rechargeable batteries.
[Function] Time: (12-hour / AM / PM), alarm: (drip... gradually getting faster), snooze: (as the alarm switch is turned off), smart light: (in the external environment to achieve a certain darkness Time, the smart light will automatically light up a little light, does not affect sleep, can see the time, this function can also be turned off), with a new calendar display
Packed Safely in black Bag.
Warm note:
1.Please allow a little size error due to manual measurement (1-2cm).
2. Please be reminded that due to lighting effects and monitor's brightness/contrast settings etc, the color tone of the website's photo and the actual item could be slightly different.",Table and Alarm Clocks,Y,clock,clay,217842730,1865944950,217842730-1692349541825-1
VL-335,Thermoeter LED Display Time Alarm Clock Night Lights Thermoeter Lamp Snooze Rectangle Function Desk Clocks(Multicolor),"product properties:
[Name] LCD desktop Alarm clock
[Material] Main body ABS (plastic)
[Size] about 13.5X thick 4.5X high 7.5cm, liquid crystal (10.8X4.8)
[Explanation] Use 3 high-quality carbon batteries of No. 7 and do not use high-capacity alkaline batteries such as Nanfu, Jinba, Duracell, and rechargeable batteries.
[Function] Time: (12-hour / AM / PM), alarm: (drip... gradually getting faster), snooze: (as the alarm switch is turned off), smart light: (in the external environment to achieve a certain darkness Time, the smart light will automatically light up a little light, does not affect sleep, can see the time, this function can also be turned off), with a new calendar display
Packed Safely in black Bag.
Warm note:
1.Please allow a little size error due to manual measurement (1-2cm).
2. Please be reminded that due to lighting effects and monitor's brightness/contrast settings etc, the color tone of the website's photo and the actual item could be slightly different.",Table and Alarm Clocks,Y,clock,sand,217852133,1672478663,217852133-1698393200266-0
VL-336,Kids Toys Bouncy Finger Band Ball Elastic Rubber Ball For Wrist Exercise Hand Finger Stiffness Relief Wrist Bounce Ball Outdoor,"Material:rubber
Package include: 1pc
Color: As picture
Size:The ball is about 6.3cm in diameter and the rope is about 98cm long.
Conversion: 1inch=2.54cm,1cm=0.393inchi
Warm Tip : Please be reminded that due lighting effects, monitor's brightness/contrast settings etc, there could be some slight differences in the colour tone of the website's photo and the actual item.
Item Measure by hand, it could be 1cm different,your kind understanding will be much appreciated.",Toys and Games,Y,vase,peach,218231117,1166112036,218231117-1640186013301-0
VL-337,Heart -shaped ringbox engagement ringbox jewelry Giftbox proposal wedding valentine day anniversary for Christmas,"Wooden Ring Box
Color : Wood
Material: Wood
Shape : HeartHeart
Quntity 1pcs
Size : 6.6cm x 4.5cm x 7.2cm",Bath and Storage,Y,vase,sage,218610262,1681500565,218610262-1697253113557-0
VL-338,Europe Metal Makeup Brush Storage Holder Test Tube Eyebrow Pencil Organizer Bead Crystal Jar Jewelry Diamond Cosmetic Box lw037 - Multicolor,"Product introduction
Name: Makeup brush storage bucket
Purpose:Cosmetic brush storage box, small items storage box, decoration decoration.
Packing: Makeup brush storage bucket x1 (not include and any placed thing)
Size:As shown.
Notice:
Please allow 1-3cm error due to manual measurement and make sure you do not mind before ordering.
Please understand that colors may exist chromatic aberration as the different placement of pictures",Office and Stationery,Y,vase,gold,218615197,1556273267,218615197-1697253683358-0
VL-339,Wind Chimes Vintage Hanging Style Bells For Window Decor - Multicolor,"The top is a metal-printed crescent, vintage style, rich in art
The wind chime consists of 5 bells, 5 metal boat and 1 golden flower,up and down, the level is clear
When a gust of wind blows, the metal bell will sound a sweet and crisp sound
The whole has both the beauty of visual styling and the enjoyment of hearing
It is not only a small decoration at home, but also a warning, a quiet support, and a blessing town hous
Color: As Shown
Material: Metal
Product Dimensions: 60*12cm
Product Weight: 150g
Package Dimensions: 20*10*10cm
Package Weight: 200g
Packing: Carton",Home Decor and Showpieces,Y,vase,clay,218759746,1166473548,218759746-1640493400181-0
VL-340,Wind Chimes Vintage Hanging Style Bells For Window Decor - Multicolor,"The top is a metal-printed crescent, vintage style, rich in art
The wind chime consists of 5 bells, 5 metal boat and 1 golden flower,up and down, the level is clear
When a gust of wind blows, the metal bell will sound a sweet and crisp sound
The whole has both the beauty of visual styling and the enjoyment of hearing
It is not only a small decoration at home, but also a warning, a quiet support, and a blessing town hous
Color: As Shown
Material: Metal
Product Dimensions: 60*12cm
Product Weight: 150g
Package Dimensions: 20*10*10cm
Package Weight: 200g
Packing: Carton",Home Decor and Showpieces,Y,vase,sand,218760881,1166473591,218760881-1640493693478-0
VL-341,Wind Chimes Vintage Hanging Style Bells For Window Decor - Multicolor,"The top is a metal-printed crescent, vintage style, rich in art
The wind chime consists of 5 bells, 5 metal boat and 1 golden flower,up and down, the level is clear
When a gust of wind blows, the metal bell will sound a sweet and crisp sound
The whole has both the beauty of visual styling and the enjoyment of hearing
It is not only a small decoration at home, but also a warning, a quiet support, and a blessing town hous
Color: As Shown
Material: Metal
Product Dimensions: 60*12cm
Product Weight: 150g
Package Dimensions: 20*10*10cm
Package Weight: 200g
Packing: Carton",Home Decor and Showpieces,Y,vase,peach,218770235,1166482248,218770235-1640493899576-0
VL-342,New products doll pendant 3D acrylic keychain accessories squid game keychain,"Model name: Squid Game Keychain
Plastic Type: Acrylic
Type: Light Keychain
Material: Acrylic
Size: 50*26mm
Color: Colorful",Watches and Fashion,Y,vase,sage,218772768,1166484361,218772768-1640497421153-0
VL-343,"Football Keychain – Silicone Football Keyring Gift for Boys, Sports Fans, Party Favors & Rewards","The Cobee football Keychain is a fun and practical accessory for kids and sports fans alike. Made of high-quality silicone, this mini football-shaped keychain is soft, safe, and durable. Whether used for personal style or party gifts, it adds a sporty touch to backpacks, pencil cases, and key holders.
It’s especially great as a return gift, birthday party favor, or small reward item for children and teenagers who love football. The metal ring ensures it stays securely attached wherever you hang it.",Watches and Fashion,Y,vase,gold,218773846,1663738948,218773846-1640497680258-0
VL-344,Censor Side Table Lamp,"Censor Touch system lamp!
Brightness and dim system included",Lamps and Lighting,Y,lamp,clay,220239781,1167641166,220239781-1640811558313-0
VL-345,"winging Classical Elegant Wall Clock, Living Room Bedroom Restaurant Creative Silent Quartz Clock, Home Decor Nordic Clock, 37x63cm - Multicolor","Material: Metal material, smooth texture, clear dial, size: 37x63cm
Process: Silent movement, thick metal hands, precise time, no fading, no deformation, not easy to wear. The perfect combination of metal structure and appearance. The texture is luxurious and the workmanship is fine.
Features: simple design, exquisite and beautiful, stylish and elegant, very decorative
Ultra-quiet: battery powered, silent scan seconds to ensure a good sleep and working environment
Suitable for living rooms, bedrooms, restaurants, offices, shops, public places, etc.
Size:37x63cm",Wall Clocks,N,clock,sand,220401896,1167744502,220401896-1640875837137-0
VL-346,Squid Game  Face-Mask,,Toys and Games,Y,vase,peach,221023214,2518906589,221023214-1737689045412-0
VL-347,"Non-ticking analog alarm clock, creative desk decoration accessory, fine workmanship and practical - Multicolor","Designed with realistic retro sailboat and tractor modeling, this brightly colored alarm clock can be used as a room, office, school or desk decoration.
Not just for decorating your home or office, this creative and beautifully designed vintage alarm clock can also be used as a Christmas or birthday gift.
It is made of high quality plastic material.
There are 2 different sizes for you to choose from.
This product is perfect for home, home, office, etc.
Item name: alarm clock
Plastic things
Features: eye-catching, long lasting, long lasting
Battery: 1 AA battery (battery not included)
Size details:Tractor Size: 23.5 cm x 10 cm x 14.5 cm / 9.25 ""x 3.94"" x 5.71 ""(approx.)
Sailing boat shape: 22cm x 6.5cm x 25.5cm / 8.66in x 2.56in x 10.04in (approx.)
Categories:
Due to differences in lighting and screen settings, the color of the item may differ slightly from the picture. Please allow slight dimension differences due to different manual measurements.
Packages include: 1 x alarm clock",Table and Alarm Clocks,Y,clock,sage,221319675,1168186603,221319675-1641460347798-0
VL-348,"Collectible  Metal & Crystal Taj Mahal Showpiece, Medium, Multicolour - Multicolor","Taj Mahal '' in India is one amongst The Seven Wonders of The World. It is an Amazing Crystal made Show piece with Mirror effects.Very Unique for decoration purpose. Made of metal with crystal base.
Size: Length 80mm x Width 80mm x Height 70mm | Weight : 450 Grams | Material: Metal and Crystal.
It is an Amazing Crystal made Show piece with Mirror effects..
Valentines Gifts For Girlfriend-Boyfriend Cushion Cover With Filler Is A best Gift For Expressing Love To Your Men, Women, Wife, Husband, Spouse, Fiance, Couple , Girls, lover , love, cute , couples , newlywed On Valentine'S Day, Anniversary, happy Birthday special presents.
Gift Suggestion:- gifts for girls, gifts for boyfriend combo, gift for husband special unique, gifts for wife, cushion, gift for girls, gift for boys-men, gifts for him.",Home Decor and Showpieces,N,vase,gold,221716837,1168368732,221716837-1641744168762-0
VL-349,"Collectible  Metal & Crystal Taj Mahal Showpiece, Medium, Multicolour - Multicolor","Taj Mahal '' in India is one amongst The Seven Wonders of The World. It is an Amazing Crystal made Show piece with Mirror effects.Very Unique for decoration purpose. Made of metal with crystal base.
Size: Length 80mm x Width 80mm x Height 70mm Weight : 450 Grams Material: Metal and Crystal.
It is an Amazing Crystal made Show piece with Mirror effects..
Valentines Gifts For Girlfriend-Boyfriend Cushion Cover With Filler Is A best Gift For Expressing Love To Your Men, Women, Wife, Husband, Spouse, Fiance, Couple , Girls, lover , love, cute , couples , newlywed On Valentine'S Day, Anniversary, happy Birthday special presents.
Gift Suggestion:- gifts for girls, gifts for boyfriend combo, gift for husband special unique, gifts for wife, cushion, gift for girls, gift for boys-men, gifts for him.",Home Decor and Showpieces,N,vase,clay,221822966,1168444216,221822966-1641806509289-0
VL-350,"Non-ticking analog alarm clock, creative desk decoration accessory, fine workmanship and practical - Multicolor","Designed with realistic retro sailboat and tractor modeling, this brightly colored alarm clock can be used as a room, office, school or desk decoration.
Not just for decorating your home or office, this creative and beautifully designed vintage alarm clock can also be used as a Christmas or birthday gift.
It is made of high quality plastic material.
There are 2 different sizes for you to choose from.
This product is perfect for home, home, office, etc.
Item name: alarm clock
Plastic things
Features: eye-catching, long lasting, long lasting
Battery: 1 AA battery (battery not included)
Size details:Tractor Size: 23.5 cm x 10 cm x 14.5 cm / 9.25 ""x 3.94"" x 5.71 ""(approx.)
Sailing boat shape: 22cm x 6.5cm x 25.5cm / 8.66in x 2.56in x 10.04in (approx.)
Categories:
Due to differences in lighting and screen settings, the color of the item may differ slightly from the picture. Please allow slight dimension differences due to different manual measurements.
Packages include: 1 x alarm clock",Table and Alarm Clocks,Y,clock,sand,221829591,1168444281,221829591-1641806752934-0
VL-351,Motorcycle Alarm Clock Portable Battery Power Desktop Alarm Clock Watch For Children Friends Gift Table Decoration - Multicolor,"Material : plastic
Size : 19cm x 6cm x 10.5cm
Power : Battery ( not included)",Table and Alarm Clocks,Y,clock,peach,221830014,1168441451,221830014-1641806186144-0
VL-352,"valentine day best gift for husband anad wife, girlfriend, boyfriend, fraind Collectible  Metal & Crystal Taj Mahal Showpiece, Medium, Multicolour","Taj Mahal '' in India is one amongst The Seven Wonders of The World. It is an Amazing Crystal made Show piece with Mirror effects.Very Unique for decoration purpose. Made of metal with crystal base.
Size: Length 80mm x Width 80mm x Height 70mm Weight : 450 Grams Material: Metal and Crystal.
It is an Amazing Crystal made Show piece with Mirror effects..
Valentines Gifts For Girlfriend-Boyfriend Cushion Cover With Filler Is A best Gift For Expressing Love To Your Men, Women, Wife, Husband, Spouse, Fiance, Couple , Girls, lover , love, cute , couples , newlywed On Valentine'S Day, Anniversary, happy Birthday special presents.
Gift Suggestion:- gifts for girls, gifts for boyfriend combo, gift for husband special unique, gifts for wife, cushion, gift for girls, gift for boys-men, gifts for him.",Gifts and Seasonal,Y,vase,sage,222555759,1168919776,222555759-1642222648457-0
VL-353,"winging Classical Elegant Wall Clock, Living Room Bedroom Restaurant Creative Silent Quartz Clock, Home Decor Nordic Clock, 37x63cm - Multicolor","Material: Metal material, smooth texture, clear dial, size: 37x63cm
Process: Silent movement, thick metal hands, precise time, no fading, no deformation, not easy to wear. The perfect combination of metal structure and appearance. The texture is luxurious and the workmanship is fine.
Features: simple design, exquisite and beautiful, stylish and elegant, very decorative
Ultra-quiet: battery powered, silent scan seconds to ensure a good sleep and working environment
Suitable for living rooms, bedrooms, restaurants, offices, shops, public places, etc.
Size:37x63cm",Wall Clocks,Y,clock,gold,222560515,1168915997,222560515-1642221666722-0
VL-354,"winging Classical Elegant Wall Clock, Living Room Bedroom Restaurant Creative Silent Quartz Clock, Home Decor Nordic Clock, 37x63cm - Multicolor","Material: Metal material, smooth texture, clear dial, size: 37x63cm
Process: Silent movement, thick metal hands, precise time, no fading, no deformation, not easy to wear. The perfect combination of metal structure and appearance. The texture is luxurious and the workmanship is fine.
Features: simple design, exquisite and beautiful, stylish and elegant, very decorative
Ultra-quiet: battery powered, silent scan seconds to ensure a good sleep and working environment
Suitable for living rooms, bedrooms, restaurants, offices, shops, public places, etc.
Size:37x63cm",Wall Clocks,Y,clock,clay,222560642,1168927074,222560642-1642221982923-0
VL-355,Most Popular Valentine's Day Gifts Metal & Crystal Taj Mahal Showpiece,"Taj Mahal '' in India is one amongst The Seven Wonders of The World. It is an Amazing Crystal made Show piece with Mirror effects.Very Unique for decoration purpose. Made of metal with crystal base.
Size: Length 80mm x Width 80mm x Height 70mm Weight : 450 Grams Material: Metal and Crystal.
It is an Amazing Crystal made Show piece with Mirror effects..
Valentines Gifts For Girlfriend-Boyfriend Cushion Cover With Filler Is A best Gift For Expressing Love To Your Men, Women, Wife, Husband, Spouse, Fiance, Couple , Girls, lover , love, cute , couples , newlywed On Valentine'S Day, Anniversary, happy Birthday special presents.
Gift Suggestion:- gifts for girls, gifts for boyfriend combo, gift for husband special unique, gifts for wife, cushion, gift for girls, gift for boys-men, gifts for him.",Home Decor and Showpieces,Y,vase,sand,222565424,1168931148,222565424-1642222962051-0
VL-356,Motorcycle Alarm Clock Portable Battery Power Desktop Alarm Clock Watch For Children Friends Gift Table Decoration - Multicolor,"Material : plastic
Size : 19cm x 6cm x 10.5cm
Power : Battery ( not included)",Table and Alarm Clocks,Y,clock,peach,222592859,1168970177,222592859-1642233101853-0
VL-357,Lock Korean Creative Color Page Illustration Notebook - Stylish Notepad & Thoughtful Gift - Artistic Inspirational High-Quality,"Handy Size Hard Cover Notebook With A Luxury Soft Feel Finish (11 x 16cm)
Traditional Ivory Lined Pages (100 Pages, 70gsm)
Available in a range of different colours;
Most popular valentine's day gifts",Office and Stationery,Y,vase,sage,222593004,1168966357,222593004-1642232630196-0
VL-358,Motorcycle Alarm Clock Portable Battery Power Desktop Alarm Clock Watch For Children Friends Gift Table Decoration - Multicolor,"Material : plastic
Size : 19cm x 6cm x 10.5cm
Power : Battery ( not included)",Table and Alarm Clocks,Y,clock,gold,222597545,1833663595,222597545-1642233284708-0
VL-359,Motorcycle Alarm Clock Portable Battery Power Desktop Alarm Clock Watch For Children Friends Gift Table Decoration - Yellow,"Material : plastic
Size : 19cm x 6cm x 10.5cm
Power : Battery ( not included)",Table and Alarm Clocks,Y,clock,clay,222597545,1833663599,T111778-Yellow
VL-360,Motorcycle Alarm Clock Portable Battery Power Desktop Alarm Clock Watch For Children Friends Gift Table Decoration - Blue,"Material : plastic
Size : 19cm x 6cm x 10.5cm
Power : Battery ( not included)",Table and Alarm Clocks,Y,clock,sand,222597545,1833663598,T111778-Blue
VL-361,Motorcycle Alarm Clock Portable Battery Power Desktop Alarm Clock Watch For Children Friends Gift Table Decoration - Red,"Material : plastic
Size : 19cm x 6cm x 10.5cm
Power : Battery ( not included)",Table and Alarm Clocks,Y,clock,peach,222597545,1833663597,T111778-Red
VL-362,Motorcycle Alarm Clock Portable Battery Power Desktop Alarm Clock Watch For Children Friends Gift Table Decoration - White,"Material : plastic
Size : 19cm x 6cm x 10.5cm
Power : Battery ( not included)",Table and Alarm Clocks,Y,clock,sage,222597545,1833663596,T111778-White
VL-363,Motorcycle Alarm Clock Portable Battery Power Desktop Alarm Clock Watch For Children Friends Gift Table Decoration - Multicolor,"Material : plastic
Size : 19cm x 6cm x 10.5cm
Power : Battery ( not included)",Table and Alarm Clocks,Y,clock,gold,222599437,1168961709,222599437-1642232922522-0
VL-364,Hurricane Lantern Lamp Vintage Style Kerosene Lamp Classic Retro Oil Lamp Kerosene Citronella  Lamp Classic - Multicolor,"The kerosene lamp has large capacity, good quality and high brightness. Easy to install and maintain, a great choice for outdoors activities.
Just use a match to point the rope and cover the lamp to complete the lighting action.
There are multiple claws around the lamp head, and there is a pinion that can control the rise or fall of the cotton rope.
The old kerosene lamp uses a cotton wick, the lamp head is usually made of copper, and the lamp holder and the wind-proof lamp are made of glass.
The old kerosene lamp has almost disappeared. It is anti-ancient and nostalgic. It can be used for collection, decoration and practical lighting.
Height: Approx. 24cm / 9.4in
Weight: 406g / 14.3oz",Lamps and Lighting,Y,lamp,clay,222619090,1168985253,222619090-1642237432880-0
VL-365,The Old British Retro Alarm Clock Random Color Creative Household Products Retro Style Kerosene Lamp Alarm Clock For Explorer,"This alarm clock is designed in a retro style.
Its shape is an exquisite kerosene lamp.
In many film and television works, explorers often use such a kerosene lamp to illuminate during their adventures.
In the Indiana Jones and Pirates of the Caribbean series, this kerosene lamp is constantly appearing in the movies.
This kerosene lamp has become the standard of the explorer.
So if you like adventure or adventure movies, don't hesitate to buy this kerosene lamp alarm clock and you will be the new adventure master.
Made of qualified materials, high quality, safe and harmless.
Stylish design, exquisite style, high quality, low price and high cost performance.
Safe and practical, it is the first choice for getting people to get up.
Great for home use.
Modeling: kerosene lamp
Material: Plastic
Color: rose red, blue, gray, bronze, silver, five colors randomly
Size: 17.5cm*10cm*7cm",Table and Alarm Clocks,Y,clock,sand,222623026,1168993043,222623026-1642237740096-0
VL-366,"Mini Football Keychain / Soccer Ball Keychain – Sports Key Ring for Kids, Gifts, Rewards & Party Favors - Yellow","Product Type: Mini Football/Soccer Ball Keychain
Material: Plastic ball + metal ring
Design: Sports-themed (classic black & white football)
Size: Approx. 3.5 cm ball diameter
Color: Random assorted colors (optional)
Ideal For: Kids, students, party gifts, carnival prizes
Use: Key holder, bag charm, gift item, school reward
Durability: Lightweight yet sturdy for long use
Age Group: 3 years and above
Packaging: Individually packed or bulk (as per order)",Watches and Fashion,Y,vase,peach,222624079,2549321059,222624079-1748270683950-5
VL-367,"Mini Football Keychain / Soccer Ball Keychain – Sports Key Ring for Kids, Gifts, Rewards & Party Favors - Orange","Product Type: Mini Football/Soccer Ball Keychain
Material: Plastic ball + metal ring
Design: Sports-themed (classic black & white football)
Size: Approx. 3.5 cm ball diameter
Color: Random assorted colors (optional)
Ideal For: Kids, students, party gifts, carnival prizes
Use: Key holder, bag charm, gift item, school reward
Durability: Lightweight yet sturdy for long use
Age Group: 3 years and above
Packaging: Individually packed or bulk (as per order)",Watches and Fashion,Y,vase,sage,222624079,2549321058,222624079-1748270683950-4
VL-368,"Mini Football Keychain / Soccer Ball Keychain – Sports Key Ring for Kids, Gifts, Rewards & Party Favors - Blue","Product Type: Mini Football/Soccer Ball Keychain
Material: Plastic ball + metal ring
Design: Sports-themed (classic black & white football)
Size: Approx. 3.5 cm ball diameter
Color: Random assorted colors (optional)
Ideal For: Kids, students, party gifts, carnival prizes
Use: Key holder, bag charm, gift item, school reward
Durability: Lightweight yet sturdy for long use
Age Group: 3 years and above
Packaging: Individually packed or bulk (as per order)",Watches and Fashion,Y,vase,gold,222624079,2549321057,222624079-1748270683950-3
VL-369,"Mini Football Keychain / Soccer Ball Keychain – Sports Key Ring for Kids, Gifts, Rewards & Party Favors - White","Product Type: Mini Football/Soccer Ball Keychain
Material: Plastic ball + metal ring
Design: Sports-themed (classic black & white football)
Size: Approx. 3.5 cm ball diameter
Color: Random assorted colors (optional)
Ideal For: Kids, students, party gifts, carnival prizes
Use: Key holder, bag charm, gift item, school reward
Durability: Lightweight yet sturdy for long use
Age Group: 3 years and above
Packaging: Individually packed or bulk (as per order)",Watches and Fashion,Y,vase,clay,222624079,2549321056,222624079-1748270683950-2
VL-370,"Mini Football Keychain / Soccer Ball Keychain – Sports Key Ring for Kids, Gifts, Rewards & Party Favors - Pink","Product Type: Mini Football/Soccer Ball Keychain
Material: Plastic ball + metal ring
Design: Sports-themed (classic black & white football)
Size: Approx. 3.5 cm ball diameter
Color: Random assorted colors (optional)
Ideal For: Kids, students, party gifts, carnival prizes
Use: Key holder, bag charm, gift item, school reward
Durability: Lightweight yet sturdy for long use
Age Group: 3 years and above
Packaging: Individually packed or bulk (as per order)",Watches and Fashion,Y,vase,sand,222624079,2549321060,222624079-1748270683950-6
VL-371,"Mini Football Keychain / Soccer Ball Keychain – Sports Key Ring for Kids, Gifts, Rewards & Party Favors - Multicolor","Product Type: Mini Football/Soccer Ball Keychain
Material: Plastic ball + metal ring
Design: Sports-themed (classic black & white football)
Size: Approx. 3.5 cm ball diameter
Color: Random assorted colors (optional)
Ideal For: Kids, students, party gifts, carnival prizes
Use: Key holder, bag charm, gift item, school reward
Durability: Lightweight yet sturdy for long use
Age Group: 3 years and above
Packaging: Individually packed or bulk (as per order)",Watches and Fashion,Y,vase,peach,222624079,1168987207,222624079-1642238066330-0
VL-372,"Mini Football Keychain / Soccer Ball Keychain – Sports Key Ring for Kids, Gifts, Rewards & Party Favors - Red","Product Type: Mini Football/Soccer Ball Keychain
Material: Plastic ball + metal ring
Design: Sports-themed (classic black & white football)
Size: Approx. 3.5 cm ball diameter
Color: Random assorted colors (optional)
Ideal For: Kids, students, party gifts, carnival prizes
Use: Key holder, bag charm, gift item, school reward
Durability: Lightweight yet sturdy for long use
Age Group: 3 years and above
Packaging: Individually packed or bulk (as per order)",Watches and Fashion,Y,vase,sage,222624079,2549321055,222624079-1748270683950-1
VL-373,"3Pcs Oven Proof Glass Serving Dish With Lid- Transparent 3 Pcs Set With Lid. Oven Use And Serving Dish And Bakeware,Oven Proof Glass Serving Dish. - Multicolor","Product details of Oven Proof Glass Serving Dish With Lid- Transparent
Fresh ambiance to your table with this Oven Proof Glass Serving Dish Threshold. Crafted from sturdy stoneware, this Oven Proof Glass Serving Dish makes the perfect accessory for food. Storage box is made of food-grade material. Non-toxic, tasteless, health and safety, No leaking no sprinkles, easy to carry. Food Storage Container with the airtight lid. the body can keep food warmer.
Capacity: 1.4,1,0.65 LITTER
Easy way to stay hydrated
Perfect way to serve
Microwave Oven Save
Hit Proof
Total : 3 Pcs + 3Pcs Lid
Use For: Microwave Oven,Oven,Dishwasher,Refigerator.
Exclusive Elegant and innovative design
Vibrant designs that look beautiful and Stylish Design.
Food grade and 100 percent hygienic.
Exclusive Elegant and innovative design
Vibrant designs that look beautiful and Stylish Design.
Food grade and 100 percent hygienic.",Tableware and Serving,N,vase,gold,222703227,1169034315,222703227-1642302597072-0
VL-374,"Non-ticking analog alarm clock, creative desk decoration accessory, fine workmanship and practical - Multicolor","Designed with realistic retro sailboat and tractor modeling, this brightly colored alarm clock can be used as a room, office, school or desk decoration.
Not just for decorating your home or office, this creative and beautifully designed vintage alarm clock can also be used as a Christmas or birthday gift.
It is made of high quality plastic material.
There are 2 different sizes for you to choose from.
This product is perfect for home, home, office, etc.
Item name: alarm clock
Plastic things
Features: eye-catching, long lasting, long lasting
Battery: 1 AA battery (battery not included)
Size details:Tractor Size: 23.5 cm x 10 cm x 14.5 cm / 9.25 ""x 3.94"" x 5.71 ""(approx.)
Sailing boat shape: 22cm x 6.5cm x 25.5cm / 8.66in x 2.56in x 10.04in (approx.)
Categories:
Due to differences in lighting and screen settings, the color of the item may differ slightly from the picture. Please allow slight dimension differences due to different manual measurements.
Packages include: 1 x alarm clock",Table and Alarm Clocks,Y,clock,clay,222793857,1169078251,222793857-1642344702083-0
VL-375,Oven Proof Glass Serving Dish - Transparent 3 Pcs Set - Multicolor,"Size.2.0 litar/1.5 litar/ 1.litalitar
13.5 inchi 8 inches /medium 11.5 inchi 7 inches / small. 10.5 inchi 6 inches
Oven proof.
Heavy glass
Easy to carry",Tableware and Serving,Y,vase,sand,222795923,1169066929,222795923-1642345699716-0
VL-376,"Password book with lock Korean creative color page illustration thick small fresh notebook Notepad love diary school, most popular valentine's day gifts","Handy Size Hard Cover Notebook With A Luxury Soft Feel Finish (11 x 16cm)
Traditional Ivory Lined Pages (100 Pages, 70gsm)
Available in a range of different colours;
Most popular valentine's day gifts",Office and Stationery,N,vase,peach,222801530,1169076247,222801530-1642344518697-0
VL-377,"Non-ticking analog alarm clock, creative desk decoration accessory, fine workmanship and practical - Multicolor","Designed with realistic retro sailboat and tractor modeling, this brightly colored alarm clock can be used as a room, office, school or desk decoration.
Not just for decorating your home or office, this creative and beautifully designed vintage alarm clock can also be used as a Christmas or birthday gift.
It is made of high quality plastic material.
There are 2 different sizes for you to choose from.
This product is perfect for home, home, office, etc.
Item name: alarm clock
Plastic things
Features: eye-catching, long lasting, long lasting
Battery: 1 AA battery (battery not included)
Size details:Tractor Size: 23.5 cm x 10 cm x 14.5 cm / 9.25 ""x 3.94"" x 5.71 ""(approx.)
Sailing boat shape: 22cm x 6.5cm x 25.5cm / 8.66in x 2.56in x 10.04in (approx.)
Categories:
Due to differences in lighting and screen settings, the color of the item may differ slightly from the picture. Please allow slight dimension differences due to different manual measurements.
Packages include: 1 x alarm clock",Table and Alarm Clocks,N,clock,sage,222801568,1169078252,222801568-1642344841921-0
VL-378,Vintage Metal Wall Clock Pendulum Brown Decorative Carved Rustic - Multicolor,"Style : Vintage, Decorative
Material : Glass, Metal, Abs Plastic
Feature : Pendulum
Suggested : Room FitLiving Room, Restaurant, Dining Room
Battery Type : AA Battery
Width : 13""(33cm)
Movement Type : Sweep Type
Color : Brown
Dial Material : Metal
Battery Included : Not included
Height : 23.6""(60cm)
Dial Diameter : 9.4""(24cm)
Shape : Round
Installation Type : Hanging
Finish : Painting",Wall Clocks,Y,clock,gold,222805503,1169077315,222805503-1642345853205-0
VL-379,Vintage Metal Wall Clock Pendulum Brown Decorative Carved Rustic - White,"Style : Vintage, Decorative
Material : Glass, Metal, Abs Plastic
Feature : Pendulum
Suggested : Room FitLiving Room, Restaurant, Dining Room
Battery Type : AA Battery
Width : 14""(36cm)
Movement Type : Sweep Type
Color : Brown
Dial Material : Metal
Battery Included : Not included
Height : 28.""(71cm)
Dial Diameter : 10""(25cm)
Shape : Round
Installation Type : Hanging
Finish : Painting",Wall Clocks,N,clock,clay,222810035,1169068844,222810035-1642346052591-1
VL-380,Vintage Metal Wall Clock Pendulum Brown Decorative Carved Rustic - Multicolor,"Style : Vintage, Decorative
Material : Glass, Metal, Abs Plastic
Feature : Pendulum
Suggested : Room FitLiving Room, Restaurant, Dining Room
Battery Type : AA Battery
Width : 14""(36cm)
Movement Type : Sweep Type
Color : Brown
Dial Material : Metal
Battery Included : Not included
Height : 28.""(71cm)
Dial Diameter : 10""(25cm)
Shape : Round
Installation Type : Hanging
Finish : Painting",Wall Clocks,N,clock,sand,222810035,1169068843,222810035-1642346052591-0
VL-381,Babies Bloom Baby Mosquito  Sleeping Bags ( Package Content:  Mosquito Sleeping Bags) - Multicolor,8,Home Textiles and Bedding,Y,vase,peach,222840796,1169093646,222840796-1642390381459-0
VL-382,Babies Bloom Baby Mosquito  Sleeping Bags ( Package Content:  Mosquito Sleeping Bags) - Multicolor,8,Home Textiles and Bedding,Y,vase,sage,222841552,1169101057,222841552-1642390532157-0
VL-383,Babies Bloom Baby Mosquito  Sleeping Bags ( Package Content:  Mosquito Sleeping Bags) - Multicolor,8,Home Textiles and Bedding,Y,vase,gold,222851065,1169099181,222851065-1642390234388-0
VL-384,Hurricane Lantern Lamp Vintage Style Kerosene Lamp Classic Retro Oil Lamp Kerosene Citronella  Lamp Classic - Multicolor,"Hurricane Lantern Lamp Vintage Style Kerosene Lamp Classic Retro Oil Lamp Kerosene Citronella Lamp Classic
_x000D_
The kerosene lamp has large capacity, good quality and high brightness. Easy to install and maintain, a great choice for outdoors activities.
_x000D_
Just use a match to point the rope and cover the lamp to complete the lighting action.
_x000D_
There are multiple claws around the lamp head, and there is a pinion that can control the rise or fall of the cotton rope.
_x000D_
The old kerosene lamp uses a cotton wick, the lamp head is usually made of copper, and the lamp holder and the wind-proof lamp are made of glass.
_x000D_
The old kerosene lamp has almost disappeared. It is anti-ancient and nostalgic. It can be used for collection, decoration and practical lighting.
_x000D_
Height: Approx. 24cm / 9.4in
_x000D_
Weight: 406g / 14.3oz
_x000D_",Lamps and Lighting,N,lamp,clay,222966732,1169207359,222966732-1642424275774-0
VL-385,"Antique Classy Wall Clock Royal Clock Grand Central Station Extra Large 24'' x 24""-Inch","This antique vintage royal clock is a neccessity in your home, offices, and all other desired space you want to place it..
Its beautiful and durable. It can be placed on your livingroom walls,bedroom,,offices,hotels,receptions.
The product dimension is 24 x 24"" round",Wall Clocks,N,clock,sand,223150594,1169299655,223150594-1642521950699-0
VL-386,Oven Proof Glass Serving Dish - Transparent 3 Pcs Set - Multicolor,"Size.2.0 litar/1.5 litar/ 1.litalitar
13.5 inchi 8 inches /medium 11.5 inchi 7 inches / small. 10.5 inchi 6 inches
Oven proof.
Heavy glass
Easy to carry",Tableware and Serving,Y,vase,peach,223531713,1169556954,223531713-1642751717075-0
VL-387,"Microfiber Water Fountain (20 x 16 x 12 cm, Multicolour)","Indoor, Outdoor Water Fountain
Material: Microfiber
Height: 20 cm
Width: 16 cm
Depth: 12 cm yg",Home Decor and Showpieces,N,vase,sage,223752164,1169666360,223752164-1642917796993-0
VL-388,5pcs Assorted Construction Toys Die Cast Metal Construction Vehicles Models Mini Yellow Truck Tractor Cars Toy Set for Kids Toddlers Boys (Styles May Vary),"MINI CONSTRUCTION VEHICLE: 5 pieces diecast construction model car set -- bulldozer, truck, excavator, forklift, road roller, tank truck, tractor, dumper -- 5 types deliver in random.
1:64 SCALE SIMULATION MODEL: Designed base on real construction car. 1:64 scale model car is the right size for children. Suitable for little hands and small enough to put into a pocket.
HIGH-QUALITY MATERIALS: This mini sliding engineering vehicle toy set is made of metal and plastic. Non-toxic and high-quality ABS materials can ensure children's safety.
INTELLECTUAL DEVELOPMENT: Different types of engineering model cars can give children various of imagination. It can develop kid’s motor skills and promote intellectual development through playing.
Material : Abs, Metal
Product Dimensions : 3.15 x 1.18 x 1.18 inches; 5.93 Ounces
Style : 5pcs construction cars
RECOMMENDATION: Perfect gift for little kids and boys. Suitable for children over 3 years old and please let your child play this set under adult supervision.",Toys and Games,Y,vase,gold,223776557,1556260874,223776557-1697253774210-0
VL-389,"Pillar Candle Holders,Crystal Candle Holder with Lid for Pillar Candle,Candlesticks Holder with Crystal Ball for Coffee Dining Table, Wedding, Christmas, Halloween, Home Decor","【Crystal + Metal Design Candle Holder】 This candle holder is made of stainless chrome metal, it is designed with shiny crystal elements to make it looks more classic and beautiful!
【No need to reassemble it】 Brand New whole set in the box.It does not require you to reassemble, only one thing you need to do is openning the box after receiving it, this saves your time and reduces assembly troubles
【Safe Package No Damages】With special foam and box to keep the candlestick holder arrived at your home safe.You don’t need to worry about the candle holder breaking or damaged in the transport .
【Classic Design more Elegant】The design of this candle holder is classic, simple and elegant. The top holder is equipped with a glass windshield hurricane lid.It looks more high-end atmosphere, very suitable for home decoration, coffee table, bedroom, or wedding celebration!",Candles and Holders,Y,vase,clay,223782011,1614047862,223782011-1642922332784-0
VL-390,ROTATING MUSIC BOX - guitar,"PRODUCT TYPE: SHOW PIECE
PRODUCT USE: DECORATION
PACKAGE DETAILS: 1 MUSIC BOX WITH PAPER PACKAGE
SIZE: 9.5*9.5*21CM
MATERIAL: ABS",Home Decor and Showpieces,Y,vase,sand,223975363,2162539221,223975363-1727757566165-2
VL-391,ROTATING MUSIC BOX - violin,"PRODUCT TYPE: SHOW PIECE
PRODUCT USE: DECORATION
PACKAGE DETAILS: 1 MUSIC BOX WITH PAPER PACKAGE
SIZE: 9.5*9.5*21CM
MATERIAL: ABS",Home Decor and Showpieces,Y,vase,peach,223975363,2162539220,223975363-1727757566165-1
VL-392,ROTATING MUSIC BOX - Pipa,"PRODUCT TYPE: SHOW PIECE
PRODUCT USE: DECORATION
PACKAGE DETAILS: 1 MUSIC BOX WITH PAPER PACKAGE
SIZE: 9.5*9.5*21CM
MATERIAL: ABS",Home Decor and Showpieces,Y,vase,sage,223975363,2162539222,223975363-1727757566165-3
VL-393,ROTATING MUSIC BOX - Multicolor,"PRODUCT TYPE: SHOW PIECE
PRODUCT USE: DECORATION
PACKAGE DETAILS: 1 MUSIC BOX WITH PAPER PACKAGE
SIZE: 9.5*9.5*21CM
MATERIAL: ABS",Home Decor and Showpieces,Y,vase,gold,223975363,1169782821,223975363-1643012687421-0
VL-394,"Antique Classy Wall Clock Royal Clock Grand Central Station Extra Large 30'' x 22""-Inch - Multicolor","This antique vintage royal clock is a neccessity in your home, offices, and all other desired space you want to place it..
Its beautiful and durable. It can be placed on your livingroom walls,bedroom,,offices,hotels,receptions.
The product dimension is 30''x 22"" round",Wall Clocks,Y,clock,clay,223990607,1169799587,223990607-1643016955325-0
VL-395,Metal Hanging Candle holder - Multicolor,"A striking gold table or wall hung tea light holder with a simple circular look, available different geometric shapes.
Crafted from lightweight metal with a gold finish, designed in a modern shape, and a generously sized candle plate for traditional candles, LED candles, and your favourite scented tea light
Hang them together or separately for a custom look in any living, dining or sleeping space!. Perfect to make your home feel cosy.
Decorative wall sconce, perfectly sized to add modern style to any area in the home. Making a beautiful house warming gift or just a little treat for yourself.
Dimensions: H30 x W30 x D8cm, candle plate – D 7.5cm",Candles and Holders,Y,vase,sand,224018573,1169814941,224018573-1643022892587-0
VL-396,Metal Hanging Candle holder - Multicolor,"A striking gold table or wall hung tea light holder with a simple circular look, available different geometric shapes.
Crafted from lightweight metal with a gold finish, designed in a modern shape, and a generously sized candle plate for traditional candles, LED candles, and your favourite scented tea light
Hang them together or separately for a custom look in any living, dining or sleeping space!. Perfect to make your home feel cosy.
Decorative wall sconce, perfectly sized to add modern style to any area in the home. Making a beautiful house warming gift or just a little treat for yourself.
Dimensions: H30 x W30 x D8cm, candle plate – D 7.5cm",Candles and Holders,Y,vase,peach,224025552,1169825233,224025552-1643024137879-0
VL-397,Wall Clock Pendulum Brown Decorative Carved Rustic,"Style : Vintage, Decorative
Material : Glass, Metal, Abs Plastic
Feature : Pendulum
Suggested : Room FitLiving Room, Restaurant, Dining Room
Battery Type : AA Battery
Width : 20""(50cm)
Movement Type : Sweep Type
Color : Brown
Dial Material : Metal
Battery Included : Not included
Height : 26""(66cm)
Dial Diameter : 10""(25cm)
Shape : Round
Installation Type : Hanging
Finish : Painting",Wall Clocks,Y,clock,sage,224040183,1169832288,224040183-1643025769312-0
VL-398,3D Color Famous Crystal Glass Car Model For Gifts & Room Decoration,"Handcrafted in the USA from the World's Finest, Full-Cut, Faceted Crystal.
Designed by renowned CRYSTAL WORLD Artist, Tom Suzuki.
A perfect gift for car lovers, crystal collectors and nostalgic collectors.
Brand new! 5-3/4"" width. Gift boxed.",Home Decor and Showpieces,Y,vase,gold,224053259,1169845482,224053259-1643030583649-0
VL-399,Crystal Organizer  Makeup Brush Holder Cosmetics Tools Organizer Container Pen Pencil Holder Storage Candle Holder - Multicolor,"Makeup Brush Holder Material: Metal Plated with Square Crystal
Makeup Brush Organizer Dimension: 4 x 4 x 6 inches (10.16 x 10.16 x 15.26 cm); Weight: 0.99lb/450g
Durable Crystal Brush Holder: More tough and Large capacity. Organize many shapes and sizes of makeup brushes, lip/eye liners, makeup pads, nail files, pen holderetc.
Sparkly Cosmetics Tools Container: Modern, simple design great for decorating your dresser, desk, counter or tabletop at home. Great for Fashion and Beauty Lovers.
Multi-function Crystal Candle Holder: Perfect for organizing makeup brushes, cosmetics, vanity, toothbrush, Eyebrow, Pen Pencil office supplies, Candle holder.",Office and Stationery,Y,vase,clay,224541918,1556258813,224541918-1697254199953-0
VL-400,Mini Suitcase Shape Music Box Kids Toys Gifts For Elise Plastic Music Box Home Office Decoration Birthday Gift,"fashion suitcase music box
Made of durable and eco-friendly plastic
A great gift for birthday or Christmas gifts
Nice personalized and high-end design to decorate.
Perfect to decorate your home and create a happy romantic atmosphere for you and your family.
Material: Plastic, Metal
Color: Coffee, Dark Grey, Pink, Red, Silver, Yellow
Size: 15x10.5x7cm/6x4.1x3in
Shape: suitcase shape
Gender: Unisex
Quantity: 1pc/set
Usage: Collection gifts, decoration gifts, business gifts, friendly gifts, office and home decoration
How to use: Turn the ""Twist"" button at the bottom of the music box, then open the music box, and the music will play immediately, for Elise
Package includes:1 x music box
Grades:
1. The measurement of the item lying on the table may cause a slight difference.
2. The real color of the item may be slightly different from the pictures shown on website caused by many factors such as brightness of your monitor and light brightness when taking photos.
Thanks for your understanding!",Bath and Storage,Y,vase,sand,224559228,1170216517,224559228-1643186058524-0
VL-401,"Twin Bell Table Clock.Loud Alarm Clock. for Home, Office, Decor, Showpiece Item Best for Kids & Students - Multicolor","Alarm Clock for Home/Offices/Bedroom/Living Room/Kitchen Alarm Clock Table Desk wall haing clock timer
Classic analogue display and a classic-themed exterior gives it an undeniable classic charm.
Very loud twin bell alarm makes sure its functionality is at maximum.Mini and cute design, Convenient to carry. Traditional shape, also suits for desk decor
Metal bell and glass cover to protect the inner mechanisms of the clock, making it highly durable.
Love your life, love yourself. it Protects you from harm of radiation, with this beside alarm clock, no need to set alarm anymore in your mobile, you can keep your mobile away when you are sleeping.
Item Dimensions LxWxH 13 x 5 x 9 Centimeters",Table and Alarm Clocks,Y,clock,peach,225431638,1170607586,225431638-1643682599569-0
VL-402,"Twin Bell Table Clock.Loud Alarm Clock. for Home, Office, Decor, Showpiece Item Best for Kids & Students - Multicolor","Alarm Clock for Home/Offices/Bedroom/Living Room/Kitchen Alarm Clock Table Desk wall haing clock timer
Classic analogue display and a classic-themed exterior gives it an undeniable classic charm.
Very loud twin bell alarm makes sure its functionality is at maximum.Mini and cute design, Convenient to carry. Traditional shape, also suits for desk decor
Metal case and glass cover to protect the inner mechanisms of the clock, making it highly durable.
Love your life, love yourself. it Protects you from harm of radiation, with this beside alarm clock, no need to set alarm anymore in your mobile, you can keep your mobile away when you are sleeping.
Item Dimensions LxWxH 13 x 5 x 9 Centimeters",Table and Alarm Clocks,Y,clock,sage,225435526,1170614379,225435526-1643683910836-0
VL-403,Oven Proof Glass Serving Dish - Transparent 3 Pcs Set - Multicolor,"Oven proof.
Heavy glass
Easy to carry",Tableware and Serving,Y,vase,gold,225532785,1556274733,225532785-1697253600016-0
VL-404,5 Piece Heat-resistant  Glassware Bowl A Set Of Refrigerator Containers Consisting Of Five PCs With Lid,"3 Piece Oven proof Deli Glassware Bowl Multi-Purpose
_x000D_
Crystal Drill Glass body
_x000D_
Oven safe
_x000D_
Refrigerator safe
_x000D_
Leak proof and spill proof
_x000D_
Dishwasher safe
_x000D_
Premium and Fresh Quality series
_x000D_
The lid is not oven proof, the lid is made of plastic
_x000D_",Tableware and Serving,N,vase,clay,225541016,1660145082,225541016-1643734206348-0
VL-405,Luminarc Multi-one 2pc Small Oval Serving Dish Set N2370 3.8L/1.5L,"Composition: 1pc 3.8L 35X27 cm, 1pc 1.5L Oval 26X20CM
Fully Tempered, up to 3X stronger
Microwave and Dishwasher Safe
High thermal shock resistance",Tableware and Serving,N,vase,sand,225544399,1170640354,225544399-1643738256747-0
VL-406,"Fruit Basket, 2-Tier Countertop Fruit Bowl, Vegetable Storage, Vegetable Stand Kitchen Storage & Organisation, Fruit Rack Holder, Metal Decorative Baskets for Fruit, Vegetables, Eggs & Snacks",,Tableware and Serving,N,vase,peach,225700958,1170707599,225700958-1643833720497-0
VL-407,Heat Resistant Tea & Coffee Cups Set of 12 Pcs W/Plates Tea & Coffee,"12-Piece Tea or Coffee set, Sold in a satin lined gift-box
- Perfect for Espresso or Turkish coffee shots
- A beautiful gift for any occasion
- It can be used at all types of events and parties such as tea party, baby showers, graduations, weddings, Christmas and thanksgiving
- Heat resistant and dishwasher safe",Tableware and Serving,Y,vase,sage,226414420,1170967352,226414420-1644337000695-0
VL-408,VESPA LX 1054 WEKER CLOCK - VESPA MOTORCYCLE WEKER CLOCK - CHARACTER WEKER CLOCK - TABLE CLOCK - ALARM CLOCK - Multicolor,"BEKER HOUR LY 1054
VESPA WESTERCLOCK
VESPA MOTORCYCLE BEKER CLOCK
CHARACTER WEKER CLOCK
TABLE CLOCK - ALARM CLOCK
Specifications:
- Alarm
- Beep...
- Size: 14 cm X 20 cm
- Battery: A2 x 1 pcs (Battery Not Included)
__________________________________________________
* If the selected color is empty (out),Then a random color will be sent without needing to be confirmed again
** PURCHASE MEANS AGREE TO THESE RULES **
*** NO COMPLAIN, NO CANCEL ***",Table and Alarm Clocks,Y,clock,gold,227798318,1171837576,227798318-1645122049505-0
VL-409,VESPA LX 1054 WEKER CLOCK - VESPA MOTORCYCLE WEKER CLOCK - CHARACTER WEKER CLOCK - TABLE CLOCK - ALARM CLOCK - Yellow,"BEKER HOUR LY 1054
VESPA WESTERCLOCK
VESPA MOTORCYCLE BEKER CLOCK
CHARACTER WEKER CLOCK
TABLE CLOCK - ALARM CLOCK
Specifications:
- Alarm
- Beep...
- Size: 14 cm X 20 cm
- Battery: A2 x 1 pcs (Battery Not Included)
__________________________________________________
* If the selected color is empty (out),Then a random color will be sent without needing to be confirmed again
** PURCHASE MEANS AGREE TO THESE RULES **
*** NO COMPLAIN, NO CANCEL ***",Table and Alarm Clocks,Y,clock,clay,227798318,1171837577,227798318-1645122049505-1
VL-410,VESPA LX 1054 WEKER CLOCK - VESPA MOTORCYCLE WEKER CLOCK - CHARACTER WEKER CLOCK - TABLE CLOCK - ALARM CLOCK - Pink,"BEKER HOUR LY 1054
VESPA WESTERCLOCK
VESPA MOTORCYCLE BEKER CLOCK
CHARACTER WEKER CLOCK
TABLE CLOCK - ALARM CLOCK
Specifications:
- Alarm
- Beep...
- Size: 14 cm X 20 cm
- Battery: A2 x 1 pcs (Battery Not Included)
__________________________________________________
* If the selected color is empty (out),Then a random color will be sent without needing to be confirmed again
** PURCHASE MEANS AGREE TO THESE RULES **
*** NO COMPLAIN, NO CANCEL ***",Table and Alarm Clocks,Y,clock,sand,227798318,1171837578,227798318-1645122049505-2
VL-411,VESPA LX 1054 WEKER CLOCK - VESPA MOTORCYCLE WEKER CLOCK - CHARACTER WEKER CLOCK - TABLE CLOCK - ALARM CLOCK - Blue,"BEKER HOUR LY 1054
VESPA WESTERCLOCK
VESPA MOTORCYCLE BEKER CLOCK
CHARACTER WEKER CLOCK
TABLE CLOCK - ALARM CLOCK
Specifications:
- Alarm
- Beep...
- Size: 14 cm X 20 cm
- Battery: A2 x 1 pcs (Battery Not Included)
__________________________________________________
* If the selected color is empty (out),Then a random color will be sent without needing to be confirmed again
** PURCHASE MEANS AGREE TO THESE RULES **
*** NO COMPLAIN, NO CANCEL ***",Table and Alarm Clocks,N,clock,peach,227798318,1171837579,227798318-1645122049505-3
VL-412,Creative boat-shaped windmill music box Personalized student gifts simple wooden desk ornaments,"Item : wooden music box
Material : Wood
Size : customer size
Shape : square/rectangle/roundness etc.(customized)
Plating : Nickel, antique nickel, black nickel, brass, antique brass, copper, antique copper, gold, antique gold, silver, antique silver, chrome, dyed black, pearl gold, pear nickel, double plating and more(shah traders)
Color : Pantone color chart with soft enamel, silkscreen printing, offset printing by paper sticker or epoxy coating surface.(shah traders)
Attachment : If Single Side the Back can Add Butterfly Clutch, Safety Pin, Tie Tack, Tie Clip, Cufflink, Money Clip, Bookmark, Magnet, Keychain and etc.(shah traders)
Logo : laser, engrave, screen printing, offset printing.(shah traders)
Packing : poly bag/bubble bag/OPP bag/plastic box/ gift box etc.
useage : Souvenir, Promotion, Collectable, Memorial, Sports Event, Business gift, Wedding and etc.",Home Decor and Showpieces,N,vase,sage,227799226,1171838472,227799226-1645120948276-0
VL-413,Crystal Chili Figurine Glass Bell Pepper Paper Sheep Class Car Perfume Bottle - Red,"Material: Crystal glass
Size: 3.94 x 3.94 x 3.54in
WEDERFUL DECOR: This relief figurine will add more fun and vitality when you put it into your living room, bedroom and office
Slight Difference From Pictures: Each item was purely handcrafted, so there may be slight differences in shape, weight, and color details from the picture that made each craft unique
THE PERFECT GIFT: It would be the perfect gift for mom, wife, best friend, teacher, Christmas, Birthday, Anniversary, Wedding, Mother's Day, Valentine's Day, Teacher's Day, or just for that special someone. Your life is reminiscent of her",Home Decor and Showpieces,Y,vase,gold,228377424,1172235085,228377424-1645456061829-0
VL-414,Versatile Mesh Organizer for Desk Office Supplies - Includes Pencil Holder and Storage Baskets for Desk Accessories - Sleek Black Design,"Introducing the Qatar Special Club Ball - a top-quality football designed to bring out the professional in you. With a size of 5 and a striking cyan color, this football is perfect for players of all levels who want to play like a pro.
Experience the precision and durability of this special club ball as you kick, pass, and score with confidence. Whether you're playing on the field or practicing with friends, this football ensures consistent performance and reliable control.
Unleash your skills and play like a pro with this top-quality football, designed to meet the standards of professional players and clubs.
The Qatar Special Club Ball is crafted to handle tough gameplay and withstand the rigors of training, making it a durable and long-lasting choice for your football sessions.
Upgrade your football game with the Qatar Special Club Ball. Order now and enjoy the thrill of playing like a pro with a football that offers precision, durability, and top-quality performance.",Office and Stationery,Y,vase,clay,231753845,1174867801,231753845-1646888126135-0
VL-415,Apple LED K9 Crystal Table Lamp Z50 – Modern Decorative Desk Lamp with E27 LED Bulb High Quality Iron Base for Bedroom Living Room Office,"Product Name: Apple LED K9 Crystal Table Lamp Z50
Material: K9 Crystal + High Quality Iron
Light Source: E27 LED Bulb (included or optional)
Design: Apple Style, Decorative, Modern
Color: Transparent Crystal with Metal Finish
Usage: Desk, Bedroom, Office, Home Decor
Features: Energy Saving, Long-lasting, Elegant Design",Lamps and Lighting,N,lamp,sand,232013825,1175043186,232013825-1647068824555-0
VL-416,"Beautiful crystal Glass Candle Holder,Ruby Red and Gold Metal Color","Like little glasses of red wine, this set of baby long stem candle cups evoke party panache and bring a lively spark of romance to any table top.
Crafted of lacquered glass, this set is a superb value. Finished with a brilliant red translucent surface on the outside, above clear stems. Simply add a small votive or tea light candle inside for truly breathtaking illumination.
Ideal for wax or led tea light candles or 2 inch votives. Each candle holder has a goblet shaped cup that is 2 3/4 inches in diameter. Their total height measures as follows: Large - Size : 16""/14""/12"" Hold 4"" x 4""
Create a dramatic display of candle light with the set for unforgettable moments. Personalize your look by adding seasonal ornaments, flowers, shells, ribbons or beach sand to the base.
A welcome gift, this set of 3 long stem candle holders are perfect to celebrate holidays, birthdays, weddings and many more. So gorgeous, you'll want to keep it at home for yourself. Enjoy! By Whole House Worlds",Candles and Holders,Y,vase,peach,232032220,1175050262,232032220-1647073688510-0
VL-417,New apple led K9 crystal table lamp led lighting high quality iron desk lamps led lamps E27 led light lustre light Desk Lamp Z50,"_x000D_
Product parameter
_x000D_
Size: please refer to the picture, thank you!
_x000D_
Material: iron, crystal
_x000D_
Color: silver, red, gold
_x000D_
Light source: E27 light bulb, X1 and LED light source
_x000D_
Switch type: double button switch
_x000D_
Suitable voltage: AC 90--260V
_x000D_
Suitable for: living room, dining room, bedroom, study, hotel, club
_x000D_",Lamps and Lighting,Y,lamp,sage,232046244,1175040768,232046244-1647077928403-0
VL-418,"5 Arm Candelabra with Hurricane Glass, 30.5 inch Gold","26” tall
5-armed candelabra
Gold Metal featuring Crystal accessories
Sturdy (almost 4 pounds)
Use as an extravagant wedding centerpiece
Candles Sold Separately",Candles and Holders,N,vase,gold,232090786,1175071435,232090786-1647105902548-0
VL-419,Home Decoration Fiber Eagle and Wooden Base,"Home Decoration Fiber Eagle and Wooden Base
Size : 16inches",Home Decor and Showpieces,N,vase,clay,232096483,1175082086,232096483-1647104672420-0
VL-420,"Vintage Metal Turkish Coffee Pot Set Turkish Tea Set with 6 Luxury Coffee Cups & Craft Tea Tray Teapot for Serving Tea Zamzam Coffee Cappuccino,Gold Silver Ottoman Trim Weddin Gift","✿ PACKAGE INCLUDED -- This 8 piece European style turkish coffee set includes 6 coffee cups/tea cup, 1 coffee pot/teapot and 4serving tea tray.You can use it with coffee, as well as tea, latte, espresso, cappuccino, etc. It is a very practical teacup set, beautiful and practical
✿ EUROPEAN STYLE DESIGN -- The perfect decoration makes your home more European-style, both practical and decorative.This turkish tea set and turkish coffee cups set with smooth lines and beautifully carved, retro elegance and nobility, piece for a truly luxurious style.
✿ LUXURY GIFTS SET -- Turkish coffee set can be put at wine cabinet, bar counter, coffee table, etc, also can be placed an independent decoration, These Coffee Cups set of can be anexcellent birthday,wedding,anniversary or housewarming gift for any coffee lover
✿ QUALITY MATERIALS -- Made of high-quality zinc alloy materials, safe, environmentally friendly and durable.Simple high-end luxury wineware home decoration, giving people a bright feeling.Hip flask size: approx. 22x13 cm (H x W); Wine glass size: approx. 5x5x6.5 cm (H x Caliber x W). Capacity: wine glass 30ml, wine decanter 253ml
WE CARE ABOUT YOU ★ it is very important to us that you are happy with your purchase. We are behind of each product sold. If you have any problems with the products just please send us a message and we will try our best to solve. ""We believe in quality and always stand behind our high quality Turkish Vintage Coffee & Tea Cups"".",Tableware and Serving,Y,vase,sand,232096707,1175069741,232096707-1647106887317-0
VL-421,"Emoji Heart Eyes Face Emoticon Cushion Stuffed Plush Soft Pillow, Official Certified, EvZ 32cm Yellow","The official brand, officially licensed product.
Perfect high quality lint-free cute pillow, great hand feeling, soft and no odors.
Great way to express yourself with these crazy and fun emoticons, creative gift for your friends, kids and everyone you love.
Decorate your bedroom, living room, or anywhere else with emoticons, maybe the happiest thing in the world!
Material: Poly Propylene (PP), Size: 12.6(L) x 12.6(W) x 4(H) inches / 32 x 32 x 10 cm.",Home Textiles and Bedding,N,vase,peach,232099560,1175067829,232099560-1647106248554-0
VL-422,Glass Dispenser with Tap Sherbet Dispenser Party Carboy Soft Drink 3lt,"Glass Dispenser with Tap Sherbet Dispenser Party Carboy Soft Drink Stylish Series Made of 3 liter High Quality Glass Glass carboy with tap with stylish, plain and nostalgic lines.
It offers a fun and elegant solution to your crowd invitations. Thanks to its spout, it acts as a filter for pulpy drinks.
It allows you to easily fill your drinks with its removable glass lid and wide mouth volume. You can use it in the presentation of water, lemonade, puerperal sherbet, compote, oil, fruit juices, cold teas and all your beverages.
All made of high quality glass. With Lid - Stand Total Height: 47 cm Mouth Diameter: 16.5 cm Tap Height: 16 cm Empty Weight: Approximately 3.5 kilograms.",Bottles and Lunch Boxes,Y,vase,sage,232304649,1175189845,232304649-1647234360341-0
VL-423,3 lt Glass Dispenser with Tap Sherbet Dispenser Party Carboy Soft Drink - Multicolor,"Glass Dispenser with Tap Sherbet Dispenser Party Carboy Soft Drink Stylish Series Made of 3 liter High Quality Glass Glass carboy with tap with stylish, plain and nostalgic lines.
It offers a fun and elegant solution to your crowd invitations. Thanks to its spout, it acts as a filter for pulpy drinks.
It allows you to easily fill your drinks with its removable glass lid and wide mouth volume. You can use it in the presentation of water, lemonade, puerperal sherbet, compote, oil, fruit juices, cold teas and all your beverages.
All made of high quality glass. With Lid - Stand Total Height: 47 cm Mouth Diameter: 16.5 cm Tap Height: 16 cm Empty Weight: Approximately 3.5 kilograms.",Bottles and Lunch Boxes,Y,vase,gold,232305649,1175200306,232305649-1647235343241-0
VL-424,3 lt Glass Dispenser with Tap Sherbet Dispenser Party Carboy Soft Drink - Multicolor,"Glass Dispenser with Tap Sherbet Dispenser Party Carboy Soft Drink Stylish Series Made of 3 liter High Quality Glass Glass carboy with tap with stylish, plain and nostalgic lines.
It offers a fun and elegant solution to your crowd invitations. Thanks to its spout, it acts as a filter for pulpy drinks.
It allows you to easily fill your drinks with its removable glass lid and wide mouth volume. You can use it in the presentation of water, lemonade, puerperal sherbet, compote, oil, fruit juices, cold teas and all your beverages.
All made of high quality glass. With Lid - Stand Total Height: 47 cm Mouth Diameter: 16.5 cm Tap Height: 16 cm Empty Weight: Approximately 3.5 kilograms.",Bottles and Lunch Boxes,Y,vase,clay,232306079,1175203031,232306079-1647234140262-0
VL-425,"Teddy Bear Mug Shape Cartoon Plastic Kids Photo Frame 4x6"" - Room Decoration","Cute cartoon teddy bear mug shape Plastic picture Frame for your sweet kids photos. A brilliant picture needs a tasteful and matching frame, now seal and relive your memories with these colorful attractive frames featuring teddy bear.
Made in durable and light weight plastic this frame would look fabulous in any room of your house.
Ideal birthday, return gift or excellent momento decorative table top frame.
Dimensions: Picture size 4x6 inch or 10x15 cm, Height 28 cm, Width 19.5 cm, Depth 7 cm, weight 245 gm.
#RoomDecoration
#PhotoFrame
#WallFrame",Mirrors and Frames,Y,mirror,sand,232321418,1560906746,232321418-1697777711584-0
VL-426,Cute Cartoon Sleeping Baby Doll Key chains Fur Ball Plush Fluffy Key Chain For Women Men Bag Pendant Car Key Holder Toys For Children Gift,"Warm Tip: Dear buyer, Due to lighting effect,monitor's brightness,manual measurement and etc, there could be some slight differences in the color and size between the photo and the actual item. sincerely hope that you can understand! Thank you!
Made of premium plush material, the keychain is soft and comfortable for holding.
Wonderful decoration for your keys, very lovely.
Perfect for self use or present to others as a gift.
Cute sleeping baby doll design, very likeable and attractive.",Bath and Storage,Y,vase,peach,232572240,1633119082,232572240-1697253486056-0
VL-427,Cute Cartoon Sleeping Baby Doll Keychains Fur Ball Plush Fluffy Key Chain For Women Men Bag Pendant Car Key Holder Toys For Children Gift,"Warm Tip: Dear buyer, Due to lighting effect,monitor's brightness,manual measurement and etc, there could be some slight differences in the color and size between the photo and the actual item. sincerely hope that you can understand! Thank you!
Made of premium plush material, the keychain is soft and comfortable for holding.
Wonderful decoration for your keys, very lovely.
Perfect for self use or present to others as a gift.
Cute sleeping baby doll design, very likeable and attractive.",Watches and Fashion,Y,vase,sage,232586692,1556258782,232586692-1697253462025-0
VL-428,Cute Cartoon Sleeping Baby Cute Cartoon Doll Keychains Fur,"Warm Tip: Dear buyer, Due to lighting effect,monitor's brightness,manual measurement and etc, there could be some slight differences in the color and size between the photo and the actual item. sincerely hope that you can understand! Thank you!
Made of premium plush material, the keychain is soft and comfortable for holding.
Wonderful decoration for your keys, very lovely.
Perfect for self use or present to others as a gift.
Cute sleeping baby doll design, very likeable and attractive.",Watches and Fashion,Y,vase,gold,232605550,1175440474,232605550-1647331765090-0
VL-429,"Toy Cars for 3-6 Year Old Boys, Monster Trucks for Boys Kids Toy Trucks for Boys Age 3 4 5 6 7 Year Old Boys Gifts Birthday","This 4 pack monster trucks toys for boys with 360 degree rotation will inspire little one?s creativity, exercise hand-eye coordination and color perception ability.
Get your kids away from TV/Computer/Mobile Phone/Tablet, Good for their health.
An amazing funny time for kid with his friends to play a different role to drive different cars.
ABS Durable Material, Safe for Kids This friction powered car toys are made of ABS plastic material, durable and safe enough for little kids.
Best gifts for 2 3 4 5 6 7 8 year old boys girls, kids, toddlers.
Specifications: Materials: plastic ABS
Driving power: inertia Car type: off-road
vehicle Item Size: 2.9*3.5*3.3 inches Weight: 1 lb
Package: 4 pack Suitable age: 2 years old and up
Colour: Purple, Green, Pink, Blue",Toys and Games,Y,vase,clay,232621762,1175441637,232621762-1647334119330-0
VL-430,"Friction Powered Push and Go Flying Car for Kids - Unbreakable Diecast Plastic car Toy, Flying Model Car with Moving Fans - Multicolor","Product Type: This is just a toy that does not fly.
Non-toxic and 100% safe material for kids to play freely with it.
For Kids Non-breakable toys for kids who run on friction.
Select your car quantity below.
Made of ABS material, it is durable and does not break when dropped.",Toys and Games,Y,vase,sand,232621826,1175438629,232621826-1647334550237-0
VL-431,Luxury Imitation Wood Grain Retro Silent Swing Wall Clocks Large Pendulum Wall Clocks Living Room Reloj De Pared Modern Design - Multicolor,"Size: Wide 27cm, height 50cm
Power type: AA battery
Highquality needle
Made of superior pvc material, durable to use
Easy installment and pretty stable.
This clock with mute core will not disturb you in the evening.
Decorate your home and walls to make your home look luxurious and beautiful
Suitable for bedroom, living room, study room, office and more.",Wall Clocks,N,clock,peach,232622538,1603252179,232622538-1647333495000-0
VL-432,"Friction Powered Push and Go Flying Car for Kids - Unbreakable Diecast Plastic car Toy, Flying Model Car with Moving Fans - Multicolor","bullet point: The tires link the blades, and the blades also rotate when they slide forward.
Size: about 4 * 12 * 10cm/1.6*4.7*3.9inch.
The inertia is strong and powerful, giving him a forward force and moving forward.
Power: inertial sliding toy four-axis aircraft.
Anti-collision and environmentally friendly materials, with a firm structure, resistant to collision and fall",Toys and Games,Y,vase,sage,232622844,1175438707,232622844-1647335438077-0
VL-433,Decorative Desktop Led Night Light With Led Lantern Swing,"Material: Metal
Product Dimensions:
Height: 19 cm
Width: 9.5 cm",Lamps and Lighting,Y,lamp,gold,232766786,1175531870,232766786-1647409616627-0
VL-434,Rainbow Ball Magic Cube Fidget Toy Puzzle Magic Rainbow Ball Puzzle Fun Fidget,"CuberSpeed Rainbow Ball is in a shape of a ball with 12 holes and 11 colorful balls inside that you fidget to pass balls from one hole to the other.
Your objective is to scramble the colored balls, then figure out how to get them all back into their matching colored slots in all holes.
The balls can be moved around using the empty hole, which allows the puzzle to be jumbled. Move all of the balls back into their proper places to solve the rainbow ball puzzle!
The puzzle ball might look simple at first, but this fun addictive puzzle will keep kids busy for long periods of time.
Exercises your memory and hands on skills is a perfect educational toy that will keep anyone busy for long periods of time .Best selling Fun fidget toys
Item Dimensions LxWxH11.81 x 5.91 x 7.87 inches",Toys and Games,N,vase,clay,233038157,1175775951,233038157-1647443495638-0
VL-435,Concept Train Electric Transparent Gear Train Universal Walking Train Colorful Lights Musical Toys Children's Phone Toy Toys For Babies,"Recommend Age: 4-6y
Material: ABS Plastic
Features: Educational, Mini, Flashing ,Sounding
Gender: Unisex
Size: 20*13*10cm
Battery: Battery Operated ,3 AA batteries (not included)
Color: Random",Electronics and Audio,Y,vase,sand,233038641,1175783616,233038641-1647448298247-0
VL-436,"Transparent Gear Fish Toy, Baby Lights Music Light Fish Toy, Newborn Musical Early Educational Toy, Ideal Fish Toy for Floor Play - Multicolor","Design - These rubber choo choo toys contribute to developing children's intellectual development and tactile development to a certain extent. Apart from exposing your baby to brightly colored toys, it helps babies recognize colors.
BABY SAFE - Made of safe and non-toxic PVC material without any harm to your lovely kids. They are smooth flexible of super good touch feeling and not easy to be destroyed.
Fun Baby Bath Toys - Fill your tub with these fun floating animal bath toys. Kids will have so much fun squeezing, splashing, and playing in the water with these adorable animal bath toys.
Have fun learning - These bath and play animal toys for kids are colorful and the right size to fit little hands and engage kids during bath time as well as study time.
THE PERFECT GIFT - This bath toy set is a great fun Christmas/holiday/birthday gift for a 1 year old boy girl. Give your child a cute swim team.
Product measurement : 15 x 10 x 8 cm; 300 grams",Electronics and Audio,Y,vase,peach,233041515,1175778847,233041515-1647449023402-0
VL-437,"Set of 4 Double-sided Stunt Flip Inertia Car Friction Powered Car Toys Push and Go Toy Cars for Toddlers Powered Pull Back Toys Vehicle 360 Rotation, Gifts for 3 4 5 6 7 8 Year Old Boy and Girl","🚗【360° Rotating Stunt Car Toys】2 pack double sided flip car, which each side has a different color. our pull back car is more novel in appearance design. Pushing the reverse side of the monster toy truck, it will rotate 360˚with the prop of the front side, when encountering obstacles, pull back toy car will automatically flip over, bringing more fun to kids.
🚙【Friction Powered, No Battery Needed】No batteries required, no remote controller. Flip cars for toddlers with strong power 4 wheel inertia drive, just push the toy car forward a few times to get strong power, and then quickly release them, these pull back cars for kids will run to all-direction with strong inertia power, the inertia car only needs to be pushed gently, easy for kids to play with.
🚗【DURABLE ABS MATERIAL】The toddler boy toy made out of premium ABS plastic non-toxic and tasteless environmental spray painting, with anti-collision & shockproof protection, environment friendly and safe. Cars for toddlers 1-3 have a cool looking with super strong toughness, anti-falling & durable, which are safety tested, no worries for your kids playing.
🚕【Stimulate Kids Interest】With these monster friction trucks, your kids are able to build a racing game to gain more fun in the playing time. Friction powered cars stimulate their interest to learn and explore during playing time, Parents and grandparents can accompany children to play with toy trucks, which is conducive to promoting the affection between parents and children and allowing children to grow up healthily.
🎁【Great Gifts for Kids】Perfect gifts for children's birthdays, Christmas, New Year and other holidays. Not only a car toy but also a communicative link between you and kids. In addition, Inertia car toys can develop kids' interaction, social and sport skills during playing and are the ideal toy gift for boys and girls.",Toys and Games,N,vase,sage,233088317,1175816064,233088317-1647496043685-0
VL-438,2 in 1 Deformation Transform RC Robot Car Toy for Kids - Assorted,"2 in 1 Deformation Transform RC Robot Car Toy for Kids - Assorted
One Button Transform - Two types of play: 2 in 1 Car and Robot - When you press the button on the remote control it automatically transforms from car to robot. Turns back and forth smoothly and quite awesome.
DURABLE AND RECHARGEABLE BATTERY - New lithium battery, longer running time. The rc robot car can run for 60 minutes after full charge for 2HS. You can charge it with the USB charger it provides. Compared to other batteries, it is more durable and lasting.
HIGH SPEED DRIFTING - It has 5 smooth wheels and can flexibly turn 360° in both robot models and car sizes.
HIGH QUALITY MATERIAL - Made of ABS plastic material, safe for kids. Car body with environmentally friendly anti-fall material, strong and resistant to fall, to cope with a variety of vandalized children's operations
Real Racing Experience - Independent 2.4 GHz Strong Transmitter System. Simultaneous play for several people is allowed. Kids can be easy to control, ready for a fast and furious racing with each other.
Product measurement32 x 16 x 23 cm; 630 grams",Toys and Games,Y,vase,gold,233088535,1429296511,233088535-1686378560194-0
VL-439,1:16 Xf-Emulation Model Rechargeable Remote Control RC Car For Kids,"The car is a 4 channel remote control emulation XF car
The car is a Ferrari model car
The car sounds like a real Ferrari when starting
The front of the car has two headlights which light up as soon as the car starts
The car is suitable for children 4 years and older
The car runs on a 26 MHz rechargeable battery (which is included with the box) and a USB
Charging cable is attached to the car for charging.
The car needs 2 AA batteries to operate the remote (which is not included in the box).
Charging time: Maximum 1 hour, backup: 20-30 minutes
Size: 29 x 15 x 10 cm / 11.42 x 5.90 x 3.94 inches
Weight: 299 grams",Toys and Games,Y,vase,clay,233094169,1781686291,233094169-1686378986203-0
VL-440,Oven Proof Glass Serving Dish - Transparent 6.Pcs Set. Oven Use And Serving Dish And Bakeware. Oven Proof Glass Serving Dish - Transparent 6 Pcs Set. Oven Use And Oven Proof Glass Serving Dish - Transparent 6 Pcs Set. Oven Use,"Oven proof bowl. With lid
3 piece set. (bowl + lid 6piece)
size 1.5 L 1L oven proof bowl.
With lid Can only use single lid.",Tableware and Serving,Y,vase,sand,233169502,1556271920,233169502-1697253395473-0
VL-441,"Oval Glass Roaster, 3 pcs Oven Proof","This magnificent NON STICK item made for you to serve you guests and familly members .
Made from high quality materials ,Ready for hard work .
Came with : 3 pcs in diffreinet sizes
Material : Glass
Dishware proof : yes
Microwave proof : yes",Tableware and Serving,Y,vase,peach,233177827,1175892136,233177827-1647544161623-0
VL-442,Oven Proof Glass Serving Dish - Transparent 6.Pcs Set. Oven Use And Serving Dish And Bakeware. Oven Proof Glass Serving Dish - Transparent 6 Pcs Set. Oven Use And Oven Proof Glass Serving Dish - Transparent 6 Pcs Set. Oven Use,"Oven proof bowl. With lid
3 piece set. (bowl + lid 6piece)
size 2L 1.5 L 1L oven proof bowl.
With lid Can only use single lid.",Tableware and Serving,Y,vase,sage,233181474,1175888421,233181474-1647542844020-0
VL-443,Oven Proof Glass Serving Dish - Transparent 4 Pcs Set. Oven Use And Serving Dish And Bakeware. Oven Proof Glass Serving Dish - Transparent 4 Pcs Set. Oven Use And Serving Dish And Bakeware.,"Total : 4 Pcs
Capacity: 3.5L, 2L, 1.5L, 1 Litter
Shape: Rectangle
Easy way to stay hydrated
Perfect way to serve
Microwave Oven Save
Hit Proof
Use For: Microwave Oven,Oven,Dishwasher,Refigerator.
Exclusive Elegant and innovative design
Vibrant designs that look beautiful and Stylish Design.
Food grade and 100 percent hygienic.",Tableware and Serving,Y,vase,gold,233181609,1175890502,233181609-1647546519060-0
VL-444,Oven Proof Glass Serving Dish - Transparent 3 Pcs Set,"Size.2.0 litar/1.5 litar/ 1.litalitar
13.5 inchi 8 inches /medium 11.5 inchi 7 inches / small. 10.5 inchi 6 inches
Oven proof.
Heavy glass
Easy to carry",Tableware and Serving,Y,vase,clay,233181835,1175882797,233181835-1647548157516-0
VL-445,Badminton Shaped Desk Clock - Badminton Style Modern Design Table Clock,"Beautiful Design
Great For Decoration Also
A Beautiful Gift For Badminton Lovers
Vogue Clock
Screen Type : Needle
Desk/Table Clock
Different Colors",Table and Alarm Clocks,Y,clock,sand,233187562,1175894296,233187562-1647549117071-0
VL-446,"4 Pcs Oven Proof Glass Serving Dish Set / Bati Set - 3.6L, 2.5L, 1.6L,1L","Size.3.6L, 2.5L, 1.6L,1L
Qualified
Oven proof.
Inside Carry system
Heavy glass
Easy to carry",Tableware and Serving,Y,vase,peach,233192072,1781680795,233192072-1647546753451-0
VL-447,Unique Beautiful Home Decoration Wall Clock - Multicolor,"Unique style makes your room more elegant and modern
A perfect gift choice
Add charm to your home
Leave a deep impression to your guests.
Durable acrylic material, non-toxic, no peculiar smell, safe to use
High-Quality Product
Clear, large and easy to read digits
Color: Antique black
Dimension: Length: 35cm; Width: 35cm; Height: 7cm
Size:Large
Shape: Round
Made of Antique fibre",Wall Clocks,Y,clock,sage,233362857,1176056039,233362857-1647673810650-0
VL-448,"Decorative wall clock (with a mirror element), L63 W6 H63 cm","Hanging Round Wall Clock
Modern Dinning Room, Living Room,Bed Room
Material : Metal,Pvc,Glass
Diameter : 25"" Height : 25""
Decorative wall clock (with a mirror element)
Battery (1хАА not included)",Wall Clocks,N,clock,gold,233383595,1176067719,233383595-1647687602801-0
VL-449,"Decorative wall clock, L54 W6 H75 cm,","Hanging Wall Clock
Modern Dinning Room, Living Room,Bed Room
Material : Metal,Pvc,Glass
Diameter : L54 W6 H75 CM
Decorative wall clock
Battery (1хАА not included)",Wall Clocks,Y,clock,clay,233388587,1176064545,233388587-1647688341755-0
VL-450,"Traditional, Decorative, Hand Painted Modern Wall Clock Fancy Ethnic Luxury Handmade Decoration (SIZE : 51cm X 6cm X 51cm) - Multicolor","SIZE : 51cm X 6cm X 51cm EYE-CATCHER DESIGN ►If you are tired of boring wall or want to have more fun for life, then this Unique product will satisfy you. Brilliant geometrical design, Classic style and mature craftsmanship, this decorative clock will be striking accents outdoors or in.
HIGH-QUALITY MATERIALS ►Polyresin and polymers (PLASTIC) With Glass Front Cover. Retro looking Polyresin wall clock in antique and modern colors. This clock is crafted of metal-look resin that won't rust. Made with fade-resistant, long lasting materials. The combination of handmade and polyresin creates extraordinary artistic charm.
HIGH-QUALITY QUARTZ MOVEMENT ►Modern quartz movement for precision; reliability. The silent clock movement prevents the clock from annoying ticking sound to provide you a noiseless environment to sleep and work. Besides, the high quality clock movement also guarantees the smooth movement of clock hands, thus ensuring better time accuracy and longer working life.",Wall Clocks,N,clock,sand,233388906,1176075162,233388906-1647691395955-0
VL-451,"Traditional, Decorative, Hand Painted Modern Wall Clock Fancy Ethnic Luxury Handmade Decoration (SIZE : 50cm X 6cm X 50cm)","SIZE : 50cm X 6cm X 50cm EYE-CATCHER DESIGN ►If you are tired of boring wall or want to have more fun for life, then this Unique product will satisfy you. Brilliant geometrical design, Classic style and mature craftsmanship, this decorative clock will be striking accents outdoors
or in. HIGH-QUALITY MATERIALS ►Polyresin and polymers (PLASTIC) With Glass Front Cover. Retro looking Polyresin wall clock in antique and modern colors. This clock is crafted of metal-look resin that won't rust. Made with fade-resistant, long lasting materials. The combination of handmade and polyresin creates extraordinary artistic charm.
HIGH-QUALITY QUARTZ MOVEMENT ►Modern quartz movement for precision; reliability. The silent clock movement prevents the clock from annoying ticking sound to provide you a noiseless environment to sleep and work. Besides, the high quality clock movement also guarantees the smooth movement of clock hands, thus ensuring better time accuracy and longer working life.",Wall Clocks,N,clock,peach,233396297,1176073251,233396297-1647690952528-0
VL-452,"Traditional, Decorative, Hand Painted Modern Wall Clock Fancy Ethnic Luxury Handmade Decoration (SIZE : 51cm X 6cm X 51cm) - Multicolor","SIZE : 51cm X 6cm X 51cm EYE-CATCHER DESIGN ►If you are tired of boring wall or want to have more fun for life, then this Unique product will satisfy you. Brilliant geometrical design, Classic style and mature craftsmanship, this decorative clock will be striking accents outdoors or in.
HIGH-QUALITY MATERIALS ►Polyresin and polymers (PLASTIC) With Glass Front Cover. Retro looking Polyresin wall clock in antique and modern colors. This clock is crafted of metal-look resin that won't rust. Made with fade-resistant, long lasting materials. The combination of handmade and polyresin creates extraordinary artistic charm.
HIGH-QUALITY QUARTZ MOVEMENT ►Modern quartz movement for precision; reliability. The silent clock movement prevents the clock from annoying ticking sound to provide you a noiseless environment to sleep and work. Besides, the high quality clock movement also guarantees the smooth movement of clock hands, thus ensuring better time accuracy and longer working life.",Wall Clocks,N,clock,sage,233397245,1176064628,233397245-1647691241812-0
VL-453,"Antique Classy Wall Clock Royal Clock Grand Central Station Extra Large 30'' x 22""-Inch - Multicolor","This antique vintage royal clock is a neccessity in your home, offices, and all other desired space you want to place it..
Its beautiful and durable. It can be placed on your livingroom walls,bedroom,,offices,hotels,receptions.
The product dimension is 30''x 22"" round",Wall Clocks,Y,clock,gold,233400625,1176080288,233400625-1647697719598-0
VL-454,"Decorative wall clock (with a mirror element), L66 X H66 cm","Hanging Round Wall Clock
Modern Dinning Room, Living Room,Bed Room
Material : Metal,Pvc,Glass
Diameter : 66CM X 66CM
Decorative wall clock (with a mirror element)
Battery (1хАА not included)",Wall Clocks,N,clock,clay,233428295,1176098367,233428295-1647711443266-0
VL-455,Crystal Apple Tree Artificial Tree Crystal Ornaments Decor for Home Living Room Office Bar Desk Party Wedding Decoration Birthday Festival,"6.6 inches tall glass tree with apple ornament (30mm 6pcs apples)
Our artificial tree all made of high quality crystal, for the product safe, we will fill the package with sponge. Do not worry about damage.
The crystal apple tree meaning of money collection and symbolizes a safe life, good health of body, good luck and wealth.
It also a perfect gift for your friends, teachers, parents, girl or boy friend when Mother's Day, Thanksgiving Day, Christmas Day, Valentine's Day, Birthdays Party, etc.
The apple tree is a great crystal ornament for home, living room, bedroom, office,party and weeding. It will make your home more warm and beautiful.",Home Decor and Showpieces,N,vase,sand,235280027,1178521963,235280027-1648279935615-0
VL-456,"Grace Decorative Round wall-clocks, Bronze","Measurement: the wall clock measures 20""D x 2.5""W in dimensions
Material: made of high-quality, durable and lightweight plastic frame finished in traditional black color and sturdy glass cover
Analog Wall Clock: the wall clock is analog-operated and comes with an hour and minute hands
Design: with its big 12-hour Arabic numerals and golden accents and details, the clock is crafted in a vintage style that will add a romantic and warm feel to your home decor
Display: besides taking you back in time and helping you reminisce the good old days, this clock is a functional time-telling device that can be placed in your kitchen, living room, bedroom or office
Battery: this vintage clock only requires 1 x AA battery to operate (not included)",Wall Clocks,Y,clock,peach,235325507,1178556731,235325507-1648293910758-0
VL-457,Unique Beautiful Home Decoration Wall Clock - Black,"Unique style makes your room more elegant and modern
A perfect gift choice
Add charm to your home
Leave a deep impression to your guests.
Durable acrylic material, non-toxic, no peculiar smell, safe to use
High-Quality Product
Clear, large and easy to read digits
Color: Antique black
Dimension: Length: 35cm; Width: 35cm; Height: 7cm
Size:Large
Shape: Round
Made of Antique fibre",Wall Clocks,Y,clock,sage,236454314,1179841728,236454314-1648629330745-0
VL-458,Swan Spoon Set / Showpiece Spoon Set with Swan Stand,"Material: Zinc Alloy Metal
Type: Showpiece
Spoon: 6pcs
Size: width 3inch, height 6.25inch
Spoon Length: 5.10 inchColor: Silver or Gold Plated",Home Decor and Showpieces,Y,vase,gold,236585673,1179932302,236585673-1648635543946-0
VL-459,Wall Clock Clock Quartz Clock European Mute Swing Retro American Antique Quartz Clock Sweeping Movement Movement Garden,"Sizzero Quartz Pendulum clock
Wall Clock Size: 65 cm x 40 cm
with Easy Display
Silent Sweep Movement
Battery Backup
Material :Wood color plastic, Glass",Wall Clocks,N,clock,clay,236627000,1179964640,236627000-1648638033696-0
VL-460,Pencil Pen Holder Cup Metal Guitar Bass Violin Rocker Shape Desktop Stand Storage Box Bass,"Type: Pen Holder
Material: Iron
Features: Durable, Anti-corrosion, Pen Organizer, Music Band Design
Size: 12cm x 6.5cm x 14cm/4.72"" x 2.56"" x 5.51"" (Approx.)
Notes:
Due to the light and screen setting difference, the item's color may be slightly different from the pictures.
Please allow slight dimension difference due to different manual measurement.
Package Includes:
1 x Pen Holder (Empty)
Simple, stylish, creative and unique.
Can be used for home decoration, office/student supplies.
A nice gift for holiday.
Perfect for holding pens, pencils, sharpeners, scissors, rulers, razors, glue sticks and other desktop accessories.
Yesbay Metal Guitar Bass Violin Rocker Pencil Pen Holder Cup Desktop Stand Storage Box",Office and Stationery,N,vase,sand,239953499,1183361928,239953499-1650124974546-0
VL-461,Wire Mesh Pen Holder/Metal Mesh Pen Holder Round/Square,"_x000D_
_x000D_
_x000D_
Features cylinder or square shape, mesh style with durable metal material finish.
_x000D_
Has a solid plate at the bottom to hold stationery securely.
_x000D_
Add a touch of sophisticated elegance to your desk.
_x000D_
Great for holding small items such as pens, pencils, rulers and scissors.
_x000D_",Office and Stationery,Y,vase,peach,239954176,1183369534,239954176-1650123657176-0
VL-462,Crystal Table Lamp Modern Style Decorative Table Lamp for Living Room Bedroom Lamp - Multicolor,"Ivory Shade Stylish Beautiful decorative Table Lamp With glass dome - ideal for bedside reading, bedroom, living rooms, hallways and decorative lighting.
It is a Best Gift for Marriage Anniversary , Parents , Mother’s day , Wedding Return Gift , Birthday , House warming , Office Shop Inauguration , Festive and Corporate Gifts
Space Saving - Wall-Mounted Design Beautifies The Wall While Saving More Space
This table lamp has a nice modern Fab yet classy look with a deep-textured fabric lamp shade.
It helps cast a nice warm light that sets a wonderful atmosphere and makes the room feel cozier.The light can be used on long, dark winter evening, during dinner parties or even as night lights.",Lamps and Lighting,Y,lamp,sage,247317652,1193029296,247317652-1653402985198-0
VL-463,Nautical Anchor Design Wall Clock,"Nautical Anchor Design Wall Clock
Approximately 14.5 Inches x 11 Inches
Plastic
Requires 1 AA battery, not included",Wall Clocks,Y,clock,gold,248337568,1194464035,248337568-1653843971826-0
VL-464,DELI GLASSWARE MEDIUM ASHTRAY SQUARE PLAIN,"♦ Elegant Heavy Duty Crystal Glass
♦ Great for daily use,gifts,bars,KTV,restaurants,cafes,outdoor entertaining or home decoration
♦ Easy to clean
♦ Durable, Clear and heavy sides
♦ Brand: Deli Glassware
♦ Design: Square (15.2 cm)",Tableware and Serving,Y,vase,clay,248343918,1194463281,248343918-1653845297115-0
VL-465,DELI GLASSWARE BIG ASHTRAY ROUND,"♦ Elegant Heavy Duty Crystal Glass
♦ Great for daily use,gifts,bars,KTV,restaurants,cafes,outdoor entertaining or home decoration
♦ Easy to clean
♦ Durable, Clear and heavy sides
♦ Brand: Deli Glassware
♦ Design: Round (19.7 cm)",Cookware and Kitchen,Y,vase,sand,248347352,1194461599,248347352-1653844442793-0
VL-466,Deliglassware Decorative Candy Dish with Lid (TG1060),"Manufacturer: Anhul Deli Household Glass Co.
Model #: TG1060
Material: Lead Free Glass
Dish Dimensions (D x H): 4.0625 x 2.375
Overall Product Dimensions (D x H): 4.0625 x 5.125 in (107 x mm)
Packaged Weight: 1 lb 0.2 oz
Packaged Dimensions (L x W x H): 4.25 x 4.25 x 3.625 in",Tableware and Serving,Y,vase,peach,248349146,1194459999,248349146-1653844853692-0
VL-467,Modern Transparent Bedroom K9 Crystal Table Lamps 110-240V High 40Cm Wide 21Cm,"Classic design: it is more than just a desk lamp, it is a piece of art, it is worth collecting.
After 1000 degrees high temperature firing, the lamp body is smooth and smooth, and the color is round, pure hand-made, elegant and beautiful.
Base: bright color, no fading, multi-process, bottom anti-slip mat design, safer to use
Fabric lampshade: environmentally friendly light-transparent material, fine texture, high temperature resistance, soft light, no glare
100% package satisfaction, if you have any problems after receiving the product, please contact us in time, we will solve any problem for you.
Size: High 40CM",Lamps and Lighting,Y,lamp,sage,248602378,1194776007,248602378-1653970181819-0
VL-468,Tray Paper Rack Crystal Facial Tissue Box Holder Crystal Cube Napkin Dispenser Bedroom Office Hotel Cafe Coffee House Bar - bathroom accessories,"【SPECIFICATION】The crystal tissue box with dimension of 7.87 x 5 x 3.15in/ 20*13*8cm(L*H*W). Made of high quaility plating metal and handcraft premium crystal. Perfect for home decoration.
【UNIQUE DESIGN】The crystal tissue box cover features finish design with high quality octagonal K9 crystal beads on the around which are shinning and transparent. Add a nice decorating touch to your home.
【ELEGANT & PRACTICAL】The back of the tissue box has non-slip 4 metal beads which means the tissue box won’t hurt your table or fall down from your dresser easily. The inner height of box is 2.3""/5.8cm, the height of the tissue should not be higher than 2.3 inches.
【APPLICATION】The rectangular sparkle clear glass crystal tissue box is perfect for storaging daily tissue, also a good decoration for bathroom, living room, dresser, night stand.
【PREFERRED GIFT】Easy to install, just take the tissues out of the original packaging, then place into crystal tissue holder. This fashionable tissues organizer box is a preferred gift for birthday, christmas, thanksgiving, wedding registry, housewarming.
More Details of This Decorative Tissue Box:
1) The decor tissue box allows you to storge tissue, it is very gorgeous and sparkly, also a good home decor item.
2) This tissue box cover is made of high quality stainless steel and artificial crystal. It is easy to maintain. Durable material and easy to clean.
3) Easy to install, just take the tissues out of the original packaging, then place into the side of the tissue box.
4) It's also a preferred gift for birthday, christmas, thanksgiving, wedding registry, housewarming.
Specification:
Material: Metal & Crystal Beads
Size: 7.87 x 5 x 3.15in/ 20*13*8cm(L*H*W)
Color: Gold, Silver
Package List:
1 x Crystal Tissue Box",Bath and Storage,Y,vase,gold,248992329,1195362468,248992329-1654108854000-0
VL-469,Luxury Simulation Pearl Tissue Box Storage Case Desktop Napkin,"Made of high-grade metal and simulation, eco-friendly, durable and firm.Simulation pearl design, exquisite detail and modern simple style, showing your good taste, so perfect decoration in your home.
Keeps tissues clean and dry on the dinner table, bathroom vanity, dressing table, car or office desk.
A stylish and practical way to store your tissues, make your desk neater and organized.
Convient design, you can open and close the tissue box easily.
Suitable for home kitchen, restaurant, hotel, bar, office, car, living room, bedroom, bathroom.
Material: Iron and Simulation Pearl
Size: approx.22x13x8cm/8.66x5.12x3.15in
Color: As the picture shown
Quantity: 1 Pc
Package includes:1 x Tissue Box (other accessories demo in the picture is not included!)",Bath and Storage,Y,vase,clay,248998351,1195366318,248998351-1654109524301-0
VL-470,"Shah Traders Metal Twin Bell Alarm Clock, Retro Vintage Desk Table Bedside Silent Analog Quartz Alarm Clock For Heavy Sleepers Kids Home Bedrooms Travel School Battery Operated With Light -Clock - N.silver","Material:Metal, alloy, glass Clock
Dimensions: 17cm x 11.5cm x 5.8cm (6.69"" x 4.52"" x 22.8"")
Weight: 520g (18.34oz)
Functions: Bell alarm, luminous
Display: Arabic Numeral
Movement type:Quartz
Input Voltage: 1.5vx AA Battery (Not Included)
Packageinclude:Metal Twin Bell Alarm Clock #Clock",Table and Alarm Clocks,Y,clock,sand,252404107,1813019268,252404107-1676259702768-1
VL-471,"Shah Traders Metal Twin Bell Alarm Clock, Retro Vintage Desk Table Bedside Silent Analog Quartz Alarm Clock For Heavy Sleepers Kids Home Bedrooms Travel School Battery Operated With Light -Clock - Black","Material:Metal, alloy, glass Clock
Dimensions: 17cm x 11.5cm x 5.8cm (6.69"" x 4.52"" x 22.8"")
Weight: 520g (18.34oz)
Functions: Bell alarm, luminous
Display: Arabic Numeral
Movement type:Quartz
Input Voltage: 1.5vx AA Battery (Not Included)
Packageinclude:Metal Twin Bell Alarm Clock #Clock",Table and Alarm Clocks,N,clock,peach,252404107,1813019269,252404107-1677683258335-0
VL-472,"Shah Traders Metal Twin Bell Alarm Clock, Retro Vintage Desk Table Bedside Silent Analog Quartz Alarm Clock For Heavy Sleepers Kids Home Bedrooms Travel School Battery Operated With Light -Clock - Blue","Material:Metal, alloy, glass Clock
Dimensions: 17cm x 11.5cm x 5.8cm (6.69"" x 4.52"" x 22.8"")
Weight: 520g (18.34oz)
Functions: Bell alarm, luminous
Display: Arabic Numeral
Movement type:Quartz
Input Voltage: 1.5vx AA Battery (Not Included)
Packageinclude:Metal Twin Bell Alarm Clock #Clock",Table and Alarm Clocks,N,clock,sage,252404107,1813019270,252404107-1677683258335-1
VL-473,"Shah Traders Metal Twin Bell Alarm Clock, Retro Vintage Desk Table Bedside Silent Analog Quartz Alarm Clock For Heavy Sleepers Kids Home Bedrooms Travel School Battery Operated With Light -Clock - Multicolor","Material:Metal, alloy, glass Clock
Dimensions: 17cm x 11.5cm x 5.8cm (6.69"" x 4.52"" x 22.8"")
Weight: 520g (18.34oz)
Functions: Bell alarm, luminous
Display: Arabic Numeral
Movement type:Quartz
Input Voltage: 1.5vx AA Battery (Not Included)
Packageinclude:Metal Twin Bell Alarm Clock #Clock",Table and Alarm Clocks,Y,clock,gold,252404107,1813019271,252404107-1677683258335-2
VL-474,"Shah Traders Metal Twin Bell Alarm Clock, Retro Vintage Desk Table Bedside Silent Analog Quartz Alarm Clock For Heavy Sleepers Kids Home Bedrooms Travel School Battery Operated With Light -Clock - Gold","Material:Metal, alloy, glass Clock
Dimensions: 17cm x 11.5cm x 5.8cm (6.69"" x 4.52"" x 22.8"")
Weight: 520g (18.34oz)
Functions: Bell alarm, luminous
Display: Arabic Numeral
Movement type:Quartz
Input Voltage: 1.5vx AA Battery (Not Included)
Packageinclude:Metal Twin Bell Alarm Clock #Clock",Table and Alarm Clocks,N,clock,clay,252404107,2600213762,252404107-1762793407462-4
VL-475,Paper Weight,"Decorative glass paperweights that have a flat or slightly concave base.
Designed by expert artisans with great quality of material.
Highly durable.",Office and Stationery,N,vase,sand,253791546,1281983722,253791546-1655653140816-0
VL-476,"Multi-function Alarm Clock Makeup Mirror, LED Digital Awakened Electronic Clock, Bedside Alarm Clock Intelligent Travel Alarm Clock -","Color: white/yellow/red/green/blue/black/blue digits/green digits/red digits
Dimension: 80*80*36mm
Material: ABS
Power: USB charging or 3*AAA battery (not included)
Package list : 1 alarm clock x 1 power cable
<<Multifunction: Large digital display, alarm, temperature display, smart brightness dimmer design and mirror for makeup.
<< Power: It can be powered by USB cable or 3 AAA batteries, convenient to charge everywhere and anytime. Pop in button cell, the screen goes blank but time is retained.
<< HD mirror: You just press the ""DOWN"" to turn off the display, the HD mirror display can map your beauty, you can use it as a mirror for your beauty.
<< 3 levels adjustable brightness: The alarm clock adopts highly sensitive photosensitive sensor, which can automatically adjust the display brightness.
<< Three setting alarm clock: This item allows you to set three different alarms at the same time.
<< Sound control: You could pat the desk or make a sound to turn on the time display, the sound should reach to 60db.
<< Easy to use: Simple alarm clock with clearly marked button, easy to set the time or alarm. Easy for kids, seniors and the elderly.
<< Modern design: Widely used at bedroom, office, home and more.
Notes:
1. Please allowed 1-3mm differences due to manual measurement, thank you for your understanding!
2. Due to the difference between different monitors, please understand that the picture may not reflect the actual color of the item.",Table and Alarm Clocks,Y,clock,peach,285760750,1630781143,shah1
VL-477,Ship Table Clock Showpiece - Multicolor,"Product Name: Ship TableAlarm Clock & Showpiece
Product Type: Showpiece & Watch
Color: Multi Colour
Main Material: Plastic Fibre
Nice Decorative Item
Great Design With Creativity
Perfect Gift for any Occasion
High-Quality Home Decoration Showpiece
Made in China
Size : 21cm x 5.5cm x 15cm",Table and Alarm Clocks,Y,clock,sage,286248043,1284293488,286248043-1670080830279-0
VL-478,Children Astronaut Twin Bell Alarm Clock Battery Operated Bedrooms,,Table and Alarm Clocks,Y,clock,gold,286261624,1620580527,286261624-1670097665867-0
VL-479,Dual Bell Alarm Clock Vintage Bedside Alarm Clock with Backlight Non-Tick Desk Clock Retro Bedroom Alarm Clock,,Table and Alarm Clocks,Y,clock,clay,286266095,1635211168,286266095-1670091561007-0
VL-480,alarm clock creative gift cartoon cactus alarm clock children small alarm clock student gift,,Table and Alarm Clocks,N,clock,sand,288406731,1289243497,288406731-1671213325766-0
VL-481,"Metal Twin Bell Alarm Clock, Retro Vintage Desk Table Bedside Silent Analog Quartz Alarm Clock For Heavy Sleepers Kids Home Bedrooms Travel School Battery Operated With Light - Clock - Multicolor","Material:Metal, alloy, glass
Clock Dimensions: 17cm x 11.5cm x 5.8cm (6.69"" x 4.52"" x 22.8"")
Weight: 520g (18.34oz)
Functions: Bell alarm, luminous
Display: Arabic Numeral
Movement type:Quartz
Input Voltage: 1.5vx AA Battery (Not Included)
Packageinclude:Metal Twin Bell Alarm Clock
#Clock",Table and Alarm Clocks,Y,clock,peach,289387607,1291861596,289387607-1671736624363-0
VL-482,Wooden Plate Board Display w/Hanging Rope AMN-174 Asma-ul Husna 99 Names of Allah Islam House Wall Door Decorative Ornament Engraved Dua Arabic.,,Home Decor and Showpieces,Y,vase,sage,289389498,1291861760,289389498-1671737589887-0
VL-483,Hariken-Traditional kerosene Lantern,,Candles and Holders,Y,vase,gold,290983119,1817839082,290983119-1672585050457-0
VL-484,Retro oil lamp energy-saving holiday desktop hang bar night light festival decorative led small home party retro lantern - table lamp - white2,,Lamps and Lighting,N,lamp,clay,290983517,1663683583,sfsdg
VL-485,Retro oil lamp energy-saving holiday desktop hang bar night light festival decorative led small home party retro lantern - table lamp - Multicolor,,Lamps and Lighting,Y,lamp,sand,290983517,1663683582,290983517-1672587126417-0
VL-486,Retro oil lamp energy-saving holiday desktop hang bar night light festival decorative led small home party retro lantern - table lamp - White,,Lamps and Lighting,N,lamp,peach,290983517,1663683585,SW3
VL-487,Retro oil lamp energy-saving holiday desktop hang bar night light festival decorative led small home party retro lantern - table lamp - red2,,Lamps and Lighting,Y,lamp,sage,290983517,1663683584,sdsdg
VL-488,Retro oil lamp energy-saving holiday desktop hang bar night light festival decorative led small home party retro lantern - table lamp - Black,,Lamps and Lighting,Y,lamp,gold,290983517,1663683587,SB1
VL-489,Retro oil lamp energy-saving holiday desktop hang bar night light festival decorative led small home party retro lantern - table lamp - black1,,Lamps and Lighting,Y,lamp,clay,290983517,1663683586,swdf
VL-490,Retro oil lamp energy-saving holiday desktop hang bar night light festival decorative led small home party retro lantern - table lamp - Red,,Lamps and Lighting,Y,lamp,sand,290983517,1663683588,SR2
VL-491,"Metal Mesh Desk Organizer Pen and Pencil Stationary Storage Stand Pen, Pencil Holder for Office, Home, and Study Table, Stationary",,Office and Stationery,Y,vase,peach,290985570,1603787022,1701354599594
VL-492,"Valentine Day,Table Clock With Photo Frame For Valentine Day,Marriage Anniversary,Birthda",,Table and Alarm Clocks,Y,clock,sage,290996116,1295051277,290996116-1672594940674-0
VL-493,Eiffel Tower Frame with Love Alarm Table Clock Showpiece - Multicolor,,Table and Alarm Clocks,Y,clock,gold,291001421,1295053970,291001421-1672597817091-0
VL-494,Retro Alarm Clock Silent Pointer Clocks Dual Bell Night Light Bedroom Decor Home Decor Vintage Antique Portable Alarm Clock,,Table and Alarm Clocks,Y,clock,clay,291021211,1295121528,291021211-1672636774011-0
VL-495,Retro Telephone Model Alarm Clock Creative Timekeeper Desktop Destop Rena'i for baby house bedside table decoration - Gold,"Telephone model design: Personalized ornaments, telephone clocks, living room and bedroom decorations, silent desk clocks.
Vintage style: The combination of modern and retro features creates a unique aesthetic and exquisite design.
Suitable occasions: Every detail is exquisite, enjoy a good time, use the living room, kitchen, study, office, and more.
Easy to read: Large numbers, clear time reading, durable.
Kid toy: It is lightweight and will be a safe toy for kids.
Material: Plastic
Size: approx.18.5x12.5x19cm/7.28x4.92x7.48in
Powered supply: 1xAA Battery（not Include）
Optional colors: Gold/Grey
Quantity: 1Pcs",Table and Alarm Clocks,N,clock,sand,291100048,1663677741,291100048-1672674075971-0
VL-496,Retro Telephone Model Alarm Clock Creative Timekeeper Desktop Destop Rena'i for baby house bedside table decoration - Red,"Telephone model design: Personalized ornaments, telephone clocks, living room and bedroom decorations, silent desk clocks.
Vintage style: The combination of modern and retro features creates a unique aesthetic and exquisite design.
Suitable occasions: Every detail is exquisite, enjoy a good time, use the living room, kitchen, study, office, and more.
Easy to read: Large numbers, clear time reading, durable.
Kid toy: It is lightweight and will be a safe toy for kids.
Material: Plastic
Size: approx.18.5x12.5x19cm/7.28x4.92x7.48in
Powered supply: 1xAA Battery（not Include）
Optional colors: Gold/Grey
Quantity: 1Pcs",Table and Alarm Clocks,Y,clock,peach,291100048,1663677743,scp1
VL-497,Retro Telephone Model Alarm Clock Creative Timekeeper Desktop Destop Rena'i for baby house bedside table decoration - Grey,"Telephone model design: Personalized ornaments, telephone clocks, living room and bedroom decorations, silent desk clocks.
Vintage style: The combination of modern and retro features creates a unique aesthetic and exquisite design.
Suitable occasions: Every detail is exquisite, enjoy a good time, use the living room, kitchen, study, office, and more.
Easy to read: Large numbers, clear time reading, durable.
Kid toy: It is lightweight and will be a safe toy for kids.
Material: Plastic
Size: approx.18.5x12.5x19cm/7.28x4.92x7.48in
Powered supply: 1xAA Battery（not Include）
Optional colors: Gold/Grey
Quantity: 1Pcs",Table and Alarm Clocks,Y,clock,sage,291100048,1663677742,291100048-1672825838551-1
VL-498,Musical Box Miraculous Retro Music Box Phonograph-Shaped Music Box,,Home Decor and Showpieces,Y,vase,gold,291357604,1296172966,291357604-1672834441429-0
VL-499,Innovative Dolphin Night Light with Music Round Night Lamp for Valentine's Day Girls’ Room Decoration,,Lamps and Lighting,N,lamp,clay,295439773,1633116109,295439773-1675280574356-0
VL-500,Luxury Imitation Wood Grain Retro Silent Swing Wall Clocks Large Pendulum Wall Clocks Living Room Reloj De Pared Modern Design - Multicolor,"Size: Wide 27cm, height 50cm
Power type: AA battery
Highquality needle, Sound every hour(7am-10pm)
Made of superior pvc material, durable to use
Easy installment and pretty stable.
This clock with mute core will not disturb you in the evening.
Decorate your home and walls to make your home look luxurious and beautiful
Suitable for bedroom, living room, study room, office and more.",Wall Clocks,N,clock,sand,297020819,1314686457,297020819-1676045765354-0
VL-501,"Metal Twin Bell Alarm Clock, Retro Vintage Desk Table Bedside Silent Analog Quartz Alarm Clock For Heavy Sleepers Kids Home Bedrooms Travel School Battery Operated With Light - Clock - Multicolor","Material:Metal, alloy, glass
Clock Dimensions: 17cm x 11.5cm x 5.8cm (6.69"" x 4.52"" x 22.8"")
Weight: 520g (18.34oz)
Functions: Bell alarm, luminous
Display: Arabic Numeral
Movement type:Quartz
Input Voltage: 1.5vx AA Battery (Not Included)
Packageinclude:Metal Twin Bell Alarm Clock
#Clock",Table and Alarm Clocks,Y,clock,peach,297026430,1314634774,st420w
VL-502,LED Display Time Alarm Clock Night Lights Thermoeter Lamp Snooze Rectangle Function Desk Clocks(Multicolor) - Pink,"LED Display Time Alarm Clock Night Lights Thermoeter Lamp Snooze Rectangle Function Desk Clocks(Multicolor)
[Name] LCD desktop Alarm clock
[Material] Main body ABS (plastic)
[Size] about 13.5X thick 4.5X high 7.5cm, liquid crystal (10.8X4.8)
[Explanation] Use 3 high-quality carbon batteries of No. 7 and do not use high-capacity alkaline batteries such as Nanfu, Jinba, Duracell, and rechargeable batteries.
[Function] Time: (12-hour / AM / PM), alarm: (drip... gradually getting faster), snooze: (as the alarm switch is turned off), smart light: (in the external environment to achieve a certain darkness Time, the smart light will automatically light up a little light, does not affect sleep, can see the time, this function can also be turned off), with a new calendar display
Packed Safely in black Bag.
Warm note:
1.Please allow a little size error due to manual measurement (1-2cm).
2. Please be reminded that due to lighting effects and monitor's brightness/contrast settings etc, the color tone of the website's photo and the actual item could be slightly different.",Table and Alarm Clocks,Y,clock,sage,297051116,1314724739,297051116-1676048064069-0
VL-503,"Transparent Gear Fish Toy, Baby Lights Music Light Fish Toy, Newborn Musical Early Educational Toy, Ideal Fish Toy for Floor Play - Multicolor","Design - These rubber choo choo toys contribute to developing children's intellectual development and tactile development to a certain extent. Apart from exposing your baby to brightly colored toys, it helps babies recognize colors.
BABY SAFE - Made of safe and non-toxic PVC material without any harm to your lovely kids. They are smooth flexible of super good touch feeling and not easy to be destroyed.
Fun Baby Bath Toys - Fill your tub with these fun floating animal bath toys. Kids will have so much fun squeezing, splashing, and playing in the water with these adorable animal bath toys.
Have fun learning - These bath and play animal toys for kids are colorful and the right size to fit little hands and engage kids during bath time as well as study time.
THE PERFECT GIFT - This bath toy set is a great fun Christmas/holiday/birthday gift for a 1 year old boy girl. Give your child a cute swim team.
Product measurement : 15 x 10 x 8 cm; 300 grams",Electronics and Audio,Y,vase,gold,299175283,1328703141,toy1
VL-504,Oven Proof Glass Serving Dish - Transparent 3 Pcs Set,"Oven proof.
Heavy glass
Easy to carry",Tableware and Serving,Y,vase,clay,299220661,1556258781,299220661-1697253379923-0
VL-505,Comfortable Baby Bed with Built-in Mosquito Net and Soft Pillow - Multi-Color Option for Safe and Cozy Sleep,"Product Type: Bed with Mosquito Net and Pillow
Color: Multi-Color
Good Quality Product
For Baby.",Home Textiles and Bedding,N,vase,sand,299228529,1670648874,299228529-1689843895996-0
VL-506,New Style Wall Clock Living Room Home Calendar Light Luxury Fashion Hanging Wall  Style Atmospheric Clock Wall Watch,"Shell material : plastic
Style : Modern style
Shape : Alien
Size : 20 inches and up
Movement type : Sweep second movement
Color classification : 2597 wood grain, 2597 coffee wood, 2597 gold
Item No .: 2597-1
Mirror material : glass
Power type : battery
Dial material : PVC",Wall Clocks,Y,clock,peach,303162439,1350245104,shah.wall1
VL-507,"Wall clock, antique wall clock, silent movement, vintage wall clock, antique frame, 59.5cm-34cm - Multicolor",,Wall Clocks,N,clock,sage,303441835,1352255471,sha120
VL-508,"আপনার প্রেমিকা ভ্যালেন্টাইন উপহার, লাভ মিটার, লাভ টেস্টার-ভ্যালেন্টাইন এর জন্য রোমান্টিক হার্ট লাভ মিটার হ্যান্ড বয়লার লাভ টেস্টার - gift box",,Gifts and Seasonal,Y,vase,gold,303858671,1354780797,303858671-1678944447374-0
VL-509,"Traditional Hurricane Kerosene Lantern – Vintage Oil Lamp for Home Decor, Outdoor Lighting & Candlelight Ambience",,Candles and Holders,Y,vase,clay,314057799,1409863244,314057799-1684653704323-0
VL-510,Smart Small medication scheduling box,,Bath and Storage,N,vase,sand,316292743,1678382616,316292743-1686568247773-0
VL-511,Vintage Treadle Sewing Machine Music Box Mini Sartorius Model Personality Birthday Gift Home Decor Clockwork Style Musical Toy,"100% brand new and high quality
Portable and durable, easy to carry, lightweight
Perfect for collecting, decorating, or as Christmas or birthday gift to your friends.
Music will be sounded to open the drawer, the drawer shuts the music will stop.
The shape is very realistic, and works fine, no need to install the battery.
Pedals, wheel leather belts, and needle holes will be rotated with the music sound.
It will be a good choice for gifts.
Enjoy your shopping time and have a good day.",Bath and Storage,Y,vase,peach,316325579,1431767875,316325579-1686627534172-0
VL-512,Upgrade Your Wake-Up Routine with the LED Digital Temperature Mirror Alarm Clock: Featuring a Stylishly Sleek Design and Crystal-Clear  Display - Black,"Item Type: LED Mirror Alarm Clock
Material: ABS
Color: As shown in the picture
Product Size: Approx. 14x5.5x3.4cm / 5.5x2.2x1.3in
Weight: Approx. 135g / 4.8oz
Battery Parameters: 3 x AAA batteries (not included)
Function: LED time display, 12/24 hour system, alarm clock, snooze, time memory function
Temperature Display: ℃/℉
Temperature Range: 0-50℃
Brightness Adjustment: Bright and dim",Table and Alarm Clocks,N,clock,sage,316331852,1556263947,316331852-1697245431701-0
VL-513,Upgrade Your Wake-Up Routine with the LED Digital Temperature Mirror Alarm Clock: Featuring a Stylishly Sleek Design and Crystal-Clear  Display - Multicolor,"Item Type: LED Mirror Alarm Clock
Material: ABS
Color: As shown in the picture
Product Size: Approx. 14x5.5x3.4cm / 5.5x2.2x1.3in
Weight: Approx. 135g / 4.8oz
Battery Parameters: 3 x AAA batteries (not included)
Function: LED time display, 12/24 hour system, alarm clock, snooze, time memory function
Temperature Display: ℃/℉
Temperature Range: 0-50℃
Brightness Adjustment: Bright and dim",Table and Alarm Clocks,N,clock,gold,316331852,1556263948,316331852-1697245431702-1
VL-514,Upgrade Your Wake-Up Routine with the LED Digital Temperature Mirror Alarm Clock: Featuring a Stylishly Sleek Design and Crystal-Clear  Display - White,"Item Type: LED Mirror Alarm Clock
Material: ABS
Color: As shown in the picture
Product Size: Approx. 14x5.5x3.4cm / 5.5x2.2x1.3in
Weight: Approx. 135g / 4.8oz
Battery Parameters: 3 x AAA batteries (not included)
Function: LED time display, 12/24 hour system, alarm clock, snooze, time memory function
Temperature Display: ℃/℉
Temperature Range: 0-50℃
Brightness Adjustment: Bright and dim",Table and Alarm Clocks,N,clock,clay,316331852,1556263949,316331852-1697245431703-2
VL-515,30 Minutes sand glass sandglass hourglass timer clock decor gift - Red,"Specification:
Material: Plastic + Glass Tube + Sand.
30 minute:3.74 inches x 1.57 inches
Style30 minute sand timer.
Feature:
This colorful hourglass sand timer is great for a kid's toy, birthday gift, children's gift, valentines gift, Christmas gift, souvenir, etc.
Hourglass symbolizes love and friendship, as well as happiness. And this refers to that we should be eternal happiness, and forever cherish love and friendship!
Time elapsed, things are changing, time flies, memory disappears, when the miss is no longer, the memories are extravagant hopes, and the forgotten time will sink in my heart.
Note:
If your timer arrives broken, we will send you a new one or a refund immediately. If you are not satisfied in any way, Gravity Glass is backed by a 100% Money Back Guarantee.
This hourglass is not an accurate timer, so there may be a ±10% error.",Table and Alarm Clocks,Y,clock,sand,316332221,2204481187,316332221-1729138075092-5
VL-516,30 Minutes sand glass sandglass hourglass timer clock decor gift - Purple,"Specification:
Material: Plastic + Glass Tube + Sand.
30 minute:3.74 inches x 1.57 inches
Style30 minute sand timer.
Feature:
This colorful hourglass sand timer is great for a kid's toy, birthday gift, children's gift, valentines gift, Christmas gift, souvenir, etc.
Hourglass symbolizes love and friendship, as well as happiness. And this refers to that we should be eternal happiness, and forever cherish love and friendship!
Time elapsed, things are changing, time flies, memory disappears, when the miss is no longer, the memories are extravagant hopes, and the forgotten time will sink in my heart.
Note:
If your timer arrives broken, we will send you a new one or a refund immediately. If you are not satisfied in any way, Gravity Glass is backed by a 100% Money Back Guarantee.
This hourglass is not an accurate timer, so there may be a ±10% error.",Table and Alarm Clocks,Y,clock,peach,316332221,1431785198,316332221-1686629751723-4
VL-517,30 Minutes sand glass sandglass hourglass timer clock decor gift - Yellow,"Specification:
Material: Plastic + Glass Tube + Sand.
30 minute:3.74 inches x 1.57 inches
Style30 minute sand timer.
Feature:
This colorful hourglass sand timer is great for a kid's toy, birthday gift, children's gift, valentines gift, Christmas gift, souvenir, etc.
Hourglass symbolizes love and friendship, as well as happiness. And this refers to that we should be eternal happiness, and forever cherish love and friendship!
Time elapsed, things are changing, time flies, memory disappears, when the miss is no longer, the memories are extravagant hopes, and the forgotten time will sink in my heart.
Note:
If your timer arrives broken, we will send you a new one or a refund immediately. If you are not satisfied in any way, Gravity Glass is backed by a 100% Money Back Guarantee.
This hourglass is not an accurate timer, so there may be a ±10% error.",Table and Alarm Clocks,Y,clock,sage,316332221,1431785197,316332221-1686629751722-3
VL-518,30 Minutes sand glass sandglass hourglass timer clock decor gift - Pink,"Specification:
Material: Plastic + Glass Tube + Sand.
30 minute:3.74 inches x 1.57 inches
Style30 minute sand timer.
Feature:
This colorful hourglass sand timer is great for a kid's toy, birthday gift, children's gift, valentines gift, Christmas gift, souvenir, etc.
Hourglass symbolizes love and friendship, as well as happiness. And this refers to that we should be eternal happiness, and forever cherish love and friendship!
Time elapsed, things are changing, time flies, memory disappears, when the miss is no longer, the memories are extravagant hopes, and the forgotten time will sink in my heart.
Note:
If your timer arrives broken, we will send you a new one or a refund immediately. If you are not satisfied in any way, Gravity Glass is backed by a 100% Money Back Guarantee.
This hourglass is not an accurate timer, so there may be a ±10% error.",Table and Alarm Clocks,Y,clock,gold,316332221,1431785196,316332221-1686629751721-2
VL-519,30 Minutes sand glass sandglass hourglass timer clock decor gift - Blue,"Specification:
Material: Plastic + Glass Tube + Sand.
30 minute:3.74 inches x 1.57 inches
Style30 minute sand timer.
Feature:
This colorful hourglass sand timer is great for a kid's toy, birthday gift, children's gift, valentines gift, Christmas gift, souvenir, etc.
Hourglass symbolizes love and friendship, as well as happiness. And this refers to that we should be eternal happiness, and forever cherish love and friendship!
Time elapsed, things are changing, time flies, memory disappears, when the miss is no longer, the memories are extravagant hopes, and the forgotten time will sink in my heart.
Note:
If your timer arrives broken, we will send you a new one or a refund immediately. If you are not satisfied in any way, Gravity Glass is backed by a 100% Money Back Guarantee.
This hourglass is not an accurate timer, so there may be a ±10% error.",Table and Alarm Clocks,Y,clock,clay,316332221,1431785195,316332221-1686629751720-1
VL-520,30 Minutes sand glass sandglass hourglass timer clock decor gift - Multicolor,"Specification:
Material: Plastic + Glass Tube + Sand.
30 minute:3.74 inches x 1.57 inches
Style30 minute sand timer.
Feature:
This colorful hourglass sand timer is great for a kid's toy, birthday gift, children's gift, valentines gift, Christmas gift, souvenir, etc.
Hourglass symbolizes love and friendship, as well as happiness. And this refers to that we should be eternal happiness, and forever cherish love and friendship!
Time elapsed, things are changing, time flies, memory disappears, when the miss is no longer, the memories are extravagant hopes, and the forgotten time will sink in my heart.
Note:
If your timer arrives broken, we will send you a new one or a refund immediately. If you are not satisfied in any way, Gravity Glass is backed by a 100% Money Back Guarantee.
This hourglass is not an accurate timer, so there may be a ±10% error.",Table and Alarm Clocks,Y,clock,sand,316332221,1431785194,316332221-1686629751719-0
VL-521,Solar Charging LED Light- Model No : YG-7977 - Silver,,Lamps and Lighting,Y,lamp,peach,316420602,1477980073,316420602-1690958859999-1
VL-522,Solar Charging LED Light- Model No : YG-7977 - Multicolor,,Lamps and Lighting,N,lamp,sage,316420602,1432132766,316420602-1686676246466-0
VL-523,Solar Charging LED Light- Model No : YG-7977 - Gold,,Lamps and Lighting,Y,lamp,gold,316420602,1477980074,316420602-1690958859999-2
VL-524,"2 Layers Stainless Steel Lunch Containers with Handle, Insulated Lunch Box Stay Hot 3h, Food Containers for Adults, Teens, Work, School - Pink",,Bottles and Lunch Boxes,Y,vase,clay,316472249,1475735356,316472249-1690811224505-3
VL-525,"2 Layers Stainless Steel Lunch Containers with Handle, Insulated Lunch Box Stay Hot 3h, Food Containers for Adults, Teens, Work, School - Multicolor",,Bottles and Lunch Boxes,Y,vase,sand,316472249,1475735353,316472249-1690811224503-0
VL-526,"2 Layers Stainless Steel Lunch Containers with Handle, Insulated Lunch Box Stay Hot 3h, Food Containers for Adults, Teens, Work, School - Green",,Bottles and Lunch Boxes,Y,vase,peach,316472249,1475735355,316472249-1690811224505-2
VL-527,"2 Layers Stainless Steel Lunch Containers with Handle, Insulated Lunch Box Stay Hot 3h, Food Containers for Adults, Teens, Work, School - Blue",,Bottles and Lunch Boxes,Y,vase,sage,316472249,1475735354,316472249-1690811224504-1
VL-528,DESKTOP RECHARGEABLE  FAN,,Appliances and Tools,N,vase,gold,316499986,1437420703,316499986-1687443226582-0
VL-529,30 Minutes sand glass sandglass hourglass timer clock decor gift - Blue,,Table and Alarm Clocks,Y,clock,clay,316622489,1603255108,316622489-1694438584675-0
VL-530,30 Minutes sand glass sandglass hourglass timer clock decor gift - Red,,Table and Alarm Clocks,Y,clock,sand,316622489,2123757806,316622489-1726982708384-5
VL-531,30 Minutes sand glass sandglass hourglass timer clock decor gift - Yellow,,Table and Alarm Clocks,Y,clock,peach,316622489,1603255107,316622489-1694438584678-3
VL-532,30 Minutes sand glass sandglass hourglass timer clock decor gift - Pink,,Table and Alarm Clocks,Y,clock,sage,316622489,1603255106,316622489-1694438584679-4
VL-533,30 Minutes sand glass sandglass hourglass timer clock decor gift - Multicolor,,Table and Alarm Clocks,Y,clock,gold,316622489,1603255105,316622489-1694438584676-1
VL-534,30 Minutes sand glass sandglass hourglass timer clock decor gift - Purple,,Table and Alarm Clocks,Y,clock,clay,316622489,1603255104,316622489-1694438584677-2
VL-535,"Disney Children Umbrella for Children Frozen Cartoon Long Handle Kids Children's Tools Rain Umbrella Parasol Umbrella - Multicolor,Int: One size",,Watches and Fashion,Y,vase,sand,316623753,1433931088,babyu1-Multicolor
VL-536,"Disney Children Umbrella for Children Frozen Cartoon Long Handle Kids Children's Tools Rain Umbrella Parasol Umbrella - Pink,Int: One size",,Watches and Fashion,N,vase,peach,316623753,1433931089,babyu1-Pink
VL-537,"Disney Children Umbrella for Children Frozen Cartoon Long Handle Kids Children's Tools Rain Umbrella Parasol Umbrella - Blue,Int: One size",,Watches and Fashion,Y,vase,sage,316623753,1433931090,babyu1-Blue
VL-538,"Disney Children Umbrella for Children Frozen Cartoon Long Handle Kids Children's Tools Rain Umbrella Parasol Umbrella - Purple,Int: One size",,Watches and Fashion,Y,vase,gold,316623753,1433931091,babyu1-Purple
VL-539,Crystal Makeup Brush Holder Brushes Cup for Cosmetics Jewelry,,Bath and Storage,Y,vase,clay,316641715,1434070938,m1-Gold
VL-540,Premium Quality TWS M90 Pro Bluetooth 5.3 Earphones Wireless Headphones HIFI Stereo Sound Touch Control Gaming Headsets Noise Reduction With Mic,,Electronics and Audio,N,vase,sand,316645147,1697208762,316645147-1690811205038-0
VL-541,"Heavy Duty Umbrella  Three Folding Windproof Umbrella - Blue,Int: One size",,Watches and Fashion,Y,vase,peach,316645356,1434072830,um1- One size-Blue
VL-542,"Heavy Duty Umbrella  Three Folding Windproof Umbrella - Brown,Int: One size",,Watches and Fashion,Y,vase,sage,316645356,1434072831,um1- One size-Brown
VL-543,"Heavy Duty Umbrella  Three Folding Windproof Umbrella - Purple,Int: One size",,Watches and Fashion,Y,vase,gold,316645356,1434072832,um1- One size-Purple
VL-544,"Heavy Duty Umbrella  Three Folding Windproof Umbrella - Multicolor,Int: One size",,Watches and Fashion,Y,vase,clay,316645356,1434072833,um1- One size-Multicolor
VL-545,Heavy Duty 3-Fold Windproof Umbrella – 8 Ribs | Check Details Before Order,"This umbrella features a colorful printed handle and fabric, combining durability with vibrant style.
Colors and designs are frequently updated, so the item you receive may differ from the photo.
There are more color options available in stock than shown.
Random color and design will be sent, which may include prints not visible in the images.
Make sure to review the highlights and description before ordering.",Watches and Fashion,Y,vase,sand,316646245,1865124814,pu-Onesize-Multicolor
VL-546,Tray Paper Rack Crystal Facial Tissue Box Holder Crystal Cube Napkin Dispenser Bedroom Office Hotel Cafe Coffee House Bar - Multicolor,"【SPECIFICATION】The crystal tissue box with dimension of 7.87 x 5 x 3.15in/ 20*13*8cm(L*H*W). Made of high quaility plating metal and handcraft premium crystal. Perfect for home decoration.
【UNIQUE DESIGN】The crystal tissue box cover features finish design with high quality octagonal K9 crystal beads on the around which are shinning and transparent. Add a nice decorating touch to your home.
【ELEGANT & PRACTICAL】The back of the tissue box has non-slip 4 metal beads which means the tissue box won’t hurt your table or fall down from your dresser easily. The inner height of box is 2.3""/5.8cm, the height of the tissue should not be higher than 2.3 inches.
【APPLICATION】The rectangular sparkle clear glass crystal tissue box is perfect for storaging daily tissue, also a good decoration for bathroom, living room, dresser, night stand.
【PREFERRED GIFT】Easy to install, just take the tissues out of the original packaging, then place into crystal tissue holder. This fashionable tissues organizer box is a preferred gift for birthday, christmas, thanksgiving, wedding registry, housewarming.
More Details of This Decorative Tissue Box:
1) The decor tissue box allows you to storge tissue, it is very gorgeous and sparkly, also a good home decor item.
2) This tissue box cover is made of high quality stainless steel and artificial crystal. It is easy to maintain. Durable material and easy to clean.
3) Easy to install, just take the tissues out of the original packaging, then place into the side of the tissue box.
4) It's also a preferred gift for birthday, christmas, thanksgiving, wedding registry, housewarming.
Specification:
Material: Metal & Crystal Beads
Size: 7.87 x 5 x 3.15in/ 20*13*8cm(L*H*W)
Color: Gold, Silver
Package List:
1 x Crystal Tissue Box",Bath and Storage,Y,vase,peach,320120065,1477907688,320120065-1690947505238-0
VL-547,Tray Paper Rack Crystal Facial Tissue Box Holder Crystal Cube Napkin Dispenser Bedroom Office Hotel Cafe Coffee House Bar - Multicolor,"【SPECIFICATION】The crystal tissue box with dimension of 7.87 x 5 x 3.15in/ 20*13*8cm(L*H*W). Made of high quaility plating metal and handcraft premium crystal. Perfect for home decoration.
【UNIQUE DESIGN】The crystal tissue box cover features finish design with high quality octagonal K9 crystal beads on the around which are shinning and transparent. Add a nice decorating touch to your home.
【ELEGANT & PRACTICAL】The back of the tissue box has non-slip 4 metal beads which means the tissue box won’t hurt your table or fall down from your dresser easily. The inner height of box is 2.3""/5.8cm, the height of the tissue should not be higher than 2.3 inches.
【APPLICATION】The rectangular sparkle clear glass crystal tissue box is perfect for storaging daily tissue, also a good decoration for bathroom, living room, dresser, night stand.
【PREFERRED GIFT】Easy to install, just take the tissues out of the original packaging, then place into crystal tissue holder. This fashionable tissues organizer box is a preferred gift for birthday, christmas, thanksgiving, wedding registry, housewarming.
More Details of This Decorative Tissue Box:
1) The decor tissue box allows you to storge tissue, it is very gorgeous and sparkly, also a good home decor item.
2) This tissue box cover is made of high quality stainless steel and artificial crystal. It is easy to maintain. Durable material and easy to clean.
3) Easy to install, just take the tissues out of the original packaging, then place into the side of the tissue box.
4) It's also a preferred gift for birthday, christmas, thanksgiving, wedding registry, housewarming.
Specification:
Material: Metal & Crystal Beads
Size: 7.87 x 5 x 3.15in/ 20*13*8cm(L*H*W)
Color: Gold, Silver
Package List:
1 x Crystal Tissue Box",Bath and Storage,Y,vase,sage,320120076,1477913375,320120076-1690947648557-0
VL-548,"3M H10A Peltor Optime 105 Over the Head Earmuff, Ear Protectors, Hearing Protection, NRR 30 dB - Black",,Appliances and Tools,Y,vase,gold,320122055,1477916000,320122055-1690948879730-0
VL-549,"3M H10A Peltor Optime 105 Over the Head Earmuff, Ear Protectors, Hearing Protection, NRR 30 dB - Yellow",,Appliances and Tools,Y,vase,clay,320122055,1477923001,320122055-1690948879731-1
VL-550,Oven Proof Glass Serving Dish - Transparent 3 Pcs Set,"Oven Proof Glass Serving Dish - Transparent 3 Pcs Set
Size.2.0 litar/1.5 litar/ 1.litalitar
13.5 inchi 8 inches /medium 11.5 inchi 7 inches / small. 10.5 inchi 6 inches
Oven proof.
Heavy glass
Easy to carry
Crystal Drill Glass body
Oven safe
Refrigerator safe
Leak proof and spill proof
Dishwasher safe
Premium and Fresh Quality series
#KitchenAccessories",Tableware and Serving,N,vase,sand,320132134,1477980236,320132134-1690959175862-0
VL-551,Quartz Oreva Decorative Retro Anchor Wall Clock,"Quartz Oreva Decorative Retro Anchor Wall Clock
Wall Clocks are more than just Time-Showing Device, they are also a beautiful wall decor product.
This sturdy and durable wall clock can be a perfect fit for your living room, bedroom or kitchen. It can also be perfect gift for your colleagues and family friends during marriages and House Warming Ceremonies.
Sale Package content - 1 Decorative Retro Anchor Copper Pendulum Wall Clock
Care Instructions - Don't wash, use dry/wet cotton cloth to remove dirt.
Material - Plastic :: Product Color - Copper Brown
Product Dimention(L*W*H In CM) 41Cm X 5Cm X 57Cm",Wall Clocks,Y,clock,peach,320133316,1478016013,320133316-1690963471560-0
VL-552,Transparent Modern  Bedroom K9 Crystal Table Lamps Lights Desk Bedside Standard Lighting Living Room Lamparas de Mesa 110-240V High 40CM* Wide 21CM Warm Light,,Lamps and Lighting,Y,lamp,sage,320592835,1483306730,320592835-1691474779030-0
VL-553,"Glass Little Message Bottle, for Gift Purpose, Birthday & Other Occasion Secret Message Bottle - Transparent",,Gifts and Seasonal,Y,vase,gold,320594415,1484147182,320594415-1691587568850-0
VL-554,Light Luxury Classic Style Dial Old-fashioned Telephone Music Box Home Desk Porch Home Decoration Living Room Decoration - Brown,,Gifts and Seasonal,N,vase,clay,322216793,1660133726,sha1234
VL-555,Light Luxury Classic Style Dial Old-fashioned Telephone Music Box Home Desk Porch Home Decoration Living Room Decoration - White,,Gifts and Seasonal,N,vase,sand,322216793,1660133725,sh123
VL-556,Luxury Home ornaments Vintage Antique Wooden Metal Phonograph Music Box for Home Desktop Decoration Music Box Ornament Gifts - White,,Toys and Games,Y,vase,peach,322224835,1506298578,SHA12345-White
VL-557,Luxury Home ornaments Vintage Antique Wooden Metal Phonograph Music Box for Home Desktop Decoration Music Box Ornament Gifts - Brown,,Toys and Games,Y,vase,sage,322224835,1506298579,SHA12345-Brown
VL-558,Vintage Phonograph Ornaments Classic Home Decor Music Box Interior Sculptures & Figurines Classical Living Room Decoration Gift - Brown,"pre {
white-space: pre-wrap;
}
Introducing the Vintage Phonograph Ornaments by Shah Traders, the perfect addition to your classic home decor collection. Made with high-quality fabric and plastic materials, this music box doubles as an interior sculpture and figurine, adding a touch of classical elegance to any living room. This decorative accent makes for a thoughtful gift for any music lover or vintage enthusiast. With its intricate design and attention to detail, the Vintage Phonograph Ornaments are sure to impress.",Home Decor and Showpieces,N,vase,gold,322238847,1651391242,322238847-1697445710096-0
VL-559,Vintage Phonograph Ornaments Classic Home Decor Music Box Interior Sculptures & Figurines Classical Living Room Decoration Gift - White,"pre {
white-space: pre-wrap;
}
Introducing the Vintage Phonograph Ornaments by Shah Traders, the perfect addition to your classic home decor collection. Made with high-quality fabric and plastic materials, this music box doubles as an interior sculpture and figurine, adding a touch of classical elegance to any living room. This decorative accent makes for a thoughtful gift for any music lover or vintage enthusiast. With its intricate design and attention to detail, the Vintage Phonograph Ornaments are sure to impress.",Home Decor and Showpieces,N,vase,clay,322238847,1651391243,322238847-1697445710097-1
VL-560,3D Triangle Electronic Candle-Holder LED Candle Night Light Party Atmosphere Decoration Ornament Props Home Decor - Black,,Candles and Holders,Y,vase,sand,322244341,1506631627,SHA829108-Black
VL-561,3D Triangle Electronic Candle-Holder LED Candle Night Light Party Atmosphere Decoration Ornament Props Home Decor - White,,Candles and Holders,Y,vase,peach,322244341,1506631626,SHA829108-White
VL-562,Crystal Makeup Brush Holder Brushes Cup for Cosmetics Jewelry - Gold S,,Bath and Storage,Y,vase,sage,323109374,1535117744,323109374-1693922611677-2
VL-563,Crystal Makeup Brush Holder Brushes Cup for Cosmetics Jewelry - Gold,,Bath and Storage,Y,vase,gold,323109374,1535117742,323109374-1693922611675-0
VL-564,Crystal Makeup Brush Holder Brushes Cup for Cosmetics Jewelry - Rose Gold,,Bath and Storage,N,vase,clay,323109374,1535117743,323109374-1693922611676-1
VL-565,King Size Baby Mosquito Net Bed – Newborn Sleeping Set with Mattress | Handicraft Baby Net for 0-3 Years | Foldable Bedding with Pillow - Light blue,"This New Born Baby Mosquito net Sleeping Bed is a must-have for parents with newborns. Handcrafted with care, this bedding set includes a mosquito net and mattress, making it the perfect sleeping solution for babies aged 0 to 3 years. The net provides protection from pesky mosquitoes and other insects, ensuring your baby gets a peaceful night's sleep. The mattress is soft and comfortable, providing the necessary support for your baby's delicate body. This bedding set is suitable for both boys and girls and is a great addition to any nursery.",Home Textiles and Bedding,Y,vase,sand,326453575,1670538170,326453575-1699506487405-0
VL-566,King Size Baby Mosquito Net Bed – Newborn Sleeping Set with Mattress | Handicraft Baby Net for 0-3 Years | Foldable Bedding with Pillow - Multicolor,"This New Born Baby Mosquito net Sleeping Bed is a must-have for parents with newborns. Handcrafted with care, this bedding set includes a mosquito net and mattress, making it the perfect sleeping solution for babies aged 0 to 3 years. The net provides protection from pesky mosquitoes and other insects, ensuring your baby gets a peaceful night's sleep. The mattress is soft and comfortable, providing the necessary support for your baby's delicate body. This bedding set is suitable for both boys and girls and is a great addition to any nursery.",Home Textiles and Bedding,Y,vase,peach,326453575,1670538171,326453575-1699506487408-3
VL-567,King Size Baby Mosquito Net Bed – Newborn Sleeping Set with Mattress | Handicraft Baby Net for 0-3 Years | Foldable Bedding with Pillow - Pink,"This New Born Baby Mosquito net Sleeping Bed is a must-have for parents with newborns. Handcrafted with care, this bedding set includes a mosquito net and mattress, making it the perfect sleeping solution for babies aged 0 to 3 years. The net provides protection from pesky mosquitoes and other insects, ensuring your baby gets a peaceful night's sleep. The mattress is soft and comfortable, providing the necessary support for your baby's delicate body. This bedding set is suitable for both boys and girls and is a great addition to any nursery.",Home Textiles and Bedding,Y,vase,sage,326453575,1670538168,326453575-1699506487407-2
VL-568,King Size Baby Mosquito Net Bed – Newborn Sleeping Set with Mattress | Handicraft Baby Net for 0-3 Years | Foldable Bedding with Pillow - Yellow,"This New Born Baby Mosquito net Sleeping Bed is a must-have for parents with newborns. Handcrafted with care, this bedding set includes a mosquito net and mattress, making it the perfect sleeping solution for babies aged 0 to 3 years. The net provides protection from pesky mosquitoes and other insects, ensuring your baby gets a peaceful night's sleep. The mattress is soft and comfortable, providing the necessary support for your baby's delicate body. This bedding set is suitable for both boys and girls and is a great addition to any nursery.",Home Textiles and Bedding,Y,vase,gold,326453575,1670538169,326453575-1699506487406-1
VL-569,Crystal Apple Figurines Glass Fruit Decor Collectible Fruit Figurine Paperweight Livingroom Centerpiece Glass Art Craft for Home Decoration Golden,"pre {
white-space: pre-wrap;
}
This Crystal Apple Figurine by Shah Traders is a stunning piece of glass art that will add a touch of elegance to any room. Made of high-quality crystal, this collectible fruit figurine is perfect for use as a paperweight or living room centerpiece. The golden color adds a touch of luxury to the piece, making it a great addition to any home decor. The intricate details of the apple figurine make it a true work of art, and the crystal material ensures that it will last for years to come. Use it to add a touch of sophistication to your home or office.",Home Decor and Showpieces,Y,vase,clay,328218067,1601499714,1701035761424
VL-570,Iron Accessories Mini World Globe Constellation Map Globe for Home Table Desk Ornaments Christmas Gift Office Home Decoration - Red,"pre {
white-space: pre-wrap;
}
Introducing the Iron Accessories Mini World Globe Constellation Map Globe by Shah Traders, the perfect addition to your home or office decor. Made of high-quality iron, this globe is not only a beautiful decorative accent but also a functional tool for learning about the world. The intricate constellation map design adds a unique touch to the classic world globe, making it a great conversation starter. Measuring just the right size for a table or desk ornament, this globe is also a thoughtful Christmas gift for your loved ones. Upgrade your home or office decor with the Iron Accessories Mini World Globe Constellation Map Globe by Shah Traders.",Home Decor and Showpieces,Y,vase,sand,328218611,1601627586,1701054400540
VL-571,Iron Accessories Mini World Globe Constellation Map Globe for Home Table Desk Ornaments Christmas Gift Office Home Decoration - Gold,"pre {
white-space: pre-wrap;
}
Introducing the Iron Accessories Mini World Globe Constellation Map Globe by Shah Traders, the perfect addition to your home or office decor. Made of high-quality iron, this globe is not only a beautiful decorative accent but also a functional tool for learning about the world. The intricate constellation map design adds a unique touch to the classic world globe, making it a great conversation starter. Measuring just the right size for a table or desk ornament, this globe is also a thoughtful Christmas gift for your loved ones. Upgrade your home or office decor with the Iron Accessories Mini World Globe Constellation Map Globe by Shah Traders.",Home Decor and Showpieces,Y,vase,peach,328218611,1601627585,1701054400521
VL-572,Fruit Crystal Ornaments Crystal Figurines Collectibles Crystal Decoration Decorative Fruit Crystal Glass Figurines Crystal Fruit Decoration Fireplace Iron Artificial Office,"pre {
white-space: pre-wrap;
}
This Fruit Crystal Ornament from Shah Traders is a perfect addition to your home decor. Made of high-quality crystal glass, this decorative fruit crystal figurine is a beautiful piece of art that will add a touch of elegance to your living space. The intricate details of the fruit design make it a unique collectible that will impress your guests. This crystal fruit decoration is perfect for your fireplace mantel, office desk, or as a table decor. The iron artificial stem adds a touch of rustic charm to the overall design. This Fruit Crystal Ornament is a must-have for anyone who loves to decorate their home with beautiful and unique pieces.",Home Decor and Showpieces,Y,vase,sage,328219344,1601599761,1701051573236
VL-573,Artificial Rose Bouquet Scented Soap Flowers Holding Flower Handmade Creative Gift Simulated Flowers Ornaments Decorations - Multi,"pre {
white-space: pre-wrap;
}
This Artificial Rose Bouquet Scented Soap Flowers is a creative and unique gift that can be used as simulated flowers ornaments or decorations. Handmade with care, this bouquet is made of ABS material and scented soap flowers that will add a touch of elegance to any room. The Shah Traders brand ensures quality and durability, making this a long-lasting addition to your home decor. Perfect for those who love the beauty of flowers but want a low-maintenance option, this bouquet is a great choice.",Home Decor and Showpieces,N,vase,gold,328219901,1601661901,1701058805488
VL-574,Artificial Rose Bouquet Scented Soap Flowers Holding Flower Handmade Creative Gift Simulated Flowers Ornaments Decorations - Blue,"pre {
white-space: pre-wrap;
}
This Artificial Rose Bouquet Scented Soap Flowers is a creative and unique gift that can be used as simulated flowers ornaments or decorations. Handmade with care, this bouquet is made of ABS material and scented soap flowers that will add a touch of elegance to any room. The Shah Traders brand ensures quality and durability, making this a long-lasting addition to your home decor. Perfect for those who love the beauty of flowers but want a low-maintenance option, this bouquet is a great choice.",Home Decor and Showpieces,Y,vase,clay,328219901,1601661900,1701058805472
VL-575,Artificial Rose Bouquet Scented Soap Flowers Holding Flower Handmade Creative Gift Simulated Flowers Ornaments Decorations - Red,"pre {
white-space: pre-wrap;
}
This Artificial Rose Bouquet Scented Soap Flowers is a creative and unique gift that can be used as simulated flowers ornaments or decorations. Handmade with care, this bouquet is made of ABS material and scented soap flowers that will add a touch of elegance to any room. The Shah Traders brand ensures quality and durability, making this a long-lasting addition to your home decor. Perfect for those who love the beauty of flowers but want a low-maintenance option, this bouquet is a great choice.",Home Decor and Showpieces,N,vase,sand,328219901,1601661899,1701058805455
VL-576,Artificial Rose Bouquet Scented Soap Flowers Holding Flower Handmade Creative Gift Simulated Flowers Ornaments Decorations - Pink,"pre {
white-space: pre-wrap;
}
This Artificial Rose Bouquet Scented Soap Flowers is a creative and unique gift that can be used as simulated flowers ornaments or decorations. Handmade with care, this bouquet is made of ABS material and scented soap flowers that will add a touch of elegance to any room. The Shah Traders brand ensures quality and durability, making this a long-lasting addition to your home decor. Perfect for those who love the beauty of flowers but want a low-maintenance option, this bouquet is a great choice.",Home Decor and Showpieces,N,vase,peach,328219901,1601661898,1701058805436
VL-577,"Premium-Square Mason Jar 400ml - Elegant Glass Container for Storage, Preservation and Decor, Airtight Lid, Versatile and Stylish Jar,Milkshake, Coffee & Juice Jar with Straw (Set of 1)","pre {
white-space: pre-wrap;
}
Introducing the Premium Square Mason Jar 400ml by Shah Traders - the perfect addition to your kitchen and dining collection! This elegant glass container is not only stylish, but also versatile and functional. With its airtight lid, it's perfect for storing and preserving a variety of items such as coffee, juice, milkshakes and more. The set comes with a straw, making it a great option for serving drinks as well. The square shape adds a unique touch to your decor, making it a great option for both storage and display. Made with high-quality glass, this jar is durable and long-lasting. Get your hands on this stylish and practical jar today!",Tableware and Serving,Y,vase,sage,328221576,1660139671,1701353920727
VL-578,550ml Plastic Water Bottle Double Drinking Mouth Large Portable Travel Bottle Square Lovely Student Water Kettle Drinkare - Multicolor,"pre {
white-space: pre-wrap;
}
This 550ml Plastic Water Bottle by Shah Traders is perfect for those who are always on the go. With its double drinking mouth, you can easily drink from either side of the bottle. The large capacity makes it ideal for travel, while the square shape and lovely design make it a stylish accessory for students. Made from durable plastic, this water bottle is perfect for sports and outdoor activities. Its portable design makes it easy to carry around, so you can stay hydrated wherever you go.",Bottles and Lunch Boxes,Y,vase,gold,328222721,1601689108,1701060731206
VL-579,550ml Plastic Water Bottle Double Drinking Mouth Large Portable Travel Bottle Square Lovely Student Water Kettle Drinkare - Pink,"pre {
white-space: pre-wrap;
}
This 550ml Plastic Water Bottle by Shah Traders is perfect for those who are always on the go. With its double drinking mouth, you can easily drink from either side of the bottle. The large capacity makes it ideal for travel, while the square shape and lovely design make it a stylish accessory for students. Made from durable plastic, this water bottle is perfect for sports and outdoor activities. Its portable design makes it easy to carry around, so you can stay hydrated wherever you go.",Bottles and Lunch Boxes,Y,vase,clay,328222721,1601689107,1701060731190
VL-580,550ml Plastic Water Bottle Double Drinking Mouth Large Portable Travel Bottle Square Lovely Student Water Kettle Drinkare - Yellow,"pre {
white-space: pre-wrap;
}
This 550ml Plastic Water Bottle by Shah Traders is perfect for those who are always on the go. With its double drinking mouth, you can easily drink from either side of the bottle. The large capacity makes it ideal for travel, while the square shape and lovely design make it a stylish accessory for students. Made from durable plastic, this water bottle is perfect for sports and outdoor activities. Its portable design makes it easy to carry around, so you can stay hydrated wherever you go.",Bottles and Lunch Boxes,Y,vase,sand,328222721,1601689106,1701060731174
VL-581,550ml Plastic Water Bottle Double Drinking Mouth Large Portable Travel Bottle Square Lovely Student Water Kettle Drinkare - Blue,"pre {
white-space: pre-wrap;
}
This 550ml Plastic Water Bottle by Shah Traders is perfect for those who are always on the go. With its double drinking mouth, you can easily drink from either side of the bottle. The large capacity makes it ideal for travel, while the square shape and lovely design make it a stylish accessory for students. Made from durable plastic, this water bottle is perfect for sports and outdoor activities. Its portable design makes it easy to carry around, so you can stay hydrated wherever you go.",Bottles and Lunch Boxes,Y,vase,peach,328222721,1601689105,1701060731158
VL-582,550ml Plastic Water Bottle Double Drinking Mouth Large Portable Travel Bottle Square Lovely Student Water Kettle Drinkare - Purple,"pre {
white-space: pre-wrap;
}
This 550ml Plastic Water Bottle by Shah Traders is perfect for those who are always on the go. With its double drinking mouth, you can easily drink from either side of the bottle. The large capacity makes it ideal for travel, while the square shape and lovely design make it a stylish accessory for students. Made from durable plastic, this water bottle is perfect for sports and outdoor activities. Its portable design makes it easy to carry around, so you can stay hydrated wherever you go.",Bottles and Lunch Boxes,Y,vase,sage,328222721,1601689104,1701060731139
VL-583,Crystal Beads Apple Pears Pineapple Figurine Glass Fruit Status Ornament Tabletop Centerpiece Collectible Art Table Home Decor Christmas Wedding Birthday Decoration Gift,"pre {
white-space: pre-wrap;
}
This Crystal Beads Apple Pears Pineapple Figurine Glass Fruit Status Ornament is a stunning addition to any tabletop or centerpiece. Made by Shah Traders, this collectible art piece is perfect for home decor, Christmas, weddings, birthdays, or any special occasion. The intricate crystal beads and glass fruit design make it a unique and eye-catching decoration that will impress your guests. Use it as a table centerpiece or display it on a shelf to add a touch of elegance to any room. This ornament is a great gift idea for anyone who loves beautiful and unique home decor.",Home Decor and Showpieces,Y,vase,gold,328224104,1663677939,1701052327191
VL-584,1 Set 3 Battery Operated Led Candle Lights Home Festival Decoration Display Ornament - Multicolor,"pre {
white-space: pre-wrap;
}
Introducing the 1 Set 3 Battery Operated LED Candle Lights by Shah Traders, perfect for adding a warm and cozy ambiance to your home or any festive occasion. Made with high-quality fabric and plastic materials, these LED candles are a safe and convenient alternative to traditional candles. The set includes three candles that are battery operated, making them easy to use and maintain. These LED candles are perfect for decorating your home, creating a romantic atmosphere, or adding a touch of elegance to any event. With their realistic flickering flame effect, these candles are sure to impress your guests. Get your hands on this beautiful set of LED candles and enjoy the warm glow they bring to your space.",Candles and Holders,Y,vase,clay,328224986,1601707074,1701062709134
VL-585,1 Set 3 Battery Operated Led Candle Lights Home Festival Decoration Display Ornament - Gold,"pre {
white-space: pre-wrap;
}
Introducing the 1 Set 3 Battery Operated LED Candle Lights by Shah Traders, perfect for adding a warm and cozy ambiance to your home or any festive occasion. Made with high-quality fabric and plastic materials, these LED candles are a safe and convenient alternative to traditional candles. The set includes three candles that are battery operated, making them easy to use and maintain. These LED candles are perfect for decorating your home, creating a romantic atmosphere, or adding a touch of elegance to any event. With their realistic flickering flame effect, these candles are sure to impress your guests. Get your hands on this beautiful set of LED candles and enjoy the warm glow they bring to your space.",Candles and Holders,Y,vase,sand,328224986,1601707075,1701062709155
VL-586,1 Set 3 Battery Operated Led Candle Lights Home Festival Decoration Display Ornament - White,"pre {
white-space: pre-wrap;
}
Introducing the 1 Set 3 Battery Operated LED Candle Lights by Shah Traders, perfect for adding a warm and cozy ambiance to your home or any festive occasion. Made with high-quality fabric and plastic materials, these LED candles are a safe and convenient alternative to traditional candles. The set includes three candles that are battery operated, making them easy to use and maintain. These LED candles are perfect for decorating your home, creating a romantic atmosphere, or adding a touch of elegance to any event. With their realistic flickering flame effect, these candles are sure to impress your guests. Get your hands on this beautiful set of LED candles and enjoy the warm glow they bring to your space.",Candles and Holders,Y,vase,peach,328224986,1601707076,1701062709171
VL-587,"Eiffel Tower Glass Flower Vase Reed Diffuser, Aromatherapy Essential Oil- Multicolor Home Fragrances - Risk-Free - Easy to use - 60 ml (Pack of 1 pcs) - Red","pre {
white-space: pre-wrap;
}
This Eiffel Tower Glass Flower Vase Reed Diffuser is a must-have for any home decor enthusiast. The multicolor home fragrances will add a touch of elegance to any room, while the aromatherapy essential oil will help you relax and unwind after a long day. With a risk-free and easy-to-use design, this 60 ml diffuser is perfect for those who want to enjoy the benefits of aromatherapy without any hassle. The Eiffel Tower design adds a touch of sophistication to your decor, making it a great gift for your loved ones.",Home Decor and Showpieces,Y,vase,sage,328225643,1601711960,1701064522447
VL-588,"Eiffel Tower Glass Flower Vase Reed Diffuser, Aromatherapy Essential Oil- Multicolor Home Fragrances - Risk-Free - Easy to use - 60 ml (Pack of 1 pcs) - Purple","pre {
white-space: pre-wrap;
}
This Eiffel Tower Glass Flower Vase Reed Diffuser is a must-have for any home decor enthusiast. The multicolor home fragrances will add a touch of elegance to any room, while the aromatherapy essential oil will help you relax and unwind after a long day. With a risk-free and easy-to-use design, this 60 ml diffuser is perfect for those who want to enjoy the benefits of aromatherapy without any hassle. The Eiffel Tower design adds a touch of sophistication to your decor, making it a great gift for your loved ones.",Home Decor and Showpieces,Y,vase,gold,328225643,1601711955,1701064522370
VL-589,"Eiffel Tower Glass Flower Vase Reed Diffuser, Aromatherapy Essential Oil- Multicolor Home Fragrances - Risk-Free - Easy to use - 60 ml (Pack of 1 pcs) - Pink","pre {
white-space: pre-wrap;
}
This Eiffel Tower Glass Flower Vase Reed Diffuser is a must-have for any home decor enthusiast. The multicolor home fragrances will add a touch of elegance to any room, while the aromatherapy essential oil will help you relax and unwind after a long day. With a risk-free and easy-to-use design, this 60 ml diffuser is perfect for those who want to enjoy the benefits of aromatherapy without any hassle. The Eiffel Tower design adds a touch of sophistication to your decor, making it a great gift for your loved ones.",Home Decor and Showpieces,Y,vase,clay,328225643,1601711956,1701064522386
VL-590,"Eiffel Tower Glass Flower Vase Reed Diffuser, Aromatherapy Essential Oil- Multicolor Home Fragrances - Risk-Free - Easy to use - 60 ml (Pack of 1 pcs) - White","pre {
white-space: pre-wrap;
}
This Eiffel Tower Glass Flower Vase Reed Diffuser is a must-have for any home decor enthusiast. The multicolor home fragrances will add a touch of elegance to any room, while the aromatherapy essential oil will help you relax and unwind after a long day. With a risk-free and easy-to-use design, this 60 ml diffuser is perfect for those who want to enjoy the benefits of aromatherapy without any hassle. The Eiffel Tower design adds a touch of sophistication to your decor, making it a great gift for your loved ones.",Home Decor and Showpieces,Y,vase,sand,328225643,1601711957,1701064522401
VL-591,"Eiffel Tower Glass Flower Vase Reed Diffuser, Aromatherapy Essential Oil- Multicolor Home Fragrances - Risk-Free - Easy to use - 60 ml (Pack of 1 pcs) - Green","pre {
white-space: pre-wrap;
}
This Eiffel Tower Glass Flower Vase Reed Diffuser is a must-have for any home decor enthusiast. The multicolor home fragrances will add a touch of elegance to any room, while the aromatherapy essential oil will help you relax and unwind after a long day. With a risk-free and easy-to-use design, this 60 ml diffuser is perfect for those who want to enjoy the benefits of aromatherapy without any hassle. The Eiffel Tower design adds a touch of sophistication to your decor, making it a great gift for your loved ones.",Home Decor and Showpieces,Y,vase,peach,328225643,1601711958,1701064522417
VL-592,"Eiffel Tower Glass Flower Vase Reed Diffuser, Aromatherapy Essential Oil- Multicolor Home Fragrances - Risk-Free - Easy to use - 60 ml (Pack of 1 pcs) - Multicolor","pre {
white-space: pre-wrap;
}
This Eiffel Tower Glass Flower Vase Reed Diffuser is a must-have for any home decor enthusiast. The multicolor home fragrances will add a touch of elegance to any room, while the aromatherapy essential oil will help you relax and unwind after a long day. With a risk-free and easy-to-use design, this 60 ml diffuser is perfect for those who want to enjoy the benefits of aromatherapy without any hassle. The Eiffel Tower design adds a touch of sophistication to your decor, making it a great gift for your loved ones.",Home Decor and Showpieces,Y,vase,sage,328225643,1601711959,1701064522432
VL-593,"6pcs Floating Pool Lights,Lotus Flowers Lights,Fun Pool Accessories,Pond Light LED Candles Artificial Flower W/ Water Lily Pad for Pool at Night,Garden Wedding Christmas New Year Party Fall Decor","pre {
white-space: pre-wrap;
}
These Floating Pool Lights by Shah Traders are a must-have for any pool party or outdoor event. The lotus flower design adds a touch of elegance to your pool or pond, while the LED candles provide a warm and inviting glow. These artificial flowers come with water lily pads, making them perfect for use in the pool at night or as a decoration for garden weddings, Christmas, New Year parties, and fall decor. This set includes 6 pieces, ensuring that you have enough to create a beautiful display. These fun pool accessories are sure to impress your guests and create a memorable atmosphere.",Lamps and Lighting,Y,lamp,gold,328870470,1612062102,1701555091031
VL-594,Retro Electronic Candle Light Nordic Lantern Night Light Creative Table Lamp Christmas Halloween Scene Decorations Bedroom Decor - Gold,"pre {
white-space: pre-wrap;
}
Introducing the Retro Electronic Candle Light Nordic Lantern Night Light by Shah Traders, the perfect addition to your home decor. This creative table lamp is perfect for Christmas and Halloween scenes, adding a warm and cozy ambiance to any room. The lantern design is inspired by Nordic style, giving it a unique and stylish look. The electronic candle light provides a safe and convenient alternative to traditional candles, making it perfect for use in bedrooms or any other space where safety is a concern. This night light is a great way to add a touch of warmth and charm to your home.",Lamps and Lighting,N,lamp,clay,328874053,1604510364,1701553298333
VL-595,Retro Electronic Candle Light Nordic Lantern Night Light Creative Table Lamp Christmas Halloween Scene Decorations Bedroom Decor - Black,"pre {
white-space: pre-wrap;
}
Introducing the Retro Electronic Candle Light Nordic Lantern Night Light by Shah Traders, the perfect addition to your home decor. This creative table lamp is perfect for Christmas and Halloween scenes, adding a warm and cozy ambiance to any room. The lantern design is inspired by Nordic style, giving it a unique and stylish look. The electronic candle light provides a safe and convenient alternative to traditional candles, making it perfect for use in bedrooms or any other space where safety is a concern. This night light is a great way to add a touch of warmth and charm to your home.",Lamps and Lighting,N,lamp,sand,328874053,1604510365,1701553298356
VL-596,Retro LED Lamp Ramadan Electronic Light Ramadan Ornament Night Light Party Decor Ramadan Light Eid Al Adha Gift 1Pcs - Black,"pre {
white-space: pre-wrap;
}
This Retro LED Lamp by Shah Traders is the perfect addition to your Ramadan decor. The electronic light is designed with intricate details and emits a warm glow, making it a beautiful ornament for your home. It is perfect for adding a touch of elegance to your Ramadan nights and can also be used as a party decor. This lamp is a great gift for Eid Al Adha and will surely impress your loved ones. The lamp is easy to use and can be placed anywhere in your home. Get ready to create a cozy and inviting atmosphere with this Retro LED Lamp.",Gifts and Seasonal,N,vase,peach,328875164,1798606694,1701557075845
VL-597,Retro LED Lamp Ramadan Electronic Light Ramadan Ornament Night Light Party Decor Ramadan Light Eid Al Adha Gift 1Pcs - Silver,"pre {
white-space: pre-wrap;
}
This Retro LED Lamp by Shah Traders is the perfect addition to your Ramadan decor. The electronic light is designed with intricate details and emits a warm glow, making it a beautiful ornament for your home. It is perfect for adding a touch of elegance to your Ramadan nights and can also be used as a party decor. This lamp is a great gift for Eid Al Adha and will surely impress your loved ones. The lamp is easy to use and can be placed anywhere in your home. Get ready to create a cozy and inviting atmosphere with this Retro LED Lamp.",Gifts and Seasonal,Y,vase,sage,328875164,1798606695,1701557075827
VL-598,Retro LED Lamp Ramadan Electronic Light Ramadan Ornament Night Light Party Decor Ramadan Light Eid Al Adha Gift 1Pcs - Gold,"pre {
white-space: pre-wrap;
}
This Retro LED Lamp by Shah Traders is the perfect addition to your Ramadan decor. The electronic light is designed with intricate details and emits a warm glow, making it a beautiful ornament for your home. It is perfect for adding a touch of elegance to your Ramadan nights and can also be used as a party decor. This lamp is a great gift for Eid Al Adha and will surely impress your loved ones. The lamp is easy to use and can be placed anywhere in your home. Get ready to create a cozy and inviting atmosphere with this Retro LED Lamp.",Gifts and Seasonal,Y,vase,gold,328875164,1798606696,1701557075809
VL-599,Retro LED Lamp Ramadan Electronic Light Ramadan Ornament Night Light Party Decor Ramadan Light Eid Al Adha Gift 1Pcs - Red,"pre {
white-space: pre-wrap;
}
This Retro LED Lamp by Shah Traders is the perfect addition to your Ramadan decor. The electronic light is designed with intricate details and emits a warm glow, making it a beautiful ornament for your home. It is perfect for adding a touch of elegance to your Ramadan nights and can also be used as a party decor. This lamp is a great gift for Eid Al Adha and will surely impress your loved ones. The lamp is easy to use and can be placed anywhere in your home. Get ready to create a cozy and inviting atmosphere with this Retro LED Lamp.",Gifts and Seasonal,Y,vase,clay,328875164,1798606697,1701557075861
VL-600,Retro LED Lamp Ramadan Electronic Light Ramadan Ornament Night Light Party Decor Ramadan Light Eid Al Adha Gift 1Pcs - White,"pre {
white-space: pre-wrap;
}
This Retro LED Lamp by Shah Traders is the perfect addition to your Ramadan decor. The electronic light is designed with intricate details and emits a warm glow, making it a beautiful ornament for your home. It is perfect for adding a touch of elegance to your Ramadan nights and can also be used as a party decor. This lamp is a great gift for Eid Al Adha and will surely impress your loved ones. The lamp is easy to use and can be placed anywhere in your home. Get ready to create a cozy and inviting atmosphere with this Retro LED Lamp.",Gifts and Seasonal,N,vase,sand,328875164,1798606698,1710512106212
VL-601,"Ramadan Mu Barak Decoration LED Night Lamp, Warm Yellow Light - Muslim Eid Crafts Lantern Pendant - Built-in 3LR44 Button Battery - Home Bedroom Living Room Party Decoration - Gold","pre {
white-space: pre-wrap;
}
This Ramadan Mu Barak Decoration LED Night Lamp by Shah Traders is the perfect addition to your home decor during the holy month of Ramadan. The warm yellow light creates a cozy and inviting atmosphere in your bedroom, living room or party. The lantern pendant design is a beautiful Muslim Eid Crafts that will add a touch of elegance to any space. The built-in 3LR44 button battery ensures that the lamp is easy to use and long-lasting. This night light is a great way to celebrate the spirit of Ramadan and create a peaceful ambiance in your home.",Lamps and Lighting,N,lamp,peach,328876204,1604531781,1701557644549
VL-602,"Ramadan Mu Barak Decoration LED Night Lamp, Warm Yellow Light - Muslim Eid Crafts Lantern Pendant - Built-in 3LR44 Button Battery - Home Bedroom Living Room Party Decoration - Black","pre {
white-space: pre-wrap;
}
This Ramadan Mu Barak Decoration LED Night Lamp by Shah Traders is the perfect addition to your home decor during the holy month of Ramadan. The warm yellow light creates a cozy and inviting atmosphere in your bedroom, living room or party. The lantern pendant design is a beautiful Muslim Eid Crafts that will add a touch of elegance to any space. The built-in 3LR44 button battery ensures that the lamp is easy to use and long-lasting. This night light is a great way to celebrate the spirit of Ramadan and create a peaceful ambiance in your home.",Lamps and Lighting,Y,lamp,sage,328876204,1604531780,1701557644529
VL-603,Electronic Candle Light High Brightness Flicker Free Battery-Operated Retro Design Desk Lantern Lamp Decoration,"pre {
white-space: pre-wrap;
}
This Electronic Candle Light by Shah Traders is a perfect addition to your home decor. With its high brightness and flicker-free feature, it creates a warm and cozy ambiance. The retro design of this desk lantern lamp adds a touch of elegance to your living space. It is battery-operated, making it easy to use and move around. This lamp is perfect for seasonal and decorative lighting, and can be used as a decoration for any occasion. Its unique design and functionality make it a must-have for any home.",Gifts and Seasonal,Y,vase,gold,328876292,1604546296,1701559434521
VL-604,Classic Rickshaw Desk Clock Vintage Retro Alarm Shelf Clock Desktop Table Clocks Home Office Decor Birthday Gifts - Gold,"pre {
white-space: pre-wrap;
}
Introducing the Classic Rickshaw Desk Clock by Shah Traders, the perfect addition to your home or office decor. This vintage retro alarm clock features a unique design inspired by traditional rickshaws, adding a touch of charm to any space. Made with a combination of fabric and plastic materials, this clock is both durable and stylish. The clock's compact size makes it perfect for desktops, shelves, or tables. Use it as an alarm clock or simply as a decorative piece. This clock also makes for a great birthday gift for your loved ones. Don't miss out on this timeless piece!",Table and Alarm Clocks,Y,clock,clay,330625051,1718151598,1702208792589
VL-605,Classic Rickshaw Desk Clock Vintage Retro Alarm Shelf Clock Desktop Table Clocks Home Office Decor Birthday Gifts - Black,"pre {
white-space: pre-wrap;
}
Introducing the Classic Rickshaw Desk Clock by Shah Traders, the perfect addition to your home or office decor. This vintage retro alarm clock features a unique design inspired by traditional rickshaws, adding a touch of charm to any space. Made with a combination of fabric and plastic materials, this clock is both durable and stylish. The clock's compact size makes it perfect for desktops, shelves, or tables. Use it as an alarm clock or simply as a decorative piece. This clock also makes for a great birthday gift for your loved ones. Don't miss out on this timeless piece!",Table and Alarm Clocks,Y,clock,sand,330625051,1718151599,1702208792616
VL-606,Electric Bicycle Model Alarm Clock Creative Retro Bicycle Alarm Clock Clock Decoration Children′s Gift Alarm Clock Bedside Clock - Black,"This Electric Bicycle Model Alarm Clock is both stylish and functional. It's durable and compact, making it a perfect addition to your home decor. The unique bicycle design adds elegance to any room, while the alarm feature ensures you never oversleep. It's a great gift for children and can be used as a bedside clock. Wake up in style and start your day right.",Table and Alarm Clocks,Y,clock,peach,331804965,1616001958,T713800-Black
VL-607,Electric Bicycle Model Alarm Clock Creative Retro Bicycle Alarm Clock Clock Decoration Children′s Gift Alarm Clock Bedside Clock - Multicolor,"This Electric Bicycle Model Alarm Clock is both stylish and functional. It's durable and compact, making it a perfect addition to your home decor. The unique bicycle design adds elegance to any room, while the alarm feature ensures you never oversleep. It's a great gift for children and can be used as a bedside clock. Wake up in style and start your day right.",Table and Alarm Clocks,Y,clock,sage,331804965,1616001959,T713800-Multicolor
VL-608,Electric Bicycle Model Alarm Clock Creative Retro Bicycle Alarm Clock Clock Decoration Children′s Gift Alarm Clock Bedside Clock - Gold,"This Electric Bicycle Model Alarm Clock is both stylish and functional. It's durable and compact, making it a perfect addition to your home decor. The unique bicycle design adds elegance to any room, while the alarm feature ensures you never oversleep. It's a great gift for children and can be used as a bedside clock. Wake up in style and start your day right.",Table and Alarm Clocks,Y,clock,gold,331804965,1616001957,T713800-Gold
VL-609,Alarm clock with mop head container truck alarm clock Fashion personality creativity alarm clock student antair nightstand - Multicolor,This alarm clock has a fun mop head container truck design that adds personality to your home decor. It's made of durable fabric and plastic materials and is perfect for students or anyone who needs a reliable alarm clock. Its compact size makes it easy to place on any surface. Wake up on time and in style with this fashion-forward alarm clock.,Table and Alarm Clocks,Y,clock,clay,331812149,1615946784,T714763-Multicolor
VL-610,Alarm clock with mop head container truck alarm clock Fashion personality creativity alarm clock student antair nightstand - Gold,This alarm clock has a fun mop head container truck design that adds personality to your home decor. It's made of durable fabric and plastic materials and is perfect for students or anyone who needs a reliable alarm clock. Its compact size makes it easy to place on any surface. Wake up on time and in style with this fashion-forward alarm clock.,Table and Alarm Clocks,Y,clock,sand,331812149,1615946783,T714763-Gold
VL-611,Alarm clock with mop head container truck alarm clock Fashion personality creativity alarm clock student antair nightstand - Black,This alarm clock has a fun mop head container truck design that adds personality to your home decor. It's made of durable fabric and plastic materials and is perfect for students or anyone who needs a reliable alarm clock. Its compact size makes it easy to place on any surface. Wake up on time and in style with this fashion-forward alarm clock.,Table and Alarm Clocks,Y,clock,peach,331812149,1615946782,T714763-Black
VL-612,Creative Motorcycle Motorbike Pattern Alarm Clock Desk Clock,This alarm clock has a fun mop head container truck design that adds personality to your home decor. It's made of durable fabric and plastic materials and is perfect for students or anyone who needs a reliable alarm clock. Its compact size makes it easy to place on any surface. Wake up on time and in style with this fashion-forward alarm clock.,Table and Alarm Clocks,Y,clock,sage,331813917,1615970461,T716817-Multicolor
VL-613,"Diamond Dream Battery LED Table Lamp Modern Table Art Fancy Lighting Night Light Night Lamp  (14 cm, Gold)Diamond Dream Battery LED Table Lamp Modern Table Art Fancy Lighting Night Light Night Lamp  (14 cm, Gold)","The Diamond Dream Battery LED Table Lamp is a modern and elegant lighting choice for your home. It has battery-powered LED lights, so you can enjoy a warm and inviting atmosphere without cords or outlets. This lamp is 8 cm in size, has a beautiful gold finish, and is versatile enough to be used as a night light or table centerpiece. Add some brightness to your space with the Diamond Dream Battery LED Table Lamp.",Lamps and Lighting,Y,lamp,gold,331839828,1616042665,T721621-Gold
VL-614,LED diamond small table lamp bedroom bedroom bedside decorative table lamp bar crystal gift night lighting lamp,This LED table lamp has a crystal design that creates a mesmerizing lighting effect. It adds elegance to your home decor and provides energy-efficient lighting. The lamp is user-friendly with an on/off switch and requires minimal maintenance. It's a great investment for your home.,Lamps and Lighting,Y,lamp,clay,331846749,1635204455,T722932-Multicolor
VL-615,Vintage Car Clock Retro Small Bedside Wake Up Digital Alarm Clocks Plastic Craft Creative Cute Present Desktop Ornaments - Multicolor,"pre {
white-space: pre-wrap;
}
Introducing the Vintage Car Clock Retro Small Bedside Wake Up Digital Alarm Clocks by Shah Traders. This creative and cute clock is perfect for adding a touch of vintage charm to your bedside table or desk. Made with a combination of fabric and plastic, this clock is not only stylish but also durable. The digital alarm clock feature ensures that you wake up on time, while the compact size makes it a great desktop ornament. Whether you're looking for a unique present or simply want to add some character to your home decor, this clock is the perfect choice.",Table and Alarm Clocks,N,clock,sand,332024162,1617829046,1702867514922
VL-616,Vintage Car Clock Retro Small Bedside Wake Up Digital Alarm Clocks Plastic Craft Creative Cute Present Desktop Ornaments - Black,"pre {
white-space: pre-wrap;
}
Introducing the Vintage Car Clock Retro Small Bedside Wake Up Digital Alarm Clocks by Shah Traders. This creative and cute clock is perfect for adding a touch of vintage charm to your bedside table or desk. Made with a combination of fabric and plastic, this clock is not only stylish but also durable. The digital alarm clock feature ensures that you wake up on time, while the compact size makes it a great desktop ornament. Whether you're looking for a unique present or simply want to add some character to your home decor, this clock is the perfect choice.",Table and Alarm Clocks,N,clock,peach,332024162,1617829044,1702867514883
VL-617,Vintage Car Clock Retro Small Bedside Wake Up Digital Alarm Clocks Plastic Craft Creative Cute Present Desktop Ornaments - Gold,"pre {
white-space: pre-wrap;
}
Introducing the Vintage Car Clock Retro Small Bedside Wake Up Digital Alarm Clocks by Shah Traders. This creative and cute clock is perfect for adding a touch of vintage charm to your bedside table or desk. Made with a combination of fabric and plastic, this clock is not only stylish but also durable. The digital alarm clock feature ensures that you wake up on time, while the compact size makes it a great desktop ornament. Whether you're looking for a unique present or simply want to add some character to your home decor, this clock is the perfect choice.",Table and Alarm Clocks,N,clock,sage,332024162,1617829045,1702867514903
VL-618,"Rectangular Table Top Tissue Box, Architectural Sculpture Napkin Box，Decorative Paper Box， for Kitchen Dining Room, Bathroom, Desk - Lavender","This Rectangular Table Top Tissue Box is an essential addition to any household. It serves not only as a practical tissue box but also as a stunning architectural sculpture that enhances the elegance of your kitchen, dining room, bathroom, or desk. The box is crafted from top-quality materials and boasts a sleek and contemporary design that complements any interior decor. It is ideal for storing tissues, napkins, or any other small items that you need to keep within easy reach. This tissue box is built to last and its stylish appearance is sure to impress your guests, making your home feel even more welcoming and inviting.",Tableware and Serving,Y,vase,gold,335660780,1799945704,T948159-Skyblue
VL-619,"Rectangular Table Top Tissue Box, Architectural Sculpture Napkin Box，Decorative Paper Box， for Kitchen Dining Room, Bathroom, Desk - Red","This Rectangular Table Top Tissue Box is an essential addition to any household. It serves not only as a practical tissue box but also as a stunning architectural sculpture that enhances the elegance of your kitchen, dining room, bathroom, or desk. The box is crafted from top-quality materials and boasts a sleek and contemporary design that complements any interior decor. It is ideal for storing tissues, napkins, or any other small items that you need to keep within easy reach. This tissue box is built to last and its stylish appearance is sure to impress your guests, making your home feel even more welcoming and inviting.",Tableware and Serving,Y,vase,clay,335660780,1799945705,T948159-Red
VL-620,"Rectangular Table Top Tissue Box, Architectural Sculpture Napkin Box，Decorative Paper Box， for Kitchen Dining Room, Bathroom, Desk - Multicolor","This Rectangular Table Top Tissue Box is an essential addition to any household. It serves not only as a practical tissue box but also as a stunning architectural sculpture that enhances the elegance of your kitchen, dining room, bathroom, or desk. The box is crafted from top-quality materials and boasts a sleek and contemporary design that complements any interior decor. It is ideal for storing tissues, napkins, or any other small items that you need to keep within easy reach. This tissue box is built to last and its stylish appearance is sure to impress your guests, making your home feel even more welcoming and inviting.",Tableware and Serving,Y,vase,sand,335660780,1799945700,335660780-1703949192583-0
VL-621,"Rectangular Table Top Tissue Box, Architectural Sculpture Napkin Box，Decorative Paper Box， for Kitchen Dining Room, Bathroom, Desk - Gold","This Rectangular Table Top Tissue Box is an essential addition to any household. It serves not only as a practical tissue box but also as a stunning architectural sculpture that enhances the elegance of your kitchen, dining room, bathroom, or desk. The box is crafted from top-quality materials and boasts a sleek and contemporary design that complements any interior decor. It is ideal for storing tissues, napkins, or any other small items that you need to keep within easy reach. This tissue box is built to last and its stylish appearance is sure to impress your guests, making your home feel even more welcoming and inviting.",Tableware and Serving,Y,vase,peach,335660780,1799945701,T948159-Gold
VL-622,"Rectangular Table Top Tissue Box, Architectural Sculpture Napkin Box，Decorative Paper Box， for Kitchen Dining Room, Bathroom, Desk - White","This Rectangular Table Top Tissue Box is an essential addition to any household. It serves not only as a practical tissue box but also as a stunning architectural sculpture that enhances the elegance of your kitchen, dining room, bathroom, or desk. The box is crafted from top-quality materials and boasts a sleek and contemporary design that complements any interior decor. It is ideal for storing tissues, napkins, or any other small items that you need to keep within easy reach. This tissue box is built to last and its stylish appearance is sure to impress your guests, making your home feel even more welcoming and inviting.",Tableware and Serving,Y,vase,sage,335660780,1799945702,T948159-White
VL-623,"Rectangular Table Top Tissue Box, Architectural Sculpture Napkin Box，Decorative Paper Box， for Kitchen Dining Room, Bathroom, Desk - Pink","This Rectangular Table Top Tissue Box is an essential addition to any household. It serves not only as a practical tissue box but also as a stunning architectural sculpture that enhances the elegance of your kitchen, dining room, bathroom, or desk. The box is crafted from top-quality materials and boasts a sleek and contemporary design that complements any interior decor. It is ideal for storing tissues, napkins, or any other small items that you need to keep within easy reach. This tissue box is built to last and its stylish appearance is sure to impress your guests, making your home feel even more welcoming and inviting.",Tableware and Serving,Y,vase,gold,335660780,1799945703,T948159-Pink
VL-624,Mute Time Alarm Clock Student Children Get Up Bedroom Car Model Creative Personality Characteristics Gift Car Home Decoration - White,"pre {
white-space: pre-wrap;
}
Introducing the Mute Time Alarm Clock by Shah Traders, a perfect addition to your bedroom or car. This creative and unique clock features a car model design, making it a great gift for students and children. The clock is made of high-quality fabric and plastic materials, ensuring durability and longevity. With its mute function, you can sleep peacefully without any disturbance. This clock is not only a timepiece but also a decorative item that adds personality to your home or car. Get up on time with this stylish and functional alarm clock.",Table and Alarm Clocks,Y,clock,clay,337355348,1645198863,1704988179150
VL-625,Mute Time Alarm Clock Student Children Get Up Bedroom Car Model Creative Personality Characteristics Gift Car Home Decoration - Blue,"pre {
white-space: pre-wrap;
}
Introducing the Mute Time Alarm Clock by Shah Traders, a perfect addition to your bedroom or car. This creative and unique clock features a car model design, making it a great gift for students and children. The clock is made of high-quality fabric and plastic materials, ensuring durability and longevity. With its mute function, you can sleep peacefully without any disturbance. This clock is not only a timepiece but also a decorative item that adds personality to your home or car. Get up on time with this stylish and functional alarm clock.",Table and Alarm Clocks,Y,clock,sand,337355348,1645198862,1704988179134
VL-626,Mute Time Alarm Clock Student Children Get Up Bedroom Car Model Creative Personality Characteristics Gift Car Home Decoration - Multicolor,"pre {
white-space: pre-wrap;
}
Introducing the Mute Time Alarm Clock by Shah Traders, a perfect addition to your bedroom or car. This creative and unique clock features a car model design, making it a great gift for students and children. The clock is made of high-quality fabric and plastic materials, ensuring durability and longevity. With its mute function, you can sleep peacefully without any disturbance. This clock is not only a timepiece but also a decorative item that adds personality to your home or car. Get up on time with this stylish and functional alarm clock.",Table and Alarm Clocks,Y,clock,peach,337355348,1645198861,1704988179117
VL-627,Mute Time Alarm Clock Student Children Get Up Bedroom Car Model Creative Personality Characteristics Gift Car Home Decoration - Black,"pre {
white-space: pre-wrap;
}
Introducing the Mute Time Alarm Clock by Shah Traders, a perfect addition to your bedroom or car. This creative and unique clock features a car model design, making it a great gift for students and children. The clock is made of high-quality fabric and plastic materials, ensuring durability and longevity. With its mute function, you can sleep peacefully without any disturbance. This clock is not only a timepiece but also a decorative item that adds personality to your home or car. Get up on time with this stylish and functional alarm clock.",Table and Alarm Clocks,Y,clock,sage,337355348,1645198865,1704988179179
VL-628,Mute Time Alarm Clock Student Children Get Up Bedroom Car Model Creative Personality Characteristics Gift Car Home Decoration - Red,"pre {
white-space: pre-wrap;
}
Introducing the Mute Time Alarm Clock by Shah Traders, a perfect addition to your bedroom or car. This creative and unique clock features a car model design, making it a great gift for students and children. The clock is made of high-quality fabric and plastic materials, ensuring durability and longevity. With its mute function, you can sleep peacefully without any disturbance. This clock is not only a timepiece but also a decorative item that adds personality to your home or car. Get up on time with this stylish and functional alarm clock.",Table and Alarm Clocks,Y,clock,gold,337355348,1645198864,1704988179165
VL-629,"Antique Finish Paris Eiffel Tower Miniature Metal Statue, Room, Cabinet, Office Decorative Showpiece (10cm)","pre {
white-space: pre-wrap;
}
This Antique Finish Paris Eiffel Tower Miniature Metal Statue by Shah Traders is a perfect addition to your room, cabinet or office decor. Measuring 10cm, this decorative showpiece is made of high-quality metal and features intricate details that make it a stunning piece of art. The antique finish adds a touch of vintage charm to your space. This Eiffel Tower statue is a great way to show your love for Paris and its iconic landmark. It is a perfect gift for anyone who loves French culture or wants to add a touch of elegance to their home decor.",Home Decor and Showpieces,Y,vase,clay,339076690,1660913975,1705893674086
VL-630,Home Decoration Accessories Wrought Iron Bicycle Pen Holder Creative Desktop Decoration Boutique Gift Decoration Small Gift,"pre {
white-space: pre-wrap;
}
This Home Decoration Accessories Wrought Iron Bicycle Pen Holder by Shah Traders is a creative and stylish addition to any desktop. Perfect for organising your pens and pencils, this boutique gift decoration is both functional and decorative. Made from high-quality wrought iron, this pen holder is durable and long-lasting. Its unique design, in the shape of a bicycle, adds a touch of whimsy to your workspace. This small gift is perfect for anyone who loves to keep their desk organised in style.",Office and Stationery,Y,vase,sand,339078644,1660921079,1705892602035
VL-631,Pure Silver,"B2B Products
B2B Products
B2B Products
B2B Products
B2B Products
B2B Products",Watches and Fashion,N,vase,peach,339107100,1661248979,ABC
VL-632,Transparent Rotating Solar Crystal Lotus Flower for Positive Energy Good Luck Gifting Home Décor Diwali (Medium),"pre {
white-space: pre-wrap;
}
Introducing the Transparent Rotating Solar Crystal Lotus Flower by Shah Traders, a perfect addition to your home decor collection. Made of high-quality crystal material, this medium-sized lotus flower is designed to rotate with the help of solar energy, bringing positive energy and good luck to your living space. Its transparent design adds a touch of elegance and sophistication to any room. Perfect for gifting on special occasions like Diwali, this artificial flower is a great way to show your loved ones that you care. Add this beautiful piece to your home decor and watch it transform your space.",Home Decor and Showpieces,Y,vase,sage,339231745,1661965116,1705949020237
VL-633,Eid Led Light Lights Light Art Crafts Decoration Supplies for Kid Girl Festival Party Ornaments,"pre {
white-space: pre-wrap;
}
This Eid LED Light from Shah Traders is the perfect addition to your festive decorations. The lights are designed with intricate art and craftwork, making them a unique and eye-catching decoration for your home. These lights are perfect for kids and girls, and can be used to decorate your home for festivals and parties. The LED lights are energy-efficient and long-lasting, making them a great investment for your home decor. These lights are perfect for adding a touch of warmth and charm to your home during the festive season.",Gifts and Seasonal,Y,vase,gold,339243039,1661938512,1705945788074
VL-634,Decorative DELI 7 sets Measuring Modern Blown Royal Strawberry Large Antique Milk Water Glass Jug with Lid,"pre {
white-space: pre-wrap;
}
Introducing the Decorative DELI 7 sets Measuring Modern Blown Royal Strawberry Large Antique Milk Water Glass Jug with Lid by Shah Traders. This jug is perfect for serving milk, water, or any other beverage in style. Made of high-quality glass, it features a modern blown design with a touch of antique charm. The set includes 7 measuring cups, making it easy to measure and pour your favorite drinks. The jug comes with a lid to keep your beverages fresh and prevent spills. Ideal for use in the kitchen or dining room, this jug is a must-have for any home.",Tableware and Serving,Y,vase,clay,339244409,1661944972,1705947546820
VL-635,Canton Tower Small Waist LED Night Light Handicraft Ornaments 6.5 x 19cm(Colorful Light),"pre {
white-space: pre-wrap;
}
Introducing the Canton Tower Small Waist LED Night Light Handicraft Ornaments, brought to you by Shah Traders. This beautiful night light measures 6.5 x 19cm and features a colorful LED light that will add a touch of ambiance to any room. Perfect for use as a night light or as a decorative piece, this ornament is sure to impress. Made with high-quality materials, this night light is built to last and will provide you with years of enjoyment. Whether you're looking to add a touch of style to your home or simply need a reliable night light, the Canton Tower Small Waist LED Night Light Handicraft Ornaments is the perfect choice.",Lamps and Lighting,Y,lamp,sand,339472645,1663680765,1706034815005
VL-636,"Double Bell Silent Alarm Clock,Mini Personality Alarm Clock,Living Room Office Time Companion,Battery Powered, Night Light - Blue","pre {
white-space: pre-wrap;
}
Introducing the Double Bell Silent Alarm Clock by Shah Traders, the perfect addition to your home decor. This mini personality alarm clock is not only a time companion for your living room or office, but also features a battery-powered design for convenience. The night light function adds a touch of ambiance to your space. Made with a combination of fabric and plastic materials, this clock is both durable and stylish. Wake up on time and in style with the Double Bell Silent Alarm Clock.",Table and Alarm Clocks,Y,clock,peach,340082876,1665178752,1706284037904
VL-637,"Double Bell Silent Alarm Clock,Mini Personality Alarm Clock,Living Room Office Time Companion,Battery Powered, Night Light - Coffee","pre {
white-space: pre-wrap;
}
Introducing the Double Bell Silent Alarm Clock by Shah Traders, the perfect addition to your home decor. This mini personality alarm clock is not only a time companion for your living room or office, but also features a battery-powered design for convenience. The night light function adds a touch of ambiance to your space. Made with a combination of fabric and plastic materials, this clock is both durable and stylish. Wake up on time and in style with the Double Bell Silent Alarm Clock.",Table and Alarm Clocks,Y,clock,sage,340082876,1665178753,1706284037920
VL-638,"Double Bell Silent Alarm Clock,Mini Personality Alarm Clock,Living Room Office Time Companion,Battery Powered, Night Light - Multicolor","pre {
white-space: pre-wrap;
}
Introducing the Double Bell Silent Alarm Clock by Shah Traders, the perfect addition to your home decor. This mini personality alarm clock is not only a time companion for your living room or office, but also features a battery-powered design for convenience. The night light function adds a touch of ambiance to your space. Made with a combination of fabric and plastic materials, this clock is both durable and stylish. Wake up on time and in style with the Double Bell Silent Alarm Clock.",Table and Alarm Clocks,Y,clock,gold,340082876,1665178754,1706284037937
VL-639,"Double Bell Silent Alarm Clock,Mini Personality Alarm Clock,Living Room Office Time Companion,Battery Powered, Night Light - Pink","pre {
white-space: pre-wrap;
}
Introducing the Double Bell Silent Alarm Clock by Shah Traders, the perfect addition to your home decor. This mini personality alarm clock is not only a time companion for your living room or office, but also features a battery-powered design for convenience. The night light function adds a touch of ambiance to your space. Made with a combination of fabric and plastic materials, this clock is both durable and stylish. Wake up on time and in style with the Double Bell Silent Alarm Clock.",Table and Alarm Clocks,Y,clock,clay,340082876,1665178750,1706284037867
VL-640,"Double Bell Silent Alarm Clock,Mini Personality Alarm Clock,Living Room Office Time Companion,Battery Powered, Night Light - Green","pre {
white-space: pre-wrap;
}
Introducing the Double Bell Silent Alarm Clock by Shah Traders, the perfect addition to your home decor. This mini personality alarm clock is not only a time companion for your living room or office, but also features a battery-powered design for convenience. The night light function adds a touch of ambiance to your space. Made with a combination of fabric and plastic materials, this clock is both durable and stylish. Wake up on time and in style with the Double Bell Silent Alarm Clock.",Table and Alarm Clocks,Y,clock,sand,340082876,1665178751,1706284037888
VL-641,"Beautiful Vintage Calligraphy Pen With 5 Nibs || Quill Dip Fountain Pen For Writing, Gift, Drawing || Antique Feather Calligraphy Pen Set (Pack Of 1)","pre {
white-space: pre-wrap;
}
This Beautiful Vintage Calligraphy Pen with 5 Nibs is a must-have for any writing enthusiast. The Quill Dip Fountain Pen is perfect for writing, drawing, and gifting. The Antique Feather Calligraphy Pen Set comes with 5 nibs, making it versatile for various writing styles. The pen is made by Shah Traders, a trusted brand in the stationery and craft industry. This pen is perfect for those who appreciate the art of writing and want to add a touch of vintage elegance to their work.",Office and Stationery,Y,vase,peach,340083568,1819108077,1706280668132
VL-642,"Luxury Home Ornaments Vintage Antique Wooden Metal Phonograph Music Box for Living Room Desktop Decoration Birthday Gifts
  5.0 - Multicolor","pre {
white-space: pre-wrap;
}
This Luxury Home Ornaments Vintage Antique Wooden Metal Phonograph Music Box by Shah Traders is the perfect addition to your living room or desktop. Made with a combination of high-quality fabric and plastic materials, this music box is not only durable but also stylish. The vintage design adds a touch of antique charm to your home decor, making it a great conversation starter. It also makes for a thoughtful birthday gift for your loved ones. With its 5.0 rating, you can be sure that this music box will provide you with a delightful musical experience.",Home Decor and Showpieces,Y,vase,sage,340097235,1665251056,1706287483859
VL-643,"Luxury Home Ornaments Vintage Antique Wooden Metal Phonograph Music Box for Living Room Desktop Decoration Birthday Gifts
  5.0 - Brown","pre {
white-space: pre-wrap;
}
This Luxury Home Ornaments Vintage Antique Wooden Metal Phonograph Music Box by Shah Traders is the perfect addition to your living room or desktop. Made with a combination of high-quality fabric and plastic materials, this music box is not only durable but also stylish. The vintage design adds a touch of antique charm to your home decor, making it a great conversation starter. It also makes for a thoughtful birthday gift for your loved ones. With its 5.0 rating, you can be sure that this music box will provide you with a delightful musical experience.",Home Decor and Showpieces,N,vase,gold,340097235,1665251055,1706287483842
VL-644,"Luxury Home Ornaments Vintage Antique Wooden Metal Phonograph Music Box for Living Room Desktop Decoration Birthday Gifts
  5.0 - White","pre {
white-space: pre-wrap;
}
This Luxury Home Ornaments Vintage Antique Wooden Metal Phonograph Music Box by Shah Traders is the perfect addition to your living room or desktop. Made with a combination of high-quality fabric and plastic materials, this music box is not only durable but also stylish. The vintage design adds a touch of antique charm to your home decor, making it a great conversation starter. It also makes for a thoughtful birthday gift for your loved ones. With its 5.0 rating, you can be sure that this music box will provide you with a delightful musical experience.",Home Decor and Showpieces,Y,vase,clay,340097235,1665251054,1706287483823
VL-645,Mute Alarm Clock Large Bell Metal Alarm Clocks Child Bedside Table Clock Wake UP LED Light Home Decoration Gift for Kids Friends,"pre {
white-space: pre-wrap;
}
Introducing the Mute Alarm Clock by Shah Traders, a perfect addition to your home decor. This Large Bell Metal Alarm Clock is designed to wake you up with its LED light and is perfect for children's bedside tables. Made with high-quality fabric and plastic, this clock is durable and long-lasting. Its sleek design and mute feature make it a great gift for kids and friends. Whether you're looking for a functional alarm clock or a stylish home decoration, the Mute Alarm Clock by Shah Traders is the perfect choice.",Table and Alarm Clocks,Y,clock,sand,340099050,1665215188,1706285892376
VL-646,Cute Couple Glass Snow Dome Globe Showpiece with Colourful Lights for Giftingpecial Someone,"pre {
white-space: pre-wrap;
}
Introducing the Cute Couple Glass Snow Dome Globe Showpiece with Colourful Lights from Shah Traders, perfect for gifting that special someone. This beautiful showpiece is made of high-quality fabric and plastic materials, ensuring durability and longevity. The snow dome globe is filled with glittering snowflakes that create a mesmerizing effect when shaken. The colourful lights add an extra touch of charm to this already adorable piece. It's perfect for decorating your home or office, and also makes for a great gift for your loved ones. Add a touch of elegance to your space with this Cute Couple Glass Snow Dome Globe Showpiece from Shah Traders.",Home Decor and Showpieces,Y,vase,peach,340263521,1666391441,1706362320073
VL-647,Islamic Paper Weight Mecca Medina Crystal Water Glitters Dome,"pre {
white-space: pre-wrap;
}
This Islamic Paper Weight by Shah Traders is a beautiful addition to any desk or shelf. The dome is filled with crystal water and glitters, creating a mesmerizing effect. The paper weight features the iconic Mecca and Medina landmarks, making it a perfect gift for those who hold these places close to their heart. Its sturdy construction ensures that it will keep your papers in place while adding a touch of elegance to your workspace. Ideal for both personal and professional use, this paper weight is a must-have for anyone who appreciates religious items.",Office and Stationery,Y,vase,sage,340279198,1669909895,1706378252903
VL-648,Islamic Pen Holder Stand Snow Water Globe Mecca Green Rock Dome Glitter Gold,"pre {
white-space: pre-wrap;
}
This Islamic Pen Holder Stand Snow Water Globe is a unique addition to your desk or home decor. The globe features a beautiful Mecca Green Rock Dome with glittering gold accents. The pen holder stand is perfect for keeping your pens and pencils organized while adding a touch of elegance to your workspace. Made by Shah Traders, this high-quality product is perfect for anyone who wants to add a touch of Islamic culture to their daily routine. Whether you're using it at home or in the office, this pen holder stand is sure to impress.",Office and Stationery,Y,vase,gold,340284484,1669920086,1706378789834
VL-649,Romantic lover Christmas LED light Ornaments Novelty toys 2024 Christmas decorations Valentine's Day gift,"pre {
white-space: pre-wrap;
}
This Romantic Lover Christmas LED Light Ornament is the perfect addition to your holiday decorations. Made with high-quality fabric and plastic, this ornament is durable and long-lasting. The LED lights add a warm and cozy glow to your home, making it the perfect decoration for Christmas and Valentine's Day. The ornament is designed with a romantic couple, making it a great gift for your loved ones. The Shah Traders brand ensures that you are getting a high-quality product that will last for years to come. Add this unique and charming ornament to your collection today!",Home Decor and Showpieces,Y,vase,clay,340398383,1668544423,1706475419213
VL-650,2024 Valentine's Day gift Heart Design Romantic Love With Light & Music Glass Gift Decorative - Pink,"pre {
white-space: pre-wrap;
}
This Heart Design Romantic Love Glass Gift Decorative by Shah Traders is the perfect Valentine's Day gift for your loved one. With its beautiful heart design, this gift is sure to impress. The added light and music feature makes it even more special. This decorative piece is perfect for any room in the house and will add a touch of romance to any space. It is made with high-quality glass and is sure to last for years to come. This gift is a great way to show your love and appreciation for your significant other.",Gifts and Seasonal,Y,vase,sand,340400342,1669905903,1706477145894
VL-651,2024 Valentine's Day gift Heart Design Romantic Love With Light & Music Glass Gift Decorative - Red,"pre {
white-space: pre-wrap;
}
This Heart Design Romantic Love Glass Gift Decorative by Shah Traders is the perfect Valentine's Day gift for your loved one. With its beautiful heart design, this gift is sure to impress. The added light and music feature makes it even more special. This decorative piece is perfect for any room in the house and will add a touch of romance to any space. It is made with high-quality glass and is sure to last for years to come. This gift is a great way to show your love and appreciation for your significant other.",Gifts and Seasonal,Y,vase,peach,340400342,1669905904,1706477145876
VL-652,Best Valentine's Day gift Romantic lover Christmas LED light Ornaments Novelty toys 2024 Christmas decorations,"pre {
white-space: pre-wrap;
}
Looking for a unique and romantic gift for your loved one this Valentine's Day or Christmas? Look no further than these LED light ornaments from Shah Traders. Made from a combination of fabric and plastic, these novelty toys are the perfect addition to any home decor. With their festive design and warm glow, they're sure to bring a smile to your loved one's face. Whether you're looking to add some holiday cheer to your own home or searching for the perfect gift, these Christmas decorations are a must-have.",Home Decor and Showpieces,Y,vase,sage,340401140,1668566941,1706476535936
VL-653,Transparent clock dial three-dimensional golden large numbers silent wall clock creative wood grain retro living room light luxury wall clock - Brown,"pre {
white-space: pre-wrap;
}
This is a creative and stylish wall clock from Shah Traders. The clock dial is transparent with three-dimensional golden large numbers, giving it a unique and modern look. The wood grain design adds a touch of retro and light luxury to your living room. The clock is silent, ensuring a peaceful environment. Made of high-quality glass, this clock is durable and long-lasting. It is perfect for adding a decorative touch to your home decor.",Wall Clocks,Y,clock,gold,341059675,1671276428,1706634188430
VL-654,Transparent clock dial three-dimensional golden large numbers silent wall clock creative wood grain retro living room light luxury wall clock - Gold,"pre {
white-space: pre-wrap;
}
This is a creative and stylish wall clock from Shah Traders. The clock dial is transparent with three-dimensional golden large numbers, giving it a unique and modern look. The wood grain design adds a touch of retro and light luxury to your living room. The clock is silent, ensuring a peaceful environment. Made of high-quality glass, this clock is durable and long-lasting. It is perfect for adding a decorative touch to your home decor.",Wall Clocks,Y,clock,clay,341059675,1671276427,1706634188411
VL-655,Transparent clock dial three-dimensional golden large numbers silent wall clock creative wood grain retro living room light luxury wall clock - Brown,"pre {
white-space: pre-wrap;
}
This is a creative and stylish wall clock from Shah Traders.The clock dial is transparent with three-dimensional golden large numbers, giving it a unique and modern look. The wood grain design adds a touch of retro and light luxury to your living room. The clock is silent, ensuring a peaceful environment. Made of high-quality glass, this clock is durable and long-lasting. It is perfect for adding a decorative touch to your home decor.",Wall Clocks,N,clock,sand,341062372,1671268497,1706633639499
VL-656,Transparent clock dial three-dimensional golden large numbers silent wall clock creative wood grain retro living room light luxury wall clock - Gold,"pre {
white-space: pre-wrap;
}
This is a creative and stylish wall clock from Shah Traders.The clock dial is transparent with three-dimensional golden large numbers, giving it a unique and modern look. The wood grain design adds a touch of retro and light luxury to your living room. The clock is silent, ensuring a peaceful environment. Made of high-quality glass, this clock is durable and long-lasting. It is perfect for adding a decorative touch to your home decor.",Wall Clocks,N,clock,peach,341062372,1671268496,1706633639478
VL-657,Rotating Music Box Musical Instrument Crafts Miniature Cello Violin Model Creative Mini Box Base No Battery Required - For - Musical Box - Guitar,"pre {
white-space: pre-wrap;
}
This music box is a mini cello and violin model that also functions as a craft. It rotates and doesn't need batteries to play. Great for kids who enjoy music and want to learn about instruments.",Toys and Games,Y,vase,sage,341062832,1671268319,1706646140955
VL-658,Rotating Music Box Musical Instrument Crafts Miniature Cello Violin Model Creative Mini Box Base No Battery Required - For - Musical Box - Pipa,"pre {
white-space: pre-wrap;
}
This music box is a mini cello and violin model that also functions as a craft. It rotates and doesn't need batteries to play. Great for kids who enjoy music and want to learn about instruments.",Toys and Games,Y,vase,gold,341062832,1671268318,1706646140938
VL-659,Rotating Music Box Musical Instrument Crafts Miniature Cello Violin Model Creative Mini Box Base No Battery Required - For - Musical Box - Violin,"pre {
white-space: pre-wrap;
}
This music box is a mini cello and violin model that also functions as a craft. It rotates and doesn't need batteries to play. Great for kids who enjoy music and want to learn about instruments.",Toys and Games,Y,vase,clay,341062832,1671268320,1706646140972
VL-660,Candles Light Halloween Christmas Ornament Home Garden Hanging LED Lantern Vintage Castle Flameless Lamp Holiday Party Decor - Multicolor,"This vintage castle flameless lamp is the perfect addition to your home decor for Halloween and Christmas. The LED lantern emits a warm and cozy glow, creating a spooky yet festive atmosphere. Hang it in your garden or home to add a touch of holiday spirit. The flameless design ensures safety and longevity, making it a great investment for future holiday seasons. From Shah Traders, a trusted brand in specialty lighting, this holiday party decor is sure to impress your guests.",Gifts and Seasonal,Y,vase,sand,341064867,2580731754,341064867-1757307631432-3
VL-661,Candles Light Halloween Christmas Ornament Home Garden Hanging LED Lantern Vintage Castle Flameless Lamp Holiday Party Decor - Gold,"This vintage castle flameless lamp is the perfect addition to your home decor for Halloween and Christmas. The LED lantern emits a warm and cozy glow, creating a spooky yet festive atmosphere. Hang it in your garden or home to add a touch of holiday spirit. The flameless design ensures safety and longevity, making it a great investment for future holiday seasons. From Shah Traders, a trusted brand in specialty lighting, this holiday party decor is sure to impress your guests.",Gifts and Seasonal,N,vase,peach,341064867,2580731755,341064867-1757307631432-4
VL-662,Candles Light Halloween Christmas Ornament Home Garden Hanging LED Lantern Vintage Castle Flameless Lamp Holiday Party Decor - White,"This vintage castle flameless lamp is the perfect addition to your home decor for Halloween and Christmas. The LED lantern emits a warm and cozy glow, creating a spooky yet festive atmosphere. Hang it in your garden or home to add a touch of holiday spirit. The flameless design ensures safety and longevity, making it a great investment for future holiday seasons. From Shah Traders, a trusted brand in specialty lighting, this holiday party decor is sure to impress your guests.",Gifts and Seasonal,Y,vase,sage,341064867,2580731752,341064867-1757307631432-1
VL-663,Candles Light Halloween Christmas Ornament Home Garden Hanging LED Lantern Vintage Castle Flameless Lamp Holiday Party Decor - Red,"This vintage castle flameless lamp is the perfect addition to your home decor for Halloween and Christmas. The LED lantern emits a warm and cozy glow, creating a spooky yet festive atmosphere. Hang it in your garden or home to add a touch of holiday spirit. The flameless design ensures safety and longevity, making it a great investment for future holiday seasons. From Shah Traders, a trusted brand in specialty lighting, this holiday party decor is sure to impress your guests.",Gifts and Seasonal,N,vase,gold,341064867,2580731753,341064867-1757307631432-2
VL-664,Candles Light Halloween Christmas Ornament Home Garden Hanging LED Lantern Vintage Castle Flameless Lamp Holiday Party Decor - Black,"This vintage castle flameless lamp is the perfect addition to your home decor for Halloween and Christmas. The LED lantern emits a warm and cozy glow, creating a spooky yet festive atmosphere. Hang it in your garden or home to add a touch of holiday spirit. The flameless design ensures safety and longevity, making it a great investment for future holiday seasons. From Shah Traders, a trusted brand in specialty lighting, this holiday party decor is sure to impress your guests.",Gifts and Seasonal,Y,vase,clay,341064867,1671290258,1706650653238
VL-665,"Modern Crystal Table Lamp Night Light Lamp Crystals Elegant Bedside Desk Lamp for Bedroom, Dining Room, Living Room, Coffee Room by SP Lighting","pre {
white-space: pre-wrap;
}
The Shah Traders Crystal Table Lamp is a stylish and easy-to-use addition to any room. It emits a warm and inviting glow, perfect for creating a cozy atmosphere. The SP Lighting brand guarantees high-quality performance.",Lamps and Lighting,Y,lamp,sand,341066896,1671318546,1706656982526
VL-666,Music Box Wind Up Musicbox Twirling Music Box Rotating Base Brass Wind Instrument Replica Artware Gift for Christmas Birthday - Trumpet,"pre {
white-space: pre-wrap;
}
This Music Box Wind Up is a rotating base that plays music, perfect for music lovers. Made by Shah Traders, it's a great gift for Christmas or birthdays. It's categorized as Musical Fun for Kids, providing hours of entertainment for all ages.",Toys and Games,Y,vase,peach,341069783,1671287501,1706649715530
VL-667,Music Box Wind Up Musicbox Twirling Music Box Rotating Base Brass Wind Instrument Replica Artware Gift for Christmas Birthday - saxophone,"pre {
white-space: pre-wrap;
}
This Music Box Wind Up is a rotating base that plays music, perfect for music lovers. Made by Shah Traders, it's a great gift for Christmas or birthdays. It's categorized as Musical Fun for Kids, providing hours of entertainment for all ages.",Toys and Games,Y,vase,sage,341069783,1671287500,1706649715511
VL-668,Music Box Wind Up Musicbox Twirling Music Box Rotating Base Brass Wind Instrument Replica Artware Gift for Christmas Birthday - Freanch Horn,"pre {
white-space: pre-wrap;
}
This Music Box Wind Up is a rotating base that plays music, perfect for music lovers. Made by Shah Traders, it's a great gift for Christmas or birthdays. It's categorized as Musical Fun for Kids, providing hours of entertainment for all ages.",Toys and Games,Y,vase,gold,341069783,1671287502,1706649715545
VL-669,"Golden Crystal Table Lamp for Bedroom, Living Room, Dining Room, Kitchen,Study Decorative Bedside Nightstand Desk Lamp Shade for Home, Hall,Office,Hotels,Classic Golden Crystal Table Lamps","pre {
white-space: pre-wrap;
}
This Golden Crystal Table Lamp by Shah Traders is a perfect addition to your home decor. The classic design of the lamp with a golden crystal shade adds a touch of elegance to any room, be it your bedroom, living room, dining room, kitchen, study, hall or office. The lamp is perfect for use as a bedside nightstand or desk lamp. The lamp is made of high-quality materials and is designed to last long. The light type of the lamp is table lamps. Illuminate your space with this beautiful and functional table lamp.",Lamps and Lighting,Y,lamp,clay,341070704,1671314839,1706654748605
VL-670,Classic Telephone Alarm Clock Jam Loceng Penggera Telefon Klasik Table Vintage Retro Nordic Antique Home Living Hall Gold Decoration Decor Birthday Christmas Gift Present Souvenir Hadiah Hiasan Antik Ruang Tamu Warna Emas - Black,"pre {
white-space: pre-wrap;
}
This Telephone Alarm Clock by Shah Traders is a stylish and durable addition to your home decor. The vintage Nordic design in gold color adds elegance to any living space. It is both functional and decorative, making it a great gift for any occasion. The clock is easy to use and will wake you up on time every morning. Add a touch of antique charm to your living space with this beautiful clock today.",Table and Alarm Clocks,N,clock,sand,341154976,1672767324,1706675004942
VL-671,Classic Telephone Alarm Clock Jam Loceng Penggera Telefon Klasik Table Vintage Retro Nordic Antique Home Living Hall Gold Decoration Decor Birthday Christmas Gift Present Souvenir Hadiah Hiasan Antik Ruang Tamu Warna Emas - Gold,"pre {
white-space: pre-wrap;
}
This Telephone Alarm Clock by Shah Traders is a stylish and durable addition to your home decor. The vintage Nordic design in gold color adds elegance to any living space. It is both functional and decorative, making it a great gift for any occasion. The clock is easy to use and will wake you up on time every morning. Add a touch of antique charm to your living space with this beautiful clock today.",Table and Alarm Clocks,N,clock,peach,341154976,1672767325,1706675004924
VL-672,Classic Telephone Alarm Clock Jam Loceng Penggera Telefon Klasik Table Vintage Retro Nordic Antique Home Living Hall Gold Decoration Decor Birthday Christmas Gift Present Souvenir Hadiah Hiasan Antik Ruang Tamu Warna Emas - Multicolor,"pre {
white-space: pre-wrap;
}
This Telephone Alarm Clock by Shah Traders is a stylish and durable addition to your home decor. The vintage Nordic design in gold color adds elegance to any living space. It is both functional and decorative, making it a great gift for any occasion. The clock is easy to use and will wake you up on time every morning. Add a touch of antique charm to your living space with this beautiful clock today.",Table and Alarm Clocks,N,clock,sage,341154976,1672767323,1706675004956
VL-673,Cute Guitar Violin Alarm Clock Jam Bell Cute Retro Vintage Classic TV Cabinet Study Table Desk Decoration Ornament Valentine Christmas Birthday Girl Kids Present Gift Sourvenir Study Table Decoration Almari Gift - Black,"pre {
white-space: pre-wrap;
}",Table and Alarm Clocks,Y,clock,gold,341164577,1672762752,1706676346285
VL-674,Cute Guitar Violin Alarm Clock Jam Bell Cute Retro Vintage Classic TV Cabinet Study Table Desk Decoration Ornament Valentine Christmas Birthday Girl Kids Present Gift Sourvenir Study Table Decoration Almari Gift - antique gold,"pre {
white-space: pre-wrap;
}",Table and Alarm Clocks,Y,clock,clay,341164577,1672762753,1706676346306
VL-675,Cute Guitar Violin Alarm Clock Jam Bell Cute Retro Vintage Classic TV Cabinet Study Table Desk Decoration Ornament Valentine Christmas Birthday Girl Kids Present Gift Sourvenir Study Table Decoration Almari Gift - Gold,"pre {
white-space: pre-wrap;
}",Table and Alarm Clocks,Y,clock,sand,341164577,1672762754,1706676346322
VL-676,12/15/17 Inch Magnetic Dartboard Darts Suit Double Sided Flocking Dartboards Dart Plate of Safety Dart Safety Game Board Toy - Black 17inches,"pre {
white-space: pre-wrap;
}
This Magnetic Dartboard Darts Suit is safe for kids and adults. It has a double-sided flocking dartboard and magnetic darts with no sharp points, making it safe for children. It's durable, easy to install, and can be used indoors or outdoors. Perfect for game rooms and family entertainment areas.",Toys and Games,Y,vase,peach,341164944,1671429972,1706679155636
VL-677,12/15/17 Inch Magnetic Dartboard Darts Suit Double Sided Flocking Dartboards Dart Plate of Safety Dart Safety Game Board Toy - Black 15inches,"pre {
white-space: pre-wrap;
}
This Magnetic Dartboard Darts Suit is safe for kids and adults. It has a double-sided flocking dartboard and magnetic darts with no sharp points, making it safe for children. It's durable, easy to install, and can be used indoors or outdoors. Perfect for game rooms and family entertainment areas.",Toys and Games,Y,vase,sage,341164944,1671429971,1706679155621
VL-678,12/15/17 Inch Magnetic Dartboard Darts Suit Double Sided Flocking Dartboards Dart Plate of Safety Dart Safety Game Board Toy - Black 12inches,"pre {
white-space: pre-wrap;
}
This Magnetic Dartboard Darts Suit is safe for kids and adults. It has a double-sided flocking dartboard and magnetic darts with no sharp points, making it safe for children. It's durable, easy to install, and can be used indoors or outdoors. Perfect for game rooms and family entertainment areas.",Toys and Games,Y,vase,gold,341164944,1671429970,1706679155600
VL-679,Clay Tea Cup with Tray. Handmade. Organic - Red,"pre {
white-space: pre-wrap;
}
This Clay Tea Cup with Tray is perfect for tea lovers. It's made of high-quality clay by Shah Traders and comes with a matching tray for easy serving. Enjoy your tea in style with this beautiful cup. It's listed under Kitchen & Dining>Drinkware>Cups, Mugs & Saucers.",Tableware and Serving,N,vase,clay,341176359,1671432316,1706677671820
VL-680,Clay Tea Cup with Tray. Handmade. Organic - Red 2set (2cup and 2tray),"pre {
white-space: pre-wrap;
}
This Clay Tea Cup with Tray is perfect for tea lovers. It's made of high-quality clay by Shah Traders and comes with a matching tray for easy serving. Enjoy your tea in style with this beautiful cup. It's listed under Kitchen & Dining>Drinkware>Cups, Mugs & Saucers.",Tableware and Serving,N,vase,sand,341176359,1671432317,1706677671840
VL-681,London eye ferris wheel home decoration gift model metal jewelry home decoration accessories - Red,"pre {
white-space: pre-wrap;
}",Home Decor and Showpieces,Y,vase,peach,341194290,1799941352,1706851296072
VL-682,London eye ferris wheel home decoration gift model metal jewelry home decoration accessories - Green,"pre {
white-space: pre-wrap;
}",Home Decor and Showpieces,Y,vase,sage,341194290,1799941353,1706851296094
VL-683,London eye ferris wheel home decoration gift model metal jewelry home decoration accessories - Multicolor,"pre {
white-space: pre-wrap;
}",Home Decor and Showpieces,Y,vase,gold,341194290,1799941354,1706851296111
VL-684,Metal Table Lamp for Bedroom And Living Room with Wooden Base And White Shade,,Lamps and Lighting,Y,lamp,clay,342641301,1672442885,1706799059139
VL-685,Creative Nordic Crystal Crafts Pineapple Pear Home Decoration Ornaments Gift Apple Pear Pineapple Decorative Handicraft,,Home Decor and Showpieces,Y,vase,sand,343191531,1673492071,1706991569390
VL-686,Modern Light Luxury Wall Clock Living Room Decorative Wall Clock Creative Home Simple Watch Wall-mounted Nordic Fashion Quartz - Green,,Wall Clocks,Y,clock,peach,343198179,1673471624,1706987472707
VL-687,Modern Light Luxury Wall Clock Living Room Decorative Wall Clock Creative Home Simple Watch Wall-mounted Nordic Fashion Quartz - White,,Wall Clocks,Y,clock,sage,343198179,1673471623,1706987472728
VL-688,Modern Light Luxury Wall Clock Living Room Decorative Wall Clock Creative Home Simple Watch Wall-mounted Nordic Fashion Quartz - Multicolor,,Wall Clocks,Y,clock,gold,343198179,1673471622,1706987472743
VL-689,Multicolor Cute Lovers Miniature Landscape DIY Ornament Garden Doll Decoration 1 Set (B),,Home Decor and Showpieces,Y,vase,clay,343198666,1673498488,1706992432860
VL-690,Lanterns Decorative Indoor Middle Eastern Style Battery Operated Lamp Transparent Warm Light Supplies Exquisite Printed Hangable,,Lamps and Lighting,N,lamp,sand,343201996,1673912944,1707015424746
VL-691,Retro Lantern Outdoor Garden Decorative Old Lantern Flameless Vintage Lantern Hanging Lights for Camping Patio Yard Christmas Decorations - Gold,,Lamps and Lighting,Y,lamp,peach,343219542,1673923158,1707014366977
VL-692,Retro Lantern Outdoor Garden Decorative Old Lantern Flameless Vintage Lantern Hanging Lights for Camping Patio Yard Christmas Decorations - White,,Lamps and Lighting,Y,lamp,sage,343219542,1673923159,1707014366996
VL-693,Retro Lantern Outdoor Garden Decorative Old Lantern Flameless Vintage Lantern Hanging Lights for Camping Patio Yard Christmas Decorations - Black,,Lamps and Lighting,Y,lamp,gold,343219542,1673923156,1707014366938
VL-694,Retro Lantern Outdoor Garden Decorative Old Lantern Flameless Vintage Lantern Hanging Lights for Camping Patio Yard Christmas Decorations - Red,,Lamps and Lighting,Y,lamp,clay,343219542,1673923157,1707014366958
VL-695,Retro Lantern Outdoor Garden Decorative Old Lantern Flameless Vintage Lantern Hanging Lights for Camping Patio Yard Christmas Decorations - Multicolor,,Lamps and Lighting,Y,lamp,sand,343219542,1673923155,1707014366916
VL-696,"Alarm Clock, Desktop Mute Quartz Clock Mini Alarm Clock 5cm for Students - Black",,Table and Alarm Clocks,N,clock,peach,343248328,1674611749,1707026050028
VL-697,"Alarm Clock, Desktop Mute Quartz Clock Mini Alarm Clock 5cm for Students - Green",,Table and Alarm Clocks,N,clock,sage,343248328,1674611750,1707026050047
VL-698,"Alarm Clock, Desktop Mute Quartz Clock Mini Alarm Clock 5cm for Students - Multicolor",,Table and Alarm Clocks,N,clock,gold,343248328,1674611751,1707026050062
VL-699,"Alarm Clock, Desktop Mute Quartz Clock Mini Alarm Clock 5cm for Students - Pink",,Table and Alarm Clocks,N,clock,clay,343248328,1674611752,1707026050077
VL-700,"Alarm Clock, Desktop Mute Quartz Clock Mini Alarm Clock 5cm for Students - Blue",,Table and Alarm Clocks,N,clock,sand,343248328,1674611753,1707026050092
VL-701,"Alarm Clock, Desktop Mute Quartz Clock Mini Alarm Clock 5cm for Students - Red",,Table and Alarm Clocks,N,clock,peach,343248328,1674611754,1707026050106
VL-702,Practical LED Candle Nostalgia Shooting Props Lightweight 80s Retro LED Decorative Candle - Black,,Candles and Holders,Y,vase,sage,343321037,1674624097,1707062252108
VL-703,Practical LED Candle Nostalgia Shooting Props Lightweight 80s Retro LED Decorative Candle - White,,Candles and Holders,Y,vase,gold,343321037,1674624098,1707062252127
VL-704,Practical LED Candle Nostalgia Shooting Props Lightweight 80s Retro LED Decorative Candle - Multicolor,,Candles and Holders,Y,vase,clay,343321037,1674624099,1707062252144
VL-705,Practical LED Candle Nostalgia Shooting Props Lightweight 80s Retro LED Decorative Candle - Red,,Candles and Holders,Y,vase,sand,343321037,1674624100,1707062252159
VL-706,3 Pcs Set Pirax Oven Proof Glass Serving Dish - Transparent 3 Pcs Set,,Tableware and Serving,Y,vase,peach,343712420,1676597066,1707193254341
VL-707,LED Ramadan Light Decor 2023 for Home Islamic Muslim Party Decor Ramadan Festival Party Supples Eid Al Adha Gift - White,,Gifts and Seasonal,Y,vase,sage,343715688,1676583564,1707190495865
VL-708,LED Ramadan Light Decor 2023 for Home Islamic Muslim Party Decor Ramadan Festival Party Supples Eid Al Adha Gift - Multicolor,,Gifts and Seasonal,Y,vase,gold,343715688,1676583565,1707190495881
VL-709,LED Ramadan Light Decor 2023 for Home Islamic Muslim Party Decor Ramadan Festival Party Supples Eid Al Adha Gift - Black,,Gifts and Seasonal,Y,vase,clay,343715688,1676583563,1707190495846
VL-710,Sailing Clock Home Gift Smooth Antique Screen Creative Decoration Digital Silver - Black,,Table and Alarm Clocks,Y,clock,sand,343743529,1676836372,1707224379869
VL-711,Sailing Clock Home Gift Smooth Antique Screen Creative Decoration Digital Silver - Gold,,Table and Alarm Clocks,Y,clock,peach,343743529,1676836373,1707224379888
VL-712,Vintage Windmill Alarm Clock Desk Office Pen Holder Vintage Clock Office Alarm Clock - Black,,Table and Alarm Clocks,Y,clock,sage,343763876,1677018253,1707245071398
VL-713,Vintage Windmill Alarm Clock Desk Office Pen Holder Vintage Clock Office Alarm Clock - Gold,,Table and Alarm Clocks,Y,clock,gold,343763876,1677018252,1707245071377
VL-714,Vintage Windmill Alarm Clock Desk Office Pen Holder Vintage Clock Office Alarm Clock - Multicolor,,Table and Alarm Clocks,Y,clock,clay,343763876,1677018254,1707245071419
VL-715,Bathroom Accessories 4Pcs/Set Bathroom Gadgets Dispenser Cup Soap Dish Toothbrush Holder (Color : Sky Blue),,Bath and Storage,Y,vase,sand,343877498,1677364269,1707360663135
VL-716,Handmade Soap Rose Bouquet with Carry Bag Soap Flower Eternal Rose Valentine's Day Creative Birthday Gift Present Gifts - Pink,,Home Decor and Showpieces,Y,vase,peach,343881089,1677372050,1707359632118
VL-717,Handmade Soap Rose Bouquet with Carry Bag Soap Flower Eternal Rose Valentine's Day Creative Birthday Gift Present Gifts - Red,,Home Decor and Showpieces,Y,vase,sage,343881089,1677372051,1707359632140
VL-718,Handmade Soap Rose Bouquet with Carry Bag Soap Flower Eternal Rose Valentine's Day Creative Birthday Gift Present Gifts - Purple,,Home Decor and Showpieces,Y,vase,gold,343881089,1677372052,1707359632157
VL-719,Handmade Soap Rose Bouquet with Carry Bag Soap Flower Eternal Rose Valentine's Day Creative Birthday Gift Present Gifts - Blue,,Home Decor and Showpieces,Y,vase,clay,343881089,1677372053,1707359632173
VL-720,4Pcs/Set Bathroom Gadgets Dispenser Cup Soap Dish Toothbrush Holder Bathroom Accessorie (Color : White),,Bath and Storage,Y,vase,sand,343884100,1677364885,1707361657035
VL-721,1PC Bicycle Piggy Bank Money Box Metal Piggy Coin Bank Money Saving Box Home Decoration Figurines Craft Gift For Kids,,Bath and Storage,Y,vase,peach,344037812,1678388879,1707694253496
VL-722,New stylish light luxury quality multi-functional separation storage plate European glass living room hotel pastry fruit plate.,,Tableware and Serving,N,vase,sage,344046393,1678426168,1707717156693
VL-723,"Galaxy Rose Flower in Glass Dome with LED Strip, Shiny Artificial Gold Foil Rose Gifts, Light Up Lasts Forever Glass Rose, Unique Gifts for Girlfriend/Grandma/Wife/Moms",,Home Decor and Showpieces,Y,vase,gold,344077094,1678415911,1707709810453
VL-724,Eid Mubarak LED Warm Retro Night Light Portable Metal Portable Lantern Home Table Wall Lighting Ramadan Party Decoration - Black,,Lamps and Lighting,Y,lamp,clay,344113083,1798606544,1707759546173
VL-725,Eid Mubarak LED Warm Retro Night Light Portable Metal Portable Lantern Home Table Wall Lighting Ramadan Party Decoration - Red,,Lamps and Lighting,Y,lamp,sand,344113083,1798606545,1707759546190
VL-726,Eid Mubarak LED Warm Retro Night Light Portable Metal Portable Lantern Home Table Wall Lighting Ramadan Party Decoration - Multicolor,,Lamps and Lighting,Y,lamp,peach,344113083,1798606546,1707759546231
VL-727,Eid Mubarak LED Warm Retro Night Light Portable Metal Portable Lantern Home Table Wall Lighting Ramadan Party Decoration - Gold,,Lamps and Lighting,Y,lamp,sage,344113083,1798606547,1707759546153
VL-728,Eid Mubarak LED Warm Retro Night Light Portable Metal Portable Lantern Home Table Wall Lighting Ramadan Party Decoration - Silver,,Lamps and Lighting,Y,lamp,gold,344113083,1798606543,1707759546208
VL-729,"European-style Metal Tempered Glass Fruit Plate Three-layer Retro Elegant Hotel Home Living Room Fruit Plate (Color : Gold, Size : One size)",,Tableware and Serving,N,vase,clay,344115200,1678486147,1707792849928
VL-730,Luxury Egg Shaped Toothpick Automatic Push-type Toothpick Box Creative Toothpick Holder for Home Hotel Restaurant Decor,,Tableware and Serving,Y,vase,sand,344149237,1678571661,1707888159268
VL-731,Bronze Tone Metal Vintage Car Model Gifts Gifts for Men Birthday Gift,,Home Decor and Showpieces,Y,vase,peach,348908814,1714060257,1709954743870
VL-732,Metal sculpture Retro Classic Handmade Iron Motorcycle unique metal art decoration Ornaments for Motocycle Lovers (16 * 7 * 9cm) (Brown Curved bicycle),,Home Decor and Showpieces,Y,vase,sage,348909291,1714064752,1709954314887
VL-733,Flameless Led Candles - Set Of 3 Candle Light Taper Candle Holder Electric Candlesticks Battery Operated Candles Flame Eid Ramadan candes light - Gold,,Candles and Holders,Y,vase,gold,350752364,1719184572,1710358968356
VL-734,Flameless Led Candles - Set Of 3 Candle Light Taper Candle Holder Electric Candlesticks Battery Operated Candles Flame Eid Ramadan candes light - Antique gold,,Candles and Holders,Y,vase,clay,350752364,1719184573,1710358968376
VL-735,Ramadan Lantern Mini Eid Mubarak Candle Lantern Black Moon Castle Decorative Hanging Candle Lanterns for Ramadan Decorations Wedding Decorations Table Centerpiece - Gold,,Candles and Holders,Y,vase,sand,350752532,1812659299,1715014104316
VL-736,Ramadan Lantern Mini Eid Mubarak Candle Lantern Black Moon Castle Decorative Hanging Candle Lanterns for Ramadan Decorations Wedding Decorations Table Centerpiece - Silver,,Candles and Holders,Y,vase,peach,350752532,1812659300,1715014104323
VL-737,DUBAI Futuristic Metal Texture Dubai Museum Ornaments (Office/Home Decor) - Green,,Home Decor and Showpieces,Y,vase,sage,351160459,1722288665,1710522703635
VL-738,DUBAI Futuristic Metal Texture Dubai Museum Ornaments (Office/Home Decor) - Silver,,Home Decor and Showpieces,Y,vase,gold,351160459,1722288666,1710522703672
VL-739,DUBAI Futuristic Metal Texture Dubai Museum Ornaments (Office/Home Decor) - Red,,Home Decor and Showpieces,Y,vase,clay,351160459,1722288667,1710522703700
VL-740,DUBAI Futuristic Metal Texture Dubai Museum Ornaments (Office/Home Decor) - Gold,,Home Decor and Showpieces,Y,vase,sand,351160459,1722288668,1710522703715
VL-741,Moving pendulum  Round Wall Clock - Blue  - C9P Watch,,Wall Clocks,Y,clock,peach,351222842,1722465981,1710536430742
VL-742,Moving pendulum  Wall Clock - Blue and Silver - C9/A Watch - Blue,Size : 10 * 11.5 inches,Wall Clocks,Y,clock,sage,351225138,1722498975,1710535716696
VL-743,Moving pendulum  Wall Clock - Blue and Silver - C9/A Watch - Silver,Size : 10 * 11.5 inches,Wall Clocks,Y,clock,gold,351225138,1722498974,1710535716713
VL-744,Pendulum Wall clock: 16/P(Small),,Wall Clocks,Y,clock,clay,351225182,1722513252,1710537042282
VL-745,"Nightlight, Led Shell Pearl Night Light Streamer Mermaid Fairy Shell Night Lamp for Bedside Xmas Gift Bedroom Home Decoration Desk Lights - White",,Lamps and Lighting,Y,lamp,sand,352417587,1732221517,T223037-White
VL-746,"Nightlight, Led Shell Pearl Night Light Streamer Mermaid Fairy Shell Night Lamp for Bedside Xmas Gift Bedroom Home Decoration Desk Lights - Pink",,Lamps and Lighting,Y,lamp,peach,352417587,1732221516,T223037-Pink
VL-747,"Nightlight, Led Shell Pearl Night Light Streamer Mermaid Fairy Shell Night Lamp for Bedside Xmas Gift Bedroom Home Decoration Desk Lights - Blue",,Lamps and Lighting,Y,lamp,sage,352417587,1732221515,1711222412061
VL-748,"Nightlight, Led Shell Pearl Night Light Streamer Mermaid Fairy Shell Night Lamp for Bedside Xmas Gift Bedroom Home Decoration Desk Lights - Multicolor",,Lamps and Lighting,Y,lamp,gold,352417587,1732221514,1711222412040
VL-749,Mini K9 Crystal Candle Lantern Gold Silver Candle Holder Wedding Table Centerpieces Candlestick Home Tea Light Holder,,Candles and Holders,Y,vase,clay,366059086,1824214326,1715541868538
VL-750,"Unique Liquid Wave Cruise Ship Decoration,Titanic,Cruise Ship That No Longer Sinks, for Car Dashboard Decorative Showpiece/Idol, Paperweight, Home Decor Decoration & Gifting Purpose",,Home Decor and Showpieces,Y,vase,sand,367574604,1834735927,1716190815160
VL-751,Retro Wall-Mounted Gear Wall Clock Round Roman Numerals Non Ticking Wall Clock Living Room Large Decorative for Bar Cafe Restaurant EtcB-60cm(24inch),,Wall Clocks,Y,clock,peach,368116639,1837963045,1716346020444
VL-752,Retro Wooden Hourglass Timer – 5 Minute Sand Timer with Blue Sand & Wooden Base – Home Decor & Desk Gift,"Add a touch of elegance and function to your space with this Retro Hourglass Timer, available in 5 minute versions. Featuring beautiful blue sand and a sturdy wooden base, this hourglass is more than just a timekeeper — it’s a stylish decor piece for your home, office, study table, or kitchen.
Whether you're timing your meditation, study sessions, workouts, or breaks, this sand timer helps you stay focused and manage your time efficiently. The clear glass body showcases the gentle flow of sand, providing a calming visual effect.
Crafted for durability and aesthetics, it also makes a unique and thoughtful gift for birthdays, anniversaries, or professional settings.",Home Decor and Showpieces,Y,vase,sage,372185286,1861340589,1717138401582
VL-753,"Stronrive Electric Tea Lights | Battery Operated Cube Tea Lights | Romantic Candles, Electric LED Candles for Christmas, Weddings, Halloween",,Candles and Holders,N,vase,gold,372876181,1864788216,1717252477316
VL-754,"1pc Creative Desktop Tissue Box, Tissue Holder, Creative Flower Pattern Napkin Box For Home And Office, Tissue Box For Hotel - Red",,Home Decor and Showpieces,N,vase,clay,372939721,1864323481,1717279639776
VL-755,"1pc Creative Desktop Tissue Box, Tissue Holder, Creative Flower Pattern Napkin Box For Home And Office, Tissue Box For Hotel - Silver",,Home Decor and Showpieces,Y,vase,sand,372939721,1864323480,1717279639770
VL-756,"1pc Creative Desktop Tissue Box, Tissue Holder, Creative Flower Pattern Napkin Box For Home And Office, Tissue Box For Hotel - Gold",,Home Decor and Showpieces,Y,vase,peach,372939721,1864323479,1717279639762
VL-757,Crystal & Iron Candle Holders Moon Shaped Candlestick For Home Decoration,,Candles and Holders,Y,vase,sage,372942502,1864300440,1717277730417
VL-758,"Napkin Holder Gold Sonwaha Napkin Holders for Tables,Napkin Holders for Kitchen Modern Napkin Holder Paper Napkins Holder for Dining,Picnic Table,Kitchen Countertops,Indoor&Outdoor Use",,Tableware and Serving,Y,vase,gold,372950985,1864342786,1717281692973
VL-759,"Luxury Crystal Tissue Box Holder - Elegant Gold & Silver, Square Napkin Dispenser For Living Room, Bathroom Decor & Gifts",,Tableware and Serving,Y,vase,clay,372951665,1864345390,1717280360816
VL-760,K9 Modern Transparent Bedroom K9 Crystal Table Lamp Lights Desk Bedside Lamperus De Mesa 110-240v Height 49cm± Wide 21cm± Warm light,ni,Lamps and Lighting,Y,lamp,sand,372979753,1864777750,1717298700295
VL-761,Bride And Groom Candle Metal Lantern Wedding Glass Candle Holder Lantern,,Candles and Holders,Y,vase,peach,373001729,2196527067,373001729-1728918005068-0
VL-762,"Table Top Metal Candle Stand, For Decoration",,Candles and Holders,Y,vase,sage,373003094,1864938653,1717301531488
VL-763,Aluminum alloy Condiment Pot Seasoning Container Spice Glass Jar Salt Sugar Bowl Pepper Coffee Storage Organizer Swan Rack Set,"The Creative Beautiful Swan Design Spice Bottle Seasoning Salt Suger Power Jar.
Made of premium food grade glass and metal; high-gloss surface and easy to clean.
Perfect multi-fuction for storing flour, sugar, salt, spice, pepper,garlic,etc. Hold your seasoning well and save kitche space.
Also for storing tealeaf, coffee, juice power,candy etc.
Keep your herbs & spices stay fresh.",Cookware and Kitchen,N,vase,gold,373059036,1865345300,1717310257298
VL-764,Electric Desktop Table Clock Electronic Alarm Digital Big LED Screen Desk Clock Data Time Calendar Desk Watch For Office Home - Black,,Table and Alarm Clocks,Y,clock,clay,373174032,1865978965,1717338492257
VL-765,Electric Desktop Table Clock Electronic Alarm Digital Big LED Screen Desk Clock Data Time Calendar Desk Watch For Office Home - Blue,,Table and Alarm Clocks,Y,clock,sand,373174032,1865978966,1717338492264
VL-766,Electric Desktop Table Clock Electronic Alarm Digital Big LED Screen Desk Clock Data Time Calendar Desk Watch For Office Home - Pink,,Table and Alarm Clocks,Y,clock,peach,373174032,1865978967,1717338492271
VL-767,"Vintage Oversized Modern Large Rustic Wall Clock with Moving Gears Steampunk Clocks High quality Gear Machine Wall Clock.
Home Decoration Luxury wall Clock Design for Bedroom, Dining room Living Room Office Decor.",,Wall Clocks,Y,clock,sage,373808291,1869283418,1717515930006
VL-768,Enarose Domed Glass Embossed Number Wall Clock A51143,"Quiet Enarose Akar Second Machine
With 30 Years of Eastar&Enarose Assurance...
Raised Numbers
Mineral Domed Glass
ABS Polymer Hard Case
The wall clock
TSE Certified
Diameter: 32 cm
Inner Case Diameter: 32 cm
Depth: 4.5 cm
Works with 1 (AA) Battery",Wall Clocks,Y,clock,gold,397323251,1971551179,397323251-1721153794399-0
VL-769,European Metal Candle Holder Glass Handicraft Golden Candlesticks Modern Home Decor,"FEATURES: This golden candle holder is designed with superb craftsmanship, a simple but artistic figurine that adds a stylish and generous touch to your venue and can catch the eye of friends or clients.
APPLICATION: It is a very meaningful home decoration, it will amaze and impress others, this sculpture is for your family, lover, friends, children Perfect gift. Suitable for any occasion, such as Christmas, Easter, Thanksgiving, Party, Birthday, Graduation, Wedding, New Year, Valentine's Day.
EASY TO USE: Modern decor is not just an ornament, it's your soulmate. It can easily decorate your living room, bedroom, hallway, office, etc. and is a great table top decoration.
Material Crystal
Size 20*40*40cm
Style Luxury",Candles and Holders,Y,vase,clay,397347082,1971721879,397347082-1721156351467-0
VL-770,European Metal Candle Holder Gold Modern Decor Candle Stick Candle Holder Glass Vase Decorative Vase Dining Table Decor Gifts,"Model Number:CH-31899Type:Candle Stand, Candle Holder
Use:Home Decoration
Occasion:standing stainless steel circular candle holder with glass cup.
Color:golden
Handmade:Yes
Metal Type:metal, glass
Feature:ECO-friendly",Candles and Holders,Y,vase,sand,397347363,1971819186,397347363-1721157654573-0
VL-771,Creative Bike Design Planter For Home Tricycle with Plant Pot,"Elevate your home decor with our Metal Gilded Tricycle featuring a Ceramic Plant Pot—a charming fusion of sophistication and botanical style. This unique piece not only serves as an eye-catching decor item but also provides a delightful way to showcase your favorite plants.
Elevate your home decor with our Metal Gilded Tricycle featuring a Ceramic Plant Pot—a charming fusion of sophistication and botanical style. This unique piece not only serves as an eye-catching decor item but also provides a delightful way to showcase your favorite plants.
Gilded Tricycle Design: The metal tricycle is elegantly gilded, adding a touch of opulence and glamour to your living space. The intricate details of the design make it a statement piece that complements various home decor styles.
Ceramic Plant Pot: The tricycle comes with a beautifully crafted ceramic plant pot, creating the perfect vessel for your favorite plants or flowers. The pot adds a natural and organic element to the overall design.
Versatile Decor Accent: Whether placed on a tabletop, shelf, or as a centerpiece, this gilded tricycle with a ceramic plant pot effortlessly enhances the aesthetic appeal of any room. It's a versatile decor accent that brings both elegance and greenery to your home.
Quality Craftsmanship: Crafted with precision and attention to detail, this decor piece is made to last. The combination of metal and ceramic ensures durability, making it a timeless addition to your home.
Botanical Elegance: Embrace the beauty of nature with this botanical-inspired decor item. The tricycle and ceramic pot create a harmonious blend of sophistication and organic charm, making it a unique and stylish choice for plant enthusiasts.",Home Decor and Showpieces,Y,vase,peach,397356359,1971914980,397356359-1721159170592-0
VL-772,Metal Cage With Ceramic Vase,"This series of flower pot are very cutewith different colours,and made of high quality materials.
This flower pot not only can be used for planting your flowers,but also can decorate your room,garden or your office.
Add a dash of refreshing greenery to your decor with this mini artificial plant potted iIt features vivid colours exquisite",Home Decor and Showpieces,Y,vase,sage,397361672,1971970642,397361672-1721159995923-0
VL-773,Crystal Oval Table Lamp – USB Rechargeable Modern Luxury Night Light for Living Room Bedroom and Bedside Decoration,"Bring a touch of elegance and modern luxury to your home with the Crystal Oval Table Lamp.
This beautiful lamp features a USB rechargeable design, making it convenient and eco-friendly.
Its crystal-cut oval design creates a warm and creative atmosphere, perfect for bedrooms, living rooms, bedside tables, or even as a decorative night light.
✅ Features and Benefits
USB Rechargeable – no need for constant batteries easy charging
Crystal Oval Design – elegant and luxurious look
Atmosphere Night Light – creates warm and cozy lighting
Multipurpose Use – ideal for bedside living room or as a gift
Modern and Stylish – blends perfectly with any home décor
👉 Add style and comfort to your home with the Crystal Oval Table Lamp – perfect for bedrooms, living rooms, and bedside decoration.",Lamps and Lighting,Y,lamp,gold,423078447,2066598990,423078447-1725015841584-0
VL-774,"Metal Showpiece Combo Big Ben (18 CM), London Eye (9 CM)",,Home Decor and Showpieces,Y,vase,clay,423142420,2066636957,423142420-1725017565585-0
VL-775,"Dubai Burj Khalifa Tower Miniature, Dubai City Landmark, Souvenir, Model, Replica, Monuments, Decorative Showpiece for Home, Antique Finish (12cm) (S1)",,Home Decor and Showpieces,Y,vase,sand,423481442,2067019500,423481442-1725034005375-0
VL-776,"Burj Khalifa, Eiffel Tower, Big Ben Tower Combo Model Replica, Souvenir, Table Decorative Showpiece, Home Office Decor, Antique Finish, Metal - 18CM (Combo 1) Pack of 4 (COMBO-49)",,Home Decor and Showpieces,N,vase,peach,423490111,2067047155,423490111-1725034494538-0
VL-777,"Loud Alarm Clock for Heavy Sleepers, 4.5"", Silent Quartz, Back Light, Dual Clock Suitable for Adults, Retro Makes You a Punctual Person Silent Non-Ticking Bedside Alarm Clock,  Metal Structure, Retro Vintage Design with Twin Bell - Gold",,Table and Alarm Clocks,Y,clock,sage,424094742,2600224285,424094742-1762793221823-6
VL-778,"Loud Alarm Clock for Heavy Sleepers, 4.5"", Silent Quartz, Back Light, Dual Clock Suitable for Adults, Retro Makes You a Punctual Person Silent Non-Ticking Bedside Alarm Clock,  Metal Structure, Retro Vintage Design with Twin Bell - SILVER A",,Table and Alarm Clocks,Y,clock,gold,424094742,2600224286,424094742-1762793221823-7
VL-779,"Loud Alarm Clock for Heavy Sleepers, 4.5"", Silent Quartz, Back Light, Dual Clock Suitable for Adults, Retro Makes You a Punctual Person Silent Non-Ticking Bedside Alarm Clock,  Metal Structure, Retro Vintage Design with Twin Bell - Multicolor",,Table and Alarm Clocks,Y,clock,clay,424094742,2069862567,424094742-1725219874746-5
VL-780,"Loud Alarm Clock for Heavy Sleepers, 4.5"", Silent Quartz, Back Light, Dual Clock Suitable for Adults, Retro Makes You a Punctual Person Silent Non-Ticking Bedside Alarm Clock,  Metal Structure, Retro Vintage Design with Twin Bell - Silver",,Table and Alarm Clocks,Y,clock,sand,424094742,2069862566,424094742-1725219874746-4
VL-781,"Loud Alarm Clock for Heavy Sleepers, 4.5"", Silent Quartz, Back Light, Dual Clock Suitable for Adults, Retro Makes You a Punctual Person Silent Non-Ticking Bedside Alarm Clock,  Metal Structure, Retro Vintage Design with Twin Bell - Black",,Table and Alarm Clocks,Y,clock,peach,424094742,2069862565,424094742-1725219874746-3
VL-782,"Loud Alarm Clock for Heavy Sleepers, 4.5"", Silent Quartz, Back Light, Dual Clock Suitable for Adults, Retro Makes You a Punctual Person Silent Non-Ticking Bedside Alarm Clock,  Metal Structure, Retro Vintage Design with Twin Bell - Green",,Table and Alarm Clocks,N,clock,sage,424094742,2069862564,424094742-1725219874746-2
VL-783,"Loud Alarm Clock for Heavy Sleepers, 4.5"", Silent Quartz, Back Light, Dual Clock Suitable for Adults, Retro Makes You a Punctual Person Silent Non-Ticking Bedside Alarm Clock,  Metal Structure, Retro Vintage Design with Twin Bell - Blue",,Table and Alarm Clocks,Y,clock,gold,424094742,2069862563,424094742-1725219874746-1
VL-784,"Loud Alarm Clock for Heavy Sleepers, 4.5"", Silent Quartz, Back Light, Dual Clock Suitable for Adults, Retro Makes You a Punctual Person Silent Non-Ticking Bedside Alarm Clock,  Metal Structure, Retro Vintage Design with Twin Bell - Orange",,Table and Alarm Clocks,N,clock,clay,424094742,2069862562,424094742-1725219874746-0
VL-785,"Vintage Retro Alarm Clock with Silent Pointer, Round Number, Dual Bell, Bedside Night Light, Home Decor, Noisy Clocks - antique brass",,Table and Alarm Clocks,Y,clock,sand,424143053,2069870578,424143053-1725221260721-2
VL-786,"Vintage Retro Alarm Clock with Silent Pointer, Round Number, Dual Bell, Bedside Night Light, Home Decor, Noisy Clocks - Bronze",,Table and Alarm Clocks,Y,clock,peach,424143053,2069870577,424143053-1725221260721-1
VL-787,"Vintage Retro Alarm Clock with Silent Pointer, Round Number, Dual Bell, Bedside Night Light, Home Decor, Noisy Clocks - Silver",,Table and Alarm Clocks,Y,clock,sage,424143053,2069870576,424143053-1725221260721-0
VL-788,Western Vintage car Metal Crafts Figurine Statue Model,,Home Decor and Showpieces,Y,vase,gold,424166998,2070470638,424166998-1725253631826-0
VL-789,Shanghai Oriental Pearl TV Tower Ornaments Marker Dots Bronze Statue Decoration House #2,,Home Decor and Showpieces,Y,vase,clay,424461440,2071609036,424461440-1725295664084-0
VL-790,"Ins LED Crystal Lamp with Touch Sensor Switch, Bedroom Bedside Lamp, USB Rechargeable, Atmosphere Table Lamp, 3 Colors Acrylic Desk Light - Gold",,Lamps and Lighting,Y,lamp,sand,424504364,2071789997,424504364-1725324026757-0
VL-791,"Ins LED Crystal Lamp with Touch Sensor Switch, Bedroom Bedside Lamp, USB Rechargeable, Atmosphere Table Lamp, 3 Colors Acrylic Desk Light - Gold B",,Lamps and Lighting,Y,lamp,peach,424504364,2071789998,424504364-1725324026757-1
VL-792,Statue Sculpture Figurine Retro Wrought Iron Classic Car Model Home Accessories Ornaments Boys Handmade Creative Birthday Gifts Home Decor - Black,,Home Decor and Showpieces,Y,vase,sage,424513222,2071853253,424513222-1725327935739-1
VL-793,Statue Sculpture Figurine Retro Wrought Iron Classic Car Model Home Accessories Ornaments Boys Handmade Creative Birthday Gifts Home Decor - Multicolor,,Home Decor and Showpieces,Y,vase,gold,424513222,2071853252,424513222-1725327935739-0
VL-794,"100% hand-made, brand new, will last a long time due to the electroplating process involved in the creation.
Nuts and Bolts - Each of our cars is made of reusable metal parts and nuts and bolts, each of which is unique.
Materials - These stunning desk scu",,Home Decor and Showpieces,Y,vase,clay,424516114,2071832192,424516114-1725324658723-0
VL-795,"Touch Control Crystal Rechargeable Table Desk Lamp
 Night Lights",,Lamps and Lighting,Y,lamp,sand,424521272,2071876900,424521272-1725332335572-0
VL-796,"Vintage Gramophone Music Box, Mechanical Clockwork Musical Box for Home Classical Valentine's Day",,Home Decor and Showpieces,Y,vase,peach,429549269,2084096347,429549269-1725851412632-0
VL-797,"Desk Clock, Modern Simple Alarm Clock, 5 Inch Metal Desktop Clock, Silent and Non-Ticking, Home Decorative Clock, Easy to Read in The Office/Bedroom - Pink",,Table and Alarm Clocks,Y,clock,sage,431372982,2093428071,431372982-1726206040487-2
VL-798,"Desk Clock, Modern Simple Alarm Clock, 5 Inch Metal Desktop Clock, Silent and Non-Ticking, Home Decorative Clock, Easy to Read in The Office/Bedroom - Orange",,Table and Alarm Clocks,Y,clock,gold,431372982,2093428070,431372982-1726206040487-1
VL-799,"Desk Clock, Modern Simple Alarm Clock, 5 Inch Metal Desktop Clock, Silent and Non-Ticking, Home Decorative Clock, Easy to Read in The Office/Bedroom - Black",,Table and Alarm Clocks,Y,clock,clay,431372982,2093428069,431372982-1726206040487-0
VL-800,"Desk Clock, Modern Simple Alarm Clock, 5 Inch Metal Desktop Clock, Silent and Non-Ticking, Home Decorative Clock, Easy to Read in The Office/Bedroom - Multicolor",,Table and Alarm Clocks,Y,clock,sand,431372982,2093428074,431372982-1726206040487-5
VL-801,"Desk Clock, Modern Simple Alarm Clock, 5 Inch Metal Desktop Clock, Silent and Non-Ticking, Home Decorative Clock, Easy to Read in The Office/Bedroom - White",,Table and Alarm Clocks,Y,clock,peach,431372982,2093428073,431372982-1726206040487-4
VL-802,"Desk Clock, Modern Simple Alarm Clock, 5 Inch Metal Desktop Clock, Silent and Non-Ticking, Home Decorative Clock, Easy to Read in The Office/Bedroom - Grey",,Table and Alarm Clocks,Y,clock,sage,431372982,2093428072,431372982-1726206040487-3
VL-803,"Oil Lamps for Indoor Use, Vintage Kerosene Lamps for Indoor Use, Height 25 cm Vintage Style Clear Glass Kerosene Lamp with Carry Ring, Large Capacity Oil Lantern - Black",,Lamps and Lighting,Y,lamp,gold,431390509,2093365959,431390509-1726203985315-0
VL-804,"Oil Lamps for Indoor Use, Vintage Kerosene Lamps for Indoor Use, Height 25 cm Vintage Style Clear Glass Kerosene Lamp with Carry Ring, Large Capacity Oil Lantern - Grey",,Lamps and Lighting,Y,lamp,clay,431390509,2093365962,431390509-1726203985315-3
VL-805,"Oil Lamps for Indoor Use, Vintage Kerosene Lamps for Indoor Use, Height 25 cm Vintage Style Clear Glass Kerosene Lamp with Carry Ring, Large Capacity Oil Lantern - Multicolor",,Lamps and Lighting,Y,lamp,sand,431390509,2093365963,431390509-1726203985315-4
VL-806,"Oil Lamps for Indoor Use, Vintage Kerosene Lamps for Indoor Use, Height 25 cm Vintage Style Clear Glass Kerosene Lamp with Carry Ring, Large Capacity Oil Lantern - Red",,Lamps and Lighting,Y,lamp,peach,431390509,2093365960,431390509-1726203985315-1
VL-807,"Oil Lamps for Indoor Use, Vintage Kerosene Lamps for Indoor Use, Height 25 cm Vintage Style Clear Glass Kerosene Lamp with Carry Ring, Large Capacity Oil Lantern - Blue",,Lamps and Lighting,Y,lamp,sage,431390509,2093365961,431390509-1726203985315-2
VL-808,Small Fire Lamp Christmas Decoration Christmas Decoration Vintage Lantern Lanterns for Indoor Use Lantern Decoration Table Decoration Small Lantern Glass Battery,,Gifts and Seasonal,Y,vase,gold,431406192,2093357181,431406192-1726202728378-0
VL-809,"Crystal Rechargeable Table Touch Control Desk Lamp
 Night Lights - light mooon",,Lamps and Lighting,N,lamp,clay,433692998,2103765766,433692998-1726457010915-0
VL-810,"Crystal Rechargeable Table Touch Control Desk Lamp
 Night Lights - light star",,Lamps and Lighting,N,lamp,sand,433692998,2103765767,433692998-1726457010915-1
VL-811,"Crystal Rechargeable Table Touch Control Desk Lamp
 Night Lights - light round",,Lamps and Lighting,N,lamp,peach,433692998,2103765768,433692998-1726457010915-2
VL-812,"Pendulum Wall Clocks Antique Plastic Grandfather Wall Clock With Swinging Pendulum, Battery Operated Home Decor For Living Room-Brown",,Wall Clocks,Y,clock,sage,435639659,2110705728,435639659-1726687092719-0
VL-813,Flexi Incense Burner with Copper Plate,,Home Decor and Showpieces,Y,vase,gold,447627346,2190453879,447627346-1728659447593-0
VL-814,LED Desk Lamp for Kids Room Bedside Table Ambient Light,,Lamps and Lighting,Y,lamp,clay,447647401,2141464297,447647401-1727384048876-0
VL-815,Classical instrument music box home wine cabinet decoration violin and guitar octave box home decoration - guitar,,Bath and Storage,N,vase,sand,452165419,2162585058,452165419-1727758244207-2
VL-816,Classical instrument music box home wine cabinet decoration violin and guitar octave box home decoration - randomly,,Bath and Storage,Y,vase,peach,452165419,2162585059,452165419-1727758244207-3
VL-817,Classical instrument music box home wine cabinet decoration violin and guitar octave box home decoration - violin,,Bath and Storage,Y,vase,sage,452165419,2162585056,452165419-1727758244207-0
VL-818,Classical instrument music box home wine cabinet decoration violin and guitar octave box home decoration - Pipe,,Bath and Storage,Y,vase,gold,452165419,2162585057,452165419-1727758244207-1
VL-819,Creative Bear Pen Holder smart Alarm Clock Cartoon design Cute Children′s Clock Student Desktop Clock Bedside Table Clock,,Table and Alarm Clocks,Y,clock,clay,454473726,2182093016,454473726-1728376686460-0
VL-820,500ML Stainless Steel Thermo Vacuum Flask Gift Set | Office & Outdoor Thermos with Cup - Blue,,Bottles and Lunch Boxes,N,vase,sand,454564144,2183243113,454564144-1728378098195-1
VL-821,500ML Stainless Steel Thermo Vacuum Flask Gift Set | Office & Outdoor Thermos with Cup - Black,,Bottles and Lunch Boxes,Y,vase,peach,454564144,2183243112,454564144-1728378098195-0
VL-822,500ML Stainless Steel Thermo Vacuum Flask Gift Set | Office & Outdoor Thermos with Cup - Grey,,Bottles and Lunch Boxes,N,vase,sage,454564144,2183243115,454564144-1728378098195-3
VL-823,500ML Stainless Steel Thermo Vacuum Flask Gift Set | Office & Outdoor Thermos with Cup - Green,,Bottles and Lunch Boxes,Y,vase,gold,454564144,2183243114,454564144-1728378098195-2
VL-824,4 Inch Twin Bell Loud Alarm Clock Metal Frame 3D Dial with Backlight Battery Operate Desk Table Alarm Clock For Home and Office - Multicolor,,Table and Alarm Clocks,Y,clock,clay,454779782,2183333404,454779782-1728417034066-0
VL-825,"Led Vintage Kerosene Lamp Effect Table Lamp, Suitable For Indoor And Outdoor, Camping, Party, Festival Decoration - White",,Lamps and Lighting,N,lamp,sand,454794613,2183328914,454794613-1728418005038-2
VL-826,"Led Vintage Kerosene Lamp Effect Table Lamp, Suitable For Indoor And Outdoor, Camping, Party, Festival Decoration - Multicolor",,Lamps and Lighting,Y,lamp,peach,454794613,2183328915,454794613-1728418005038-3
VL-827,"Led Vintage Kerosene Lamp Effect Table Lamp, Suitable For Indoor And Outdoor, Camping, Party, Festival Decoration - Gold",,Lamps and Lighting,Y,lamp,sage,454794613,2183328912,454794613-1728418005037-0
VL-828,"Led Vintage Kerosene Lamp Effect Table Lamp, Suitable For Indoor And Outdoor, Camping, Party, Festival Decoration - Black",,Lamps and Lighting,Y,lamp,gold,454794613,2183328913,454794613-1728418005037-1
VL-829,"MKYOKO Loud Alarm Clock with Backlight Battery Operated Classic Retro Metal Twin Bell Travel Small Alarm Clocks for Kids Adults and Heavy Sleepers, Super Loud Alarm Clock for Heavy Sleepers,4 inches Twin Bell Alarm Clock with Backlight,Battery Operated,Si - Orange",,Table and Alarm Clocks,Y,clock,clay,454797575,2183346087,454797575-1728416656169-1
VL-830,"MKYOKO Loud Alarm Clock with Backlight Battery Operated Classic Retro Metal Twin Bell Travel Small Alarm Clocks for Kids Adults and Heavy Sleepers, Super Loud Alarm Clock for Heavy Sleepers,4 inches Twin Bell Alarm Clock with Backlight,Battery Operated,Si - Green",,Table and Alarm Clocks,N,clock,sand,454797575,2183346086,454797575-1728416656168-0
VL-831,"MKYOKO Loud Alarm Clock with Backlight Battery Operated Classic Retro Metal Twin Bell Travel Small Alarm Clocks for Kids Adults and Heavy Sleepers, Super Loud Alarm Clock for Heavy Sleepers,4 inches Twin Bell Alarm Clock with Backlight,Battery Operated,Si - Black",,Table and Alarm Clocks,Y,clock,peach,454797575,2183346091,454797575-1728416656169-5
VL-832,"MKYOKO Loud Alarm Clock with Backlight Battery Operated Classic Retro Metal Twin Bell Travel Small Alarm Clocks for Kids Adults and Heavy Sleepers, Super Loud Alarm Clock for Heavy Sleepers,4 inches Twin Bell Alarm Clock with Backlight,Battery Operated,Si - SILVER A",,Table and Alarm Clocks,Y,clock,sage,454797575,2600219396,454797575-1762793015631-7
VL-833,"MKYOKO Loud Alarm Clock with Backlight Battery Operated Classic Retro Metal Twin Bell Travel Small Alarm Clocks for Kids Adults and Heavy Sleepers, Super Loud Alarm Clock for Heavy Sleepers,4 inches Twin Bell Alarm Clock with Backlight,Battery Operated,Si - Blue",,Table and Alarm Clocks,Y,clock,gold,454797575,2183346090,454797575-1728416656169-4
VL-834,"MKYOKO Loud Alarm Clock with Backlight Battery Operated Classic Retro Metal Twin Bell Travel Small Alarm Clocks for Kids Adults and Heavy Sleepers, Super Loud Alarm Clock for Heavy Sleepers,4 inches Twin Bell Alarm Clock with Backlight,Battery Operated,Si - Multicolor",,Table and Alarm Clocks,Y,clock,clay,454797575,2183346089,454797575-1728416656169-3
VL-835,"MKYOKO Loud Alarm Clock with Backlight Battery Operated Classic Retro Metal Twin Bell Travel Small Alarm Clocks for Kids Adults and Heavy Sleepers, Super Loud Alarm Clock for Heavy Sleepers,4 inches Twin Bell Alarm Clock with Backlight,Battery Operated,Si - Silver",,Table and Alarm Clocks,Y,clock,sand,454797575,2183346088,454797575-1728416656169-2
VL-836,"MKYOKO Loud Alarm Clock with Backlight Battery Operated Classic Retro Metal Twin Bell Travel Small Alarm Clocks for Kids Adults and Heavy Sleepers, Super Loud Alarm Clock for Heavy Sleepers,4 inches Twin Bell Alarm Clock with Backlight,Battery Operated,Si - Gold",,Table and Alarm Clocks,Y,clock,peach,454797575,2600219395,454797575-1762793015631-6
VL-837,Muslim Ramadan Festival Decor Supplies Led Wind Lantern Pendant Eid Mubarak Light Ornament Ramadan Decoration For Home - Gold,,Gifts and Seasonal,Y,vase,sage,454798666,2183331867,454798666-1728419595071-0
VL-838,Muslim Ramadan Festival Decor Supplies Led Wind Lantern Pendant Eid Mubarak Light Ornament Ramadan Decoration For Home - Silver,,Gifts and Seasonal,Y,vase,gold,454798666,2183331869,454798666-1728419595071-2
VL-839,Muslim Ramadan Festival Decor Supplies Led Wind Lantern Pendant Eid Mubarak Light Ornament Ramadan Decoration For Home - Black,,Gifts and Seasonal,Y,vase,clay,454798666,2183331868,454798666-1728419595071-1
VL-840,4 Inch Twin Bell Loud Alarm Clock Metal Frame 3D Dial with Backlight Battery Operate Desk Table Alarm Clock For Home and Office - Black,,Table and Alarm Clocks,Y,clock,sand,454831072,2183290805,454831072-1728415462905-0
VL-841,"Digital Alarm Clock LED Digital Desk Clock Table Electronic Clock Sound Control Backlight Alarm Clocks Bedroom Bedside Kid Home Decor Despertador 4.3"" LED Display with Tempe - Black",,Table and Alarm Clocks,Y,clock,peach,454923207,2183759355,454923207-1728444660600-0
VL-842,"Digital Alarm Clock LED Digital Desk Clock Table Electronic Clock Sound Control Backlight Alarm Clocks Bedroom Bedside Kid Home Decor Despertador 4.3"" LED Display with Tempe - Green",,Table and Alarm Clocks,Y,clock,sage,454923207,2183759357,454923207-1728444660600-2
VL-843,"Digital Alarm Clock LED Digital Desk Clock Table Electronic Clock Sound Control Backlight Alarm Clocks Bedroom Bedside Kid Home Decor Despertador 4.3"" LED Display with Tempe - Blue",,Table and Alarm Clocks,Y,clock,gold,454923207,2183759356,454923207-1728444660600-1
VL-844,"Digital Alarm Clock LED Digital Desk Clock Table Electronic Clock Sound Control Backlight Alarm Clocks Bedroom Bedside Kid Home Decor Despertador 4.3"" LED Display with Tempe - Multicolor",,Table and Alarm Clocks,Y,clock,clay,454923207,2183759359,454923207-1728444660601-4
VL-845,"Digital Alarm Clock LED Digital Desk Clock Table Electronic Clock Sound Control Backlight Alarm Clocks Bedroom Bedside Kid Home Decor Despertador 4.3"" LED Display with Tempe - Pink",,Table and Alarm Clocks,Y,clock,sand,454923207,2183759358,454923207-1728444660601-3
VL-846,"Adorable Mini Digital Alarm Clock - Small Bedroom Bedside Table Clock with Colorful Design - Perfect Back to School Gift for Students, No Battery Included - Black",,Table and Alarm Clocks,N,clock,peach,454942120,2183776765,454942120-1728445454886-0
VL-847,"Adorable Mini Digital Alarm Clock - Small Bedroom Bedside Table Clock with Colorful Design - Perfect Back to School Gift for Students, No Battery Included - Pink",,Table and Alarm Clocks,N,clock,sage,454942120,2183776767,454942120-1728445454886-2
VL-848,"Adorable Mini Digital Alarm Clock - Small Bedroom Bedside Table Clock with Colorful Design - Perfect Back to School Gift for Students, No Battery Included - Blue",,Table and Alarm Clocks,N,clock,gold,454942120,2183776766,454942120-1728445454886-1
VL-849,"Adorable Mini Digital Alarm Clock - Small Bedroom Bedside Table Clock with Colorful Design - Perfect Back to School Gift for Students, No Battery Included - Multicolor",,Table and Alarm Clocks,N,clock,clay,454942120,2183776769,454942120-1728445454886-4
VL-850,"Adorable Mini Digital Alarm Clock - Small Bedroom Bedside Table Clock with Colorful Design - Perfect Back to School Gift for Students, No Battery Included - White",,Table and Alarm Clocks,Y,clock,sand,454942120,2183776768,454942120-1728445454886-3
VL-851,"Mumuso Ramadan Hexagonal Wind Lamp, Gold Ramadan Lantern Lamp EID Mubarak LED Light Ornaments Muslim Party Hang Decor Ramadan Mubarak Decoration LED Night Lamp, Warm Yellow Light - Muslim Eid Crafts Lantern Pendant - Built-in 3LR44 Button Battery - Home B - Multicolor",,Gifts and Seasonal,Y,vase,peach,455198790,2184759086,455198790-1728473471320-0
VL-852,"Mumuso Ramadan Hexagonal Wind Lamp, Gold Ramadan Lantern Lamp EID Mubarak LED Light Ornaments Muslim Party Hang Decor Ramadan Mubarak Decoration LED Night Lamp, Warm Yellow Light - Muslim Eid Crafts Lantern Pendant - Built-in 3LR44 Button Battery - Home B - Gold",,Gifts and Seasonal,Y,vase,sage,455198790,2184759087,455198790-1728473471320-1
VL-853,"Mumuso Ramadan Hexagonal Wind Lamp, Gold Ramadan Lantern Lamp EID Mubarak LED Light Ornaments Muslim Party Hang Decor Ramadan Mubarak Decoration LED Night Lamp, Warm Yellow Light - Muslim Eid Crafts Lantern Pendant - Built-in 3LR44 Button Battery - Home B - Black",,Gifts and Seasonal,Y,vase,gold,455198790,2184759088,455198790-1728473471320-2
VL-854,"Mumuso Ramadan Hexagonal Wind Lamp, Gold Ramadan Lantern Lamp EID Mubarak LED Light Ornaments Muslim Party Hang Decor Ramadan Mubarak Decoration LED Night Lamp, Warm Yellow Light - Muslim Eid Crafts Lantern Pendant - Built-in 3LR44 Button Battery - Home B - Red",,Gifts and Seasonal,Y,vase,clay,455198790,2184759089,455198790-1728473471320-3
VL-855,"Mumuso Ramadan Hexagonal Wind Lamp, Gold Ramadan Lantern Lamp EID Mubarak LED Light Ornaments Muslim Party Hang Decor Ramadan Mubarak Decoration LED Night Lamp, Warm Yellow Light - Muslim Eid Crafts Lantern Pendant - Built-in 3LR44 Button Battery - Home B - Silver",,Gifts and Seasonal,N,vase,sand,455198790,2184759090,455198790-1728473471320-4
VL-856,"Unique Trapezoidal Ramadan Decoration Table Lamp - LED Electronic Candle Lantern with Six-Sided Carved Hollow Design - Festival Home Decor, Atmosphere Lighting, Ornament Props for Ramadan and Home Celebration - Black",,Lamps and Lighting,Y,lamp,peach,455236081,2184715352,455236081-1728472730246-1
VL-857,"Unique Trapezoidal Ramadan Decoration Table Lamp - LED Electronic Candle Lantern with Six-Sided Carved Hollow Design - Festival Home Decor, Atmosphere Lighting, Ornament Props for Ramadan and Home Celebration - Silver",,Lamps and Lighting,Y,lamp,sage,455236081,2184715353,455236081-1728472730246-2
VL-858,"Unique Trapezoidal Ramadan Decoration Table Lamp - LED Electronic Candle Lantern with Six-Sided Carved Hollow Design - Festival Home Decor, Atmosphere Lighting, Ornament Props for Ramadan and Home Celebration - Multicolor",,Lamps and Lighting,Y,lamp,gold,455236081,2184715354,455236081-1728472730246-3
VL-859,"Unique Trapezoidal Ramadan Decoration Table Lamp - LED Electronic Candle Lantern with Six-Sided Carved Hollow Design - Festival Home Decor, Atmosphere Lighting, Ornament Props for Ramadan and Home Celebration - White",,Lamps and Lighting,Y,lamp,clay,455236081,2184715355,455236081-1728472730246-4
VL-860,"Unique Trapezoidal Ramadan Decoration Table Lamp - LED Electronic Candle Lantern with Six-Sided Carved Hollow Design - Festival Home Decor, Atmosphere Lighting, Ornament Props for Ramadan and Home Celebration - Gold",,Lamps and Lighting,N,lamp,sand,455236081,2184715351,455236081-1728472730246-0
VL-861,Large Soft & Comfortable Newborn Baby Bedding Set with Protective Mosquito Net & 3 Pillows - Blue,,Home Textiles and Bedding,Y,vase,peach,455251995,2184905551,455251995-1728482707722-1
VL-862,Large Soft & Comfortable Newborn Baby Bedding Set with Protective Mosquito Net & 3 Pillows - Pink,,Home Textiles and Bedding,Y,vase,sage,455251995,2184905550,455251995-1728482707722-0
VL-863,Large Soft & Comfortable Newborn Baby Bedding Set with Protective Mosquito Net & 3 Pillows - Red,,Home Textiles and Bedding,Y,vase,gold,455251995,2184905552,455251995-1728482707722-2
VL-864,Compas wall clock living room creative clock net red wall lamp restaurant home fashion wall clock silent swing clock - Multicolor,,Wall Clocks,Y,clock,clay,455334556,2190445422,455334556-1728658451789-0
VL-865,"Smartwatch and Jewelry Set, Watch, Necklace, Ring, Earrings, Bracelet, Charging Cable Included",,Watches and Fashion,N,vase,sand,455339613,2190458519,455339613-1728659120587-0
VL-866,Multifunction Metal Mesh Office Desk Organizer Pen Business Card Holder Stationery Organizer - Black,,Office and Stationery,N,vase,peach,455364161,2185280758,455364161-1728513255496-0
VL-867,Multifunction Metal Mesh Office Desk Organizer Pen Business Card Holder Stationery Organizer - Multicolor,,Office and Stationery,Y,vase,sage,455364161,2185280759,455364161-1728513255496-1
VL-868,desktop table promotion custom multi purpose single stand office mesh metal black pencil cup pen holder,,Office and Stationery,Y,vase,gold,455373054,2185340220,455373054-1728514051648-0
VL-869,Swing Decoration pendulum Wall Clock movement Luxury Decoration Modern Fashion 3D Digital Silent Living Room Clock Table - White,,Table and Alarm Clocks,N,clock,clay,456383238,2190356380,456383238-1728656222967-2
VL-870,Swing Decoration pendulum Wall Clock movement Luxury Decoration Modern Fashion 3D Digital Silent Living Room Clock Table - Gold,,Table and Alarm Clocks,N,clock,sand,456383238,2190356378,456383238-1728656222967-0
VL-871,Swing Decoration pendulum Wall Clock movement Luxury Decoration Modern Fashion 3D Digital Silent Living Room Clock Table - Multicolor,,Table and Alarm Clocks,N,clock,peach,456383238,2190356379,456383238-1728656222967-1
VL-872,wall clock dual-purpose rectangular classic style silent grandfather pendulum wall clock,"Piano paint plastic frame.
Metal pointer copper sleeve reinforcement, travel time on time.
Highly transparent plane anti-fog glass with clear digital scale.
Diamond clock pendulum music, diamond decoration, quiet swing.
When the time of independent power supply, timekeeping volume can be adjusted.
Product Dimensions 20""W x 20""H
Power Source Battery Powered",Wall Clocks,Y,clock,sage,457220269,2194463322,457220269-1728825991043-0
VL-873,"10 in 1 Magnet Kit Stress Releaf Project Ceramic Educational Teamwork Matching Skills Fun,Science Magnetic Balls Art & Craft Bar/Ring/Thread/Car Magnets",,Toys and Games,Y,vase,gold,457471377,2196453777,457471377-1728895647977-0
VL-874,Wall Clock Silent Gold Round Wall Clock Wall Art Wall Clock Living Room Home Decoration Wall Clock Room Decoration (D As show),,Wall Clocks,Y,clock,clay,457739603,2196695467,457739603-1728923087771-0
VL-875,European style living room large silent double-sided wall clock creative modern quartz wall clock,,Wall Clocks,Y,clock,sand,457759136,2196622489,457759136-1728921030987-0
VL-876,Balance eagle tower desktop decoration balance model alloy Eiffel bird dining table cabinet table ornament metal decoration office desk ornament modern home decor sculpture,,Home Decor and Showpieces,Y,vase,peach,468367852,2253507696,468367852-1730200477536-0
VL-877,Cute Chicken Egg-Shaped Cartoon Alarm Clock for Kids | 8.5 cm Analog Desk Clock | Bedroom Decor | Best Return Birthday Gift for Boys & Girls,,Table and Alarm Clocks,Y,clock,sage,468782980,2257293768,468782980-1730262232141-0
VL-878,Yellow Duck LED Night Light Auto Lamp Kid Room Beside Lights Cute EU / US Plug,,Lamps and Lighting,Y,lamp,gold,468942257,2257885109,468942257-1730267158010-0
VL-879,desktop table promotion custom multi purpose single stand office mesh metal black pencil cup pen holder,,Office and Stationery,Y,vase,clay,473900118,2275737129,455373054_BD-2185340220_11tkDeal
VL-880,"Glass Little Message Bottle, for Gift Purpose, Birthday & Other Occasion Secret Message Bottle - Transparent",,Gifts and Seasonal,Y,vase,sand,473930902,2276169644,320594415_BD-1484147182_11tkDeal
VL-881,Colorful LED Optic Fiber Flower Light Star Sky Shaped Valentine Party Lamp Day Atmosphere Home Decoration Night Festival,,Lamps and Lighting,Y,lamp,peach,475051167,2284750123,475051167-1730866451576-0
VL-882,Battery Operated Led Candle Flameless Flickering Fake Candle Multicolor Color Lamp Birthday Party Tealights,,Candles and Holders,Y,vase,sage,478819349,2303311748,478819349-1731258482990-2
VL-883,Compas wall clock living room creative clock net red wall lamp restaurant home fashion wall clock silent swing clock - Multicolor,,Wall Clocks,Y,clock,gold,484337555,2338680494,484337555-1732163127900-0
VL-884,Boat Pen holder Mini Boat Nautical Souvenirs Sailor Souvenir Boat - Multicolor,,Office and Stationery,Y,vase,clay,511331075,2454403915,511331075-1735565508542-0
VL-885,Boat Pen holder Mini Boat Nautical Souvenirs Sailor Souvenir Boat - Purple,,Office and Stationery,Y,vase,sand,511331075,2454403917,511331075-1735565508542-2
VL-886,Boat Pen holder Mini Boat Nautical Souvenirs Sailor Souvenir Boat - Green,,Office and Stationery,Y,vase,peach,511331075,2454403916,511331075-1735565508542-1
VL-887,Squid Game Face-Mask - Premium Quality for Fans,,Toys and Games,N,vase,sage,522627369,2518917919,522627369-1737690826449-0
VL-888,"Ramadan, Eid , Simulation Fire Wind Lamp Portable Small Halloween LED Light Decor Eid,Ramadan",,Gifts and Seasonal,Y,vase,gold,526295746,2536465197,526295746-1740931465644-0
VL-889,Ramadan Lantern Decor Plastic LED Eid Mubarak Lamp Exquisite Battery Powered Ramadan Festival Light Home for Tabletop Decor,,Gifts and Seasonal,Y,vase,clay,526299686,2536438820,526299686-1740928378388-0
VL-890,"Simulation Fire Wind Lamp Portable Small Halloween LED Light Decor Eid,Ramadan",,Gifts and Seasonal,Y,vase,sand,526299745,2536470012,526299745-1740930928157-0
VL-891,Led Candle Flameless Flickering Fake Candle Multicolor Color Lamp Birthday Party Tealights Battery Operated quantity 01pcs,,Gifts and Seasonal,Y,vase,peach,526580297,2580233072,526580297-1757176260633-0
VL-892,"Lotus Lamp Led Candle Electronic LED Candle Set Lighting Wedding Party Festival Decorations Led Candle

Perfect for Eid , Ramadan",,Candles and Holders,Y,vase,sage,526585375,2537413208,526585375-1741340801832-0
VL-893,Stylish Trendy Sunglass | DR 1001 D,,Watches and Fashion,Y,vase,gold,529107788,2545029617,529107788-1745087310563-0
VL-894,Happy Time Bear Desk Clock for Kids,,Table and Alarm Clocks,Y,clock,clay,529115832,2545070184,529115832-1745093084749-0
VL-895,"Vintage Rose Tower Desk Clock - Quartz Alarm Clock with Ornate Design, Battery-Powered (AA) for Home, Office, Study - Ideal for Bookshelf, Living Room Decor & Special Occasions like Valentine's & Easter",,Table and Alarm Clocks,Y,clock,sand,529641295,2546157861,529641295-1745518665505-0
VL-896,New Robot Alarm Clock Fashion Personality Creative Alarm Clock Student Bedside Clock Home Alarm Clock Hand Quartz Digital Table Alarm Clock,,Table and Alarm Clocks,Y,clock,peach,529881991,2546644571,529881991-1746008019332-0
VL-897,Flat Eagle Kite 1.1m Flying Bird Kite With 30 Meter Kite Line Large Kite Kids Gift Family Trips Garden Outdoor Sports DIY Toy,,Home Decor and Showpieces,Y,vase,sage,529962859,2546771456,529962859-1746416859048-0
VL-898,"Acrylic Plastic Battery Operated Mini Lantern | LED Lamp Candle for Vintage Antique Decoration (Square, 1)",,Candles and Holders,Y,vase,gold,529998670,2546798945,529998670-1746512307235-0
VL-899,"1:160 Scale Airbus A380 Airplane Model (45cm) – Passenger Aircraft Toy for Kids & Adults, DIY Assembly Kit, Home & Office Decor, Gift Item",,Toys and Games,Y,vase,clay,530178020,2546891462,530178020-1746598999624-0
VL-900,Cute Mini Metal Alarm Clock Portable Creative 5cm Clockin Bedroom Home Decoration,,Table and Alarm Clocks,Y,clock,sand,530250935,2547022600,530250935-1746854731150-0
VL-901,"Ceramic Flower Vase for Home Decoration – Elegant Indoor Vases for Living Room, Bedroom & Tabletop Decor",,Home Decor and Showpieces,Y,vase,peach,530307931,2547076645,530307931-1746994726103-0
VL-902,3 PIECE WALL BUTTERFLY MIRRORS,,Mirrors and Frames,Y,mirror,sage,530316067,2547039225,530316067-1746856587099-0
VL-903,"12 PCS Gold 3D Butterfly Wall Stickers – Elegant Art Decal for Room, Wedding, Party & Home Decoration","Add a touch of elegance and charm to your home, party, or event with this 12 PCS Gold 3D Butterfly Wall Sticker Set. These stylish hollow-design butterflies are lightweight, easy to apply, and perfect for decorating walls, cakes, or gift packaging. Whether you're hosting a wedding, birthday, or simply refreshing your room, these butterflies will bring a magical atmosphere anywhere.
---
Key Features:
Quantity: 12 PCS
Color: Shiny Gold
Material: High-quality PVC (lightweight & durable)
Design: 3D hollow-cut butterfly with adhesive backing
Easy to Use: Just peel and stick – removable without damaging the wall
Multi-Purpose Use: Ideal for wall decor, cake toppers, weddings, baby showers, birthdays, parties, room decoration, and gift packaging
Size: Mixed sizes for a realistic and artistic look
Reusable: Can be removed and used again if handled carefully
---
Perfect For:
Bedroom & living room wall decoration
Wedding or birthday event backdrop
Baby shower decoration
Party cake or cupcake topper
DIY crafts and gifts",Home Decor and Showpieces,Y,vase,gold,530326019,2547048151,530326019-1746862640514-0
VL-904,1.1m Large Eagle Kite for Kids & Family – Includes 30m Flying Line – Outdoor Garden Fun Toy,,Toys and Games,Y,vase,clay,530341707,2547158090,530341707-1747067276967-0
VL-905,"Crystal LED Table Lamp – Modern Scandinavian Design with Soft Light for Bedroom, Living Room & Home Decor",,Lamps and Lighting,Y,lamp,sand,530359200,2547097584,530359200-1747057130818-0
VL-906,"Crystal Makeup Brush Holder – Elegant Cosmetic Organizer & Gift Idea for Eid, Christmas, Birthday & Anniversary",,Bath and Storage,Y,vase,peach,530501691,2548030429,530501691-1747361265486-0
VL-907,"14.2cm Rotating World Globe for Kids & Adults – Stainless Steel Stand, Clear Map for Geography Learning & Home Office Decoration - Blue","Explore the world from your desk with this 14.2cm Rotating World Globe, perfect for learners of all ages. Featuring a highly detailed map with clear labeling, it’s a great tool for geography education and an eye-catching decoration.
Built with a sturdy stainless steel stand, this globe offers a premium and durable design. Its smooth 360° rotation allows for easy viewing of continents, countries, and oceans — encouraging curiosity and learning.
Whether you’re a student, a teacher, or simply love to travel, this globe makes a great educational resource and stylish addition to any room or office.",Toys and Games,N,vase,sage,530509718,2548082944,530509718-1747391317139-0
VL-908,"14.2cm Rotating World Globe for Kids & Adults – Stainless Steel Stand, Clear Map for Geography Learning & Home Office Decoration - White","Explore the world from your desk with this 14.2cm Rotating World Globe, perfect for learners of all ages. Featuring a highly detailed map with clear labeling, it’s a great tool for geography education and an eye-catching decoration.
Built with a sturdy stainless steel stand, this globe offers a premium and durable design. Its smooth 360° rotation allows for easy viewing of continents, countries, and oceans — encouraging curiosity and learning.
Whether you’re a student, a teacher, or simply love to travel, this globe makes a great educational resource and stylish addition to any room or office.",Toys and Games,N,vase,gold,530509718,2548082945,530509718-1747391317139-1
VL-909,"Educational 10.6cm World Globe for Kids – Rotating Map for Geography Learning, Clear Details, Perfect for Classroom & Desk Decor - Blue","Help your child discover the world with this 10.6cm Educational World Globe, designed to make learning geography fun and engaging. The globe features vibrant, easy-to-read maps with clearly marked countries, continents, and oceans.
With a smooth 360° rotating axis, kids can spin the globe to explore different regions and cultures. It’s an excellent educational tool for classrooms, homeschooling, or even as a decorative piece on a desk or bookshelf.
Crafted from durable, lightweight materials, this globe is safe for children and designed to last. Whether it’s for personal learning, school projects, or a thoughtful gift — this mini globe is the perfect size and tool to spark curiosity.",Toys and Games,Y,vase,clay,530511690,2548089973,530511690-1747389219485-0
VL-910,"Educational 10.6cm World Globe for Kids – Rotating Map for Geography Learning, Clear Details, Perfect for Classroom & Desk Decor - White","Help your child discover the world with this 10.6cm Educational World Globe, designed to make learning geography fun and engaging. The globe features vibrant, easy-to-read maps with clearly marked countries, continents, and oceans.
With a smooth 360° rotating axis, kids can spin the globe to explore different regions and cultures. It’s an excellent educational tool for classrooms, homeschooling, or even as a decorative piece on a desk or bookshelf.
Crafted from durable, lightweight materials, this globe is safe for children and designed to last. Whether it’s for personal learning, school projects, or a thoughtful gift — this mini globe is the perfect size and tool to spark curiosity.",Toys and Games,Y,vase,sand,530511690,2548089974,530511690-1747389219485-1
VL-911,"LED Small Candle Lanterns Decorative, Tea Light Lantern Decoration, Black Hanging Decorative Lantern, Table Centerpiece for Wedding Xmas Ramadan Decor, Battery Included","🔹 Product Details
Product Name: LED Small Candle Lantern Decorative
Material: Durable plastic with LED tea light
Color: Black
Light Type: LED tea light (battery operated)
Battery: Included (replaceable)
Size: Small (portable)
Usage: Hanging or tabletop decoration
Occasions: Wedding, Xmas, Ramadan, Party, Home Decor
Package Includes: 1 × LED Decorative Lantern with Battery",Gifts and Seasonal,Y,vase,peach,530511719,2548105680,530511719-1747394111342-0
VL-912,"Heart-Shaped Makeup Brush Holder – Cosmetic Storage Cup for Eyeliner, Pencils & Desk | Gift Idea for Eid, Christmas, Birthday & Anniversary","Add a luxurious touch to your vanity or workspace with this Golden Heart-Shaped Makeup Brush Holder. Crafted from durable and lightweight plastic, this stylish organizer is perfect for holding makeup brushes, eyebrow pencils, eyeliners, or even pens and office supplies.
Its eye-catching golden color and compact design (110 mm x 120 mm) make it a beautiful and functional addition to any dressing table, bathroom, or desk. Whether you're organizing cosmetics or stationery, this multi-purpose holder adds both elegance and convenience.
Looking for a thoughtful gift? This heart-shaped holder makes a charming present for Eid, Christmas, birthdays, or anniversaries.",Bath and Storage,Y,vase,sage,530527246,2548045509,530527246-1747362272109-0
VL-913,"Ramadan LED Candle Lantern – Decorative Moonlight Lamp for Eid Mubarak, Battery Operated Hanging Night Light","Celebrate the holy month with this beautiful Ramadan LED Candle Lantern, specially designed to add a warm, festive glow to your home. Featuring an Islamic crescent moon design, this flameless and smokeless lantern is battery-operated, making it safe for indoor use and perfect around children.
Whether you're decorating for Iftar, Eid Mubarak, or everyday Ramadan ambiance, this lantern works wonderfully as a tabletop centerpiece or hanging night light. Reusable and lightweight, it's a thoughtful addition to your spiritual celebration or a gift for loved ones.
Let your home shine with peace, beauty, and blessings this Ramadan!",Gifts and Seasonal,Y,vase,gold,530787945,2548732890,530787945-1747678999388-0
VL-914,"Violin-Shaped Alarm Clock with Pen Holder – Creative Musical Desk Clock for Bedroom, Living Room & Gift Decor - White","Add a touch of musical charm to your room with this Violin-Shaped Alarm Clock with Pen Holder. Designed to look like a miniature violin, this clock blends functionality with artistic beauty, making it a standout piece on any desk or shelf.
It runs on a standard AA battery (not included) and includes an integrated pen holder, perfect for keeping your desk tidy and stylish. Whether placed in the bedroom, study, or office, this clock is both useful and decorative.
A wonderful gift idea for music lovers, students, or anyone who appreciates creative home decor.",Table and Alarm Clocks,N,clock,clay,530789841,2548751406,530789841-1747672526221-0
VL-915,"Violin-Shaped Alarm Clock with Pen Holder – Creative Musical Desk Clock for Bedroom, Living Room & Gift Decor - Red","Add a touch of musical charm to your room with this Violin-Shaped Alarm Clock with Pen Holder. Designed to look like a miniature violin, this clock blends functionality with artistic beauty, making it a standout piece on any desk or shelf.
It runs on a standard AA battery (not included) and includes an integrated pen holder, perfect for keeping your desk tidy and stylish. Whether placed in the bedroom, study, or office, this clock is both useful and decorative.
A wonderful gift idea for music lovers, students, or anyone who appreciates creative home decor.",Table and Alarm Clocks,Y,clock,sand,530789841,2548751407,530789841-1747672526221-1
VL-916,"Everlasting LED Rose in Glass Dome – Romantic Gift for Valentine’s Day, Anniversary, Eid,Christmas & Home Decor","Celebrate love with this Everlasting LED Rose in a Glass Dome, a timeless symbol of romance and affection. Crafted with a beautifully preserved rose and surrounded by soft, glowing LED lights, this piece is perfect for creating a warm and cozy atmosphere.
The glass dome protects the rose while adding a touch of elegance to your bedroom, living room, or office decor. Battery-powered and wire-free, it’s easy to set up anywhere as a decorative piece or a thoughtful gift.
Whether for Valentine’s Day, anniversaries, weddings, or Christmas, this glowing rose is a charming way to express your love.",Gifts and Seasonal,Y,vase,peach,530872513,2548724808,530872513-1747670906017-0
VL-917,Floating Cruise Ship Drift Bottle – Acrylic Liquid Motion Desk & Car Decor | Mini Ship in a Bottle Novelty Gift,"Material: High-quality acrylic
Design: Miniature cruise ship inside fluid-filled bottle
Size: Approx. 14.5 × 5 × 5.2 cm
Function: Decorative + Relaxing fluid drift effect
Uses: Home décor, office, car dashboard, gift item
Recommended For: Children, nautical lovers, desk décor fans
Colors & design: May vary slightly due to lighting and stock availability",Home Decor and Showpieces,Y,vase,sage,530874933,2548808242,530874933-1747704854343-0
VL-918,3D Rotatable Sand Art Hourglass – Moving Quicksand Painting in Round Glass Frame for Home Decor & Gifts - Pink,"Bring relaxation and creativity into your space with this 3D Rotatable Sand Art Hourglass. Designed with a round glass frame and filled with moving sand, it creates a captivating deep sea sandscape every time you rotate it.
The flowing sand forms stunning natural patterns, making it a perfect decorative item for your living room, office, or study table. It's also a great stress-relief tool, offering a calming visual experience.
An excellent choice for gifting on special occasions like birthdays, housewarmings, or for anyone who appreciates artistic and modern decor",Home Decor and Showpieces,Y,vase,gold,530875831,2548786043,530875831-1747687554618-1
VL-919,3D Rotatable Sand Art Hourglass – Moving Quicksand Painting in Round Glass Frame for Home Decor & Gifts - Blue,"Bring relaxation and creativity into your space with this 3D Rotatable Sand Art Hourglass. Designed with a round glass frame and filled with moving sand, it creates a captivating deep sea sandscape every time you rotate it.
The flowing sand forms stunning natural patterns, making it a perfect decorative item for your living room, office, or study table. It's also a great stress-relief tool, offering a calming visual experience.
An excellent choice for gifting on special occasions like birthdays, housewarmings, or for anyone who appreciates artistic and modern decor",Home Decor and Showpieces,Y,vase,clay,530875831,2548786042,530875831-1747687554618-0
VL-920,3D Rotatable Sand Art Hourglass – Moving Quicksand Painting in Round Glass Frame for Home Decor & Gifts - Multicolor,"Bring relaxation and creativity into your space with this 3D Rotatable Sand Art Hourglass. Designed with a round glass frame and filled with moving sand, it creates a captivating deep sea sandscape every time you rotate it.
The flowing sand forms stunning natural patterns, making it a perfect decorative item for your living room, office, or study table. It's also a great stress-relief tool, offering a calming visual experience.
An excellent choice for gifting on special occasions like birthdays, housewarmings, or for anyone who appreciates artistic and modern decor",Home Decor and Showpieces,Y,vase,sand,530875831,2548786046,530875831-1747687554618-4
VL-921,3D Rotatable Sand Art Hourglass – Moving Quicksand Painting in Round Glass Frame for Home Decor & Gifts - White,"Bring relaxation and creativity into your space with this 3D Rotatable Sand Art Hourglass. Designed with a round glass frame and filled with moving sand, it creates a captivating deep sea sandscape every time you rotate it.
The flowing sand forms stunning natural patterns, making it a perfect decorative item for your living room, office, or study table. It's also a great stress-relief tool, offering a calming visual experience.
An excellent choice for gifting on special occasions like birthdays, housewarmings, or for anyone who appreciates artistic and modern decor",Home Decor and Showpieces,Y,vase,peach,530875831,2548786045,530875831-1747687554618-3
VL-922,3D Rotatable Sand Art Hourglass – Moving Quicksand Painting in Round Glass Frame for Home Decor & Gifts - Yellow,"Bring relaxation and creativity into your space with this 3D Rotatable Sand Art Hourglass. Designed with a round glass frame and filled with moving sand, it creates a captivating deep sea sandscape every time you rotate it.
The flowing sand forms stunning natural patterns, making it a perfect decorative item for your living room, office, or study table. It's also a great stress-relief tool, offering a calming visual experience.
An excellent choice for gifting on special occasions like birthdays, housewarmings, or for anyone who appreciates artistic and modern decor",Home Decor and Showpieces,Y,vase,sage,530875831,2548786044,530875831-1747687554618-2
VL-923,"ColourBright 30-Minute Large Sand Timer – Modern Hourglass with Colored Sand for Home, Office & Study Decor - Blue","Duration: 30 minutes
Size: Large (exact dimensions optional, e.g., ~16–20cm height)
Material: High-quality glass + colored sand
Color Options: Available in multiple bright sand colors (Blue, Pink, Green, etc.)
Uses: Study timer, meditation tool, decorative showpiece, corporate gift
Perfect For: Students, teachers, office desk, home library, or as a gift",Table and Alarm Clocks,Y,clock,gold,530884444,2548795579,530884444-1747705686045-0
VL-924,"ColourBright 30-Minute Large Sand Timer – Modern Hourglass with Colored Sand for Home, Office & Study Decor - Black","Duration: 30 minutes
Size: Large (exact dimensions optional, e.g., ~16–20cm height)
Material: High-quality glass + colored sand
Color Options: Available in multiple bright sand colors (Blue, Pink, Green, etc.)
Uses: Study timer, meditation tool, decorative showpiece, corporate gift
Perfect For: Students, teachers, office desk, home library, or as a gift",Table and Alarm Clocks,Y,clock,clay,530884444,2548795583,530884444-1747705686046-4
VL-925,"ColourBright 30-Minute Large Sand Timer – Modern Hourglass with Colored Sand for Home, Office & Study Decor - Yellow","Duration: 30 minutes
Size: Large (exact dimensions optional, e.g., ~16–20cm height)
Material: High-quality glass + colored sand
Color Options: Available in multiple bright sand colors (Blue, Pink, Green, etc.)
Uses: Study timer, meditation tool, decorative showpiece, corporate gift
Perfect For: Students, teachers, office desk, home library, or as a gift",Table and Alarm Clocks,Y,clock,sand,530884444,2548795582,530884444-1747705686046-3
VL-926,"ColourBright 30-Minute Large Sand Timer – Modern Hourglass with Colored Sand for Home, Office & Study Decor - Orange","Duration: 30 minutes
Size: Large (exact dimensions optional, e.g., ~16–20cm height)
Material: High-quality glass + colored sand
Color Options: Available in multiple bright sand colors (Blue, Pink, Green, etc.)
Uses: Study timer, meditation tool, decorative showpiece, corporate gift
Perfect For: Students, teachers, office desk, home library, or as a gift",Table and Alarm Clocks,Y,clock,peach,530884444,2548795581,530884444-1747705686046-2
VL-927,"ColourBright 30-Minute Large Sand Timer – Modern Hourglass with Colored Sand for Home, Office & Study Decor - Green","Duration: 30 minutes
Size: Large (exact dimensions optional, e.g., ~16–20cm height)
Material: High-quality glass + colored sand
Color Options: Available in multiple bright sand colors (Blue, Pink, Green, etc.)
Uses: Study timer, meditation tool, decorative showpiece, corporate gift
Perfect For: Students, teachers, office desk, home library, or as a gift",Table and Alarm Clocks,Y,clock,sage,530884444,2548795580,530884444-1747705686046-1
VL-928,"ColourBright 30-Minute Large Sand Timer – Modern Hourglass with Colored Sand for Home, Office & Study Decor - Multicolor","Duration: 30 minutes
Size: Large (exact dimensions optional, e.g., ~16–20cm height)
Material: High-quality glass + colored sand
Color Options: Available in multiple bright sand colors (Blue, Pink, Green, etc.)
Uses: Study timer, meditation tool, decorative showpiece, corporate gift
Perfect For: Students, teachers, office desk, home library, or as a gift",Table and Alarm Clocks,Y,clock,gold,530884444,2548795584,530884444-1747705686046-5
VL-929,"10cm Mini LED Retro Pony Lantern – Glowing Candle Night Light for Dollhouse, Home Decor & Gifts","Size: Approx. 10cm
Material: Plastic + LED light
Power: Button cell battery (included/not included)
Light Color: Warm yellow flickering glow
Design: Pony-style vintage kerosene lantern
Uses: Dollhouse decoration, table decor, gift item, soft night light
Safe For: Children, indoor use, party setups",Gifts and Seasonal,Y,vase,clay,530888549,2548897031,530888549-1747737759548-0
VL-930,"3-in-1 Sand Timer – 1, 2, 3 Minute Hourglass for Kitchen, Study & Office Desk Decoration","Timer Durations: 1, 2, and 3 minutes (in one combined unit)
Material: Acrylic + Glass + Colored Sand
Size: Compact and desktop-friendly (11cm x 3cm x 11cm)
Design: Multi-tube with visible timer labels
Colors: Mixed sand colors (blue, pink, green)
Perfect for: Kitchen, study table, office desk, meditation or gift",Home Decor and Showpieces,Y,vase,sand,530890249,2548805646,530890249-1747709309142-0
VL-931,Black Metal Tall Ribbed Decorative Vase with Gold Tops (Set of 2),,Home Decor and Showpieces,Y,vase,peach,530891614,2548885458,530891614-1747746967824-0
VL-932,"Long Pole LED Electronic Candle Light – Smokeless Plastic Swing Flame Candle for Buddha Lamp, Wedding & Home Decor","Quantity: 1 Piece
Material: Plastic with LED light
Power Source: Battery-operated (batteries included)
Light Type: Swinging flame simulation
Size: Long pole (standard size approx. 20–25 cm)
Color: Warm yellow flame
Uses: Prayer lamp, wedding decor, table centerpiece, spiritual setup
Safety: Flameless, no heat, safe for kids and indoor use",Candles and Holders,N,vase,sage,530894995,2548946240,530894995-1747797967211-0
VL-933,"20cm Luxury Vintage World Globe – Political Earth Map with Metal Base for Education, Table Decor & Gift - Blue","Globe Type: Political World Map
Globe Size: 20 cm diameter
Base Material: High-quality metal – sturdy and stable
Design Style: Luxury vintage with detailed geographic markings
Uses: Education, desk decoration, gift for kids, school, and office
Target Audience: Boys, girls, students, teachers, professionals
Color: Multicolor with readable country and city names
Functionality: Rotates 360° for interactive learning
Ideal Gift For: Birthdays, school achievements, educational prizes, home or office decor",Toys and Games,Y,vase,gold,530945949,2548989567,530945949-1747835259556-0
VL-934,"20cm Luxury Vintage World Globe – Political Earth Map with Metal Base for Education, Table Decor & Gift - Black","Globe Type: Political World Map
Globe Size: 20 cm diameter
Base Material: High-quality metal – sturdy and stable
Design Style: Luxury vintage with detailed geographic markings
Uses: Education, desk decoration, gift for kids, school, and office
Target Audience: Boys, girls, students, teachers, professionals
Color: Multicolor with readable country and city names
Functionality: Rotates 360° for interactive learning
Ideal Gift For: Birthdays, school achievements, educational prizes, home or office decor",Toys and Games,Y,vase,clay,530945949,2548989568,530945949-1747835259556-1
VL-935,Modern Wrought Iron Indoor Water Fountain – Stylish Desktop Metal Fountain with Pump for Home & Office Decor,,Home Decor and Showpieces,Y,vase,sand,530976203,2548934742,530976203-1747800696068-0
VL-936,LED Golden Pillar Crystal Table Lamp,"Dimensions:Height: 14.3 cm (5.62 inches)
Diameter (shade): 8.8 cm (3.46 inches)
Power Source: 2 AAA batteries (not included)
Material: Likely plastic for the shade and a metallic or metallic-finish base
Use Case: Decorative ambient lighting for small spaces",Lamps and Lighting,Y,lamp,peach,530976348,2548971186,530976348-1747807573339-0
VL-937,"Luxury Metal Wall Decor – Leaf & Flower Design in Gold, Green, Blue & Black – Premium Home Wall Art Decoration","Product Type: Luxury Wall Hanging Decoration
Design: Artistic Leaf & Flower Pattern
Material: High-Grade Metal
Colors Available: Golden, Green, Blue, Black
Style: Modern | Vintage | Contemporary
Mount Type: Wall Mounted
Ideal For: Living Room, Bedroom, Dining Area, Hallway, Office
Measurement: 27inches Length 12inches Width
Weight: Lightweight for easy mounting
Durability: Long-lasting with anti-corrosion finish
Occasion: Suitable for home decor, office decor, or gift",Home Decor and Showpieces,Y,vase,sage,530983675,2549079352,530983675-1747888333792-0
VL-938,"Retro LED Lantern – Warm Light Vintage Table Lamp for Home, Ramadan & Festival Decoration – 12cm - Silver","Material: ABS plastic
Style: Vintage, warm light
Lighting Type: LED
Light Color: Warm yellow
Size: 120mm (height) × 60mm (width)
Power Supply: Button cell or small batteries (varies by model – confirm before use)
Usage: Indoor decoration, tabletop lighting, party decoration, Ramadan/Eid décor, kids' nightlight
Color Options: Golden and Black vintage finishes
Weight: Lightweight and easy to carry or hang",Lamps and Lighting,Y,lamp,gold,530999102,2548983834,530999102-1747833454730-3
VL-939,"Retro LED Lantern – Warm Light Vintage Table Lamp for Home, Ramadan & Festival Decoration – 12cm - Gold","Material: ABS plastic
Style: Vintage, warm light
Lighting Type: LED
Light Color: Warm yellow
Size: 120mm (height) × 60mm (width)
Power Supply: Button cell or small batteries (varies by model – confirm before use)
Usage: Indoor decoration, tabletop lighting, party decoration, Ramadan/Eid décor, kids' nightlight
Color Options: Golden and Black vintage finishes
Weight: Lightweight and easy to carry or hang",Lamps and Lighting,Y,lamp,clay,530999102,2548983832,530999102-1747833454730-1
VL-940,"Retro LED Lantern – Warm Light Vintage Table Lamp for Home, Ramadan & Festival Decoration – 12cm - Black","Material: ABS plastic
Style: Vintage, warm light
Lighting Type: LED
Light Color: Warm yellow
Size: 120mm (height) × 60mm (width)
Power Supply: Button cell or small batteries (varies by model – confirm before use)
Usage: Indoor decoration, tabletop lighting, party decoration, Ramadan/Eid décor, kids' nightlight
Color Options: Golden and Black vintage finishes
Weight: Lightweight and easy to carry or hang",Lamps and Lighting,Y,lamp,sand,530999102,2548983833,530999102-1747833454730-2
VL-941,"Retro LED Lantern – Warm Light Vintage Table Lamp for Home, Ramadan & Festival Decoration – 12cm - Multicolor","Material: ABS plastic
Style: Vintage, warm light
Lighting Type: LED
Light Color: Warm yellow
Size: 120mm (height) × 60mm (width)
Power Supply: Button cell or small batteries (varies by model – confirm before use)
Usage: Indoor decoration, tabletop lighting, party decoration, Ramadan/Eid décor, kids' nightlight
Color Options: Golden and Black vintage finishes
Weight: Lightweight and easy to carry or hang",Lamps and Lighting,Y,lamp,peach,530999102,2548983831,530999102-1747833454730-0
VL-942,"Metal Wall Decor – Elegant Leaf & Flower Design in Golden, Green, Blue & Black Colors – Home & Living Room Decoration","Product Type: Wall Hanging Metal Art
Design: Leaf and Flower Motif
Material: Premium Quality Metal
Colors: Golden, Green, Blue, Black
Usage: Indoor wall decoration – living room, dining, hallway, bedroom
Mounting: Wall-mounted, hooks included (if applicable)
Style: Modern | Vintage | Bohemian
Perfect For: Home decor, office space, housewarming gifts, cafe decor
Durability: Anti-rust coating for longer life",Home Decor and Showpieces,Y,vase,sage,531029143,2549040886,531029143-1747864934354-0
VL-943,"20cm Geographic Globe – PVC World Map for Students, Rotating Educational Earth Globe with Stand - Pink","Product Type: Geographic World Globe
Diameter: 20 cm
Material: High-quality PVC
Features: Rotating, Educational, Decorative
Use: Geography learning, desk decoration, BTS room theme
Color: Multi-color printed map on black or blue base
Ideal For: Students, teachers, kids, BTS fans, gifts
Usage Areas: Home, Study room, Office, Classroom
Weight: Lightweight (easy to move",Toys and Games,N,vase,gold,531064768,2549204688,531064768-1748009430183-1
VL-944,"20cm Geographic Globe – PVC World Map for Students, Rotating Educational Earth Globe with Stand - Blue","Product Type: Geographic World Globe
Diameter: 20 cm
Material: High-quality PVC
Features: Rotating, Educational, Decorative
Use: Geography learning, desk decoration, BTS room theme
Color: Multi-color printed map on black or blue base
Ideal For: Students, teachers, kids, BTS fans, gifts
Usage Areas: Home, Study room, Office, Classroom
Weight: Lightweight (easy to move",Toys and Games,N,vase,clay,531064768,2549204687,531064768-1748009430183-0
VL-945,"Geographic globe, PVC, Black, 20cm","Product Type: Geographic World Globe
Diameter: 20 cm
Material: High-quality PVC
Features: Rotating, Educational, Decorative
Use: Geography learning, desk decoration, BTS room theme
Color: Multi-color printed map on black or blue base
Ideal For: Students, teachers, kids, BTS fans, gifts
Usage Areas: Home, Study room, Office, Classroom
Weight: Lightweight (easy to move)
Style: Modern educational globe",Toys and Games,Y,vase,sand,531066738,2549165783,531066738-1748011135881-0
VL-946,Luxury Arabic Style Tea Set Showpiece – 7 Pcs Decorative Gift Set - Purple,"Elevate your home decor with this Luxury Arabic Style Tea Set Showpiece. Crafted with intricate floral patterns in stunning green and gold, this 7-piece decorative set includes a teapot, 6 cups, and a beautifully designed tray — perfect as a royal gift or elegant display item.",Home Decor and Showpieces,Y,vase,peach,531067727,2549207264,531067727-1748006833103-2
VL-947,Luxury Arabic Style Tea Set Showpiece – 7 Pcs Decorative Gift Set - Red,"Elevate your home decor with this Luxury Arabic Style Tea Set Showpiece. Crafted with intricate floral patterns in stunning green and gold, this 7-piece decorative set includes a teapot, 6 cups, and a beautifully designed tray — perfect as a royal gift or elegant display item.",Home Decor and Showpieces,Y,vase,sage,531067727,2549207263,531067727-1748006833103-1
VL-948,Luxury Arabic Style Tea Set Showpiece – 7 Pcs Decorative Gift Set - Green,"Elevate your home decor with this Luxury Arabic Style Tea Set Showpiece. Crafted with intricate floral patterns in stunning green and gold, this 7-piece decorative set includes a teapot, 6 cups, and a beautifully designed tray — perfect as a royal gift or elegant display item.",Home Decor and Showpieces,Y,vase,gold,531067727,2549207262,531067727-1748006833102-0
VL-949,"Flameless LED Tea Light Candle – Battery Operated, Transparent Acrylic Design – Home Decor, Party & Night Light","Add a warm and elegant touch to your space with this Flameless LED Tea Light Candle. Made with a transparent acrylic body, this candle mimics a real flame without any risk of fire. Powered by a button battery (included), it's easy to use and perfect for parties, home decor, night ambiance, or festive occasions. A safe and stylish alternative to traditional candles.
Ideal for: Bedroom, Living Room, Dinner Table, Events, Restaurants, Festivals",Candles and Holders,Y,vase,clay,531160775,2549301735,531160775-1748314421788-0
VL-950,Happy Birthday Banner Set – 1 Set Letter Flag Decoration with Confetti Balloons – Rose Gold / Blue Theme Party Decor - Pink,"Type: Birthday Party Decoration Set
Includes:1 x ""Happy Birthday"" letter flag banner
Confetti latex balloons (color based on selected theme)
Themes Available: Rose Gold / Blue
Material: High-quality card paper (banner), latex (balloons)
Usage: Birthday decoration for boys, girls, men, women
Occasion: Home party, surprise birthday setup, photo backdrop
Reusability: Yes, banner is reusable if preserved properly
Balloon Inflation: Suitable for air or helium",Gifts and Seasonal,Y,vase,sand,531164856,2549313603,531164856-1748336086882-4
VL-951,Happy Birthday Banner Set – 1 Set Letter Flag Decoration with Confetti Balloons – Rose Gold / Blue Theme Party Decor - Green,"Type: Birthday Party Decoration Set
Includes:1 x ""Happy Birthday"" letter flag banner
Confetti latex balloons (color based on selected theme)
Themes Available: Rose Gold / Blue
Material: High-quality card paper (banner), latex (balloons)
Usage: Birthday decoration for boys, girls, men, women
Occasion: Home party, surprise birthday setup, photo backdrop
Reusability: Yes, banner is reusable if preserved properly
Balloon Inflation: Suitable for air or helium",Gifts and Seasonal,Y,vase,peach,531164856,2549313602,531164856-1748336086882-3
VL-952,Happy Birthday Banner Set – 1 Set Letter Flag Decoration with Confetti Balloons – Rose Gold / Blue Theme Party Decor - Black,"Type: Birthday Party Decoration Set
Includes:1 x ""Happy Birthday"" letter flag banner
Confetti latex balloons (color based on selected theme)
Themes Available: Rose Gold / Blue
Material: High-quality card paper (banner), latex (balloons)
Usage: Birthday decoration for boys, girls, men, women
Occasion: Home party, surprise birthday setup, photo backdrop
Reusability: Yes, banner is reusable if preserved properly
Balloon Inflation: Suitable for air or helium",Gifts and Seasonal,Y,vase,sage,531164856,2549313601,531164856-1748336086882-2
VL-953,Happy Birthday Banner Set – 1 Set Letter Flag Decoration with Confetti Balloons – Rose Gold / Blue Theme Party Decor - Blue,"Type: Birthday Party Decoration Set
Includes:1 x ""Happy Birthday"" letter flag banner
Confetti latex balloons (color based on selected theme)
Themes Available: Rose Gold / Blue
Material: High-quality card paper (banner), latex (balloons)
Usage: Birthday decoration for boys, girls, men, women
Occasion: Home party, surprise birthday setup, photo backdrop
Reusability: Yes, banner is reusable if preserved properly
Balloon Inflation: Suitable for air or helium",Gifts and Seasonal,Y,vase,gold,531164856,2549313600,531164856-1748336086881-1
VL-954,Happy Birthday Banner Set – 1 Set Letter Flag Decoration with Confetti Balloons – Rose Gold / Blue Theme Party Decor - Sky Blue,"Type: Birthday Party Decoration Set
Includes:1 x ""Happy Birthday"" letter flag banner
Confetti latex balloons (color based on selected theme)
Themes Available: Rose Gold / Blue
Material: High-quality card paper (banner), latex (balloons)
Usage: Birthday decoration for boys, girls, men, women
Occasion: Home party, surprise birthday setup, photo backdrop
Reusability: Yes, banner is reusable if preserved properly
Balloon Inflation: Suitable for air or helium",Gifts and Seasonal,Y,vase,clay,531164856,2549313605,531164856-1748336086882-6
VL-955,Happy Birthday Banner Set – 1 Set Letter Flag Decoration with Confetti Balloons – Rose Gold / Blue Theme Party Decor - White,"Type: Birthday Party Decoration Set
Includes:1 x ""Happy Birthday"" letter flag banner
Confetti latex balloons (color based on selected theme)
Themes Available: Rose Gold / Blue
Material: High-quality card paper (banner), latex (balloons)
Usage: Birthday decoration for boys, girls, men, women
Occasion: Home party, surprise birthday setup, photo backdrop
Reusability: Yes, banner is reusable if preserved properly
Balloon Inflation: Suitable for air or helium",Gifts and Seasonal,Y,vase,sand,531164856,2549313604,531164856-1748336086882-5
VL-956,Happy Birthday Banner Set – 1 Set Letter Flag Decoration with Confetti Balloons – Rose Gold / Blue Theme Party Decor - Multicolor,"Type: Birthday Party Decoration Set
Includes:1 x ""Happy Birthday"" letter flag banner
Confetti latex balloons (color based on selected theme)
Themes Available: Rose Gold / Blue
Material: High-quality card paper (banner), latex (balloons)
Usage: Birthday decoration for boys, girls, men, women
Occasion: Home party, surprise birthday setup, photo backdrop
Reusability: Yes, banner is reusable if preserved properly
Balloon Inflation: Suitable for air or helium",Gifts and Seasonal,Y,vase,peach,531164856,2549313599,531164856-1748336086881-0
VL-957,"3pcs Crystal LED Flameless Candle Light Set – Battery Operated Tealight for Eid, Ramadan,Wedding, Party, Christmas, and Home Decor","Product Type: LED Flameless Candle Set (3pcs)
Material: High-quality clear acrylic (crystal design)
Lighting: Warm yellow LED
Power Source: Battery operated (button battery – usually CR2032 or similar)
Candle Sizes:
Small: 3.6 × 5.0 cm
Medium: 3.6 × 6.5 cm
Large: 3.6 × 8.0 cm
Features: Flameless, safe, reusable, long-lasting LED
Application: Home décor, bedroom, festivals, birthdays, restaurants
Package Includes: 3 pcs Crystal LED Candle (battery always included)",Candles and Holders,Y,vase,sage,531175651,2549315496,531175651-1748324598709-0
VL-958,"Crystal LED Flameless Candle Light – Battery Operated Tealight for Wedding, Party, Christmas, Halloween Decor","Product Type: LED Flameless Crystal Candle Light
Material: Clear acrylic crystal plastic
Light Color: Warm white / yellow glow
Power Source: Battery operated (usually button cell, included/not included based on packaging)
Features: Flameless, smokeless, reusable
Safety: No fire hazard – safe for kids and pets
Usage: Home decor, wedding centerpiece, event lighting, mood lighting
Size: Standard tea light size (approx. 4-5cm diameter)
Weight: Lightweight and portable
Package Includes: 1 or set of multiple tealights (as per order)",Candles and Holders,Y,vase,gold,531251067,2549326236,531251067-1748322923706-0
VL-959,"Elegant Gold Moon & Star Table Night Light – Decorative Ambient Lamp for Home, Eid, Ramadan, Party, Holiday, Christmas & Gifts (27×17.5×10cm) - 1","Bring a magical glow to your space with this elegant gold moon and star table night light. Its artistic design and warm LED lighting create a peaceful ambiance perfect for relaxation or decoration. Whether for daily use or special occasions like Christmas and weddings, this light adds charm and style to any setting.
📏 Size: 27 × 17.5 × 10 cm
💡 Lighting: Warm LED light
🔋 Power: Battery operated (batteries not included)
🧱 Material: High-quality Meta, plastic, & LED
🎨 Color: Golden",Lamps and Lighting,Y,lamp,clay,531252899,2549403800,531252899-1748520975200-0
VL-960,"Elegant Gold Moon & Star Table Night Light – Decorative Ambient Lamp for Home, Eid, Ramadan, Party, Holiday, Christmas & Gifts (27×17.5×10cm) - 2","Bring a magical glow to your space with this elegant gold moon and star table night light. Its artistic design and warm LED lighting create a peaceful ambiance perfect for relaxation or decoration. Whether for daily use or special occasions like Christmas and weddings, this light adds charm and style to any setting.
📏 Size: 27 × 17.5 × 10 cm
💡 Lighting: Warm LED light
🔋 Power: Battery operated (batteries not included)
🧱 Material: High-quality Meta, plastic, & LED
🎨 Color: Golden",Lamps and Lighting,Y,lamp,sand,531252899,2549403801,531252899-1748520975200-1
VL-961,"Modern Golden Metal Fruit Basket – Decorative Storage Bowl for Kitchen, Table & Home Decor (28x20cm)","Add a luxurious touch to your home with this elegant golden fruit basket. Crafted from durable metal with a modern open design, it allows for proper air circulation to keep fruits fresh while also serving as a stunning centerpiece. Whether used for organizing food or elevating home aesthetics, this basket blends functionality with fashion.
📏 Size: 28cm (Width) × 20cm (Height)
🧱 Material: High-quality metal
🎨 Color: Golden
🏠 Usage: Fruit basket, decorative bowl, kitchen storage, table centerpiece",Home Decor and Showpieces,N,vase,peach,531318458,2549421115,531318458-1748518893162-0
VL-962,"Vintage Honeycomb LED Flame Lantern – Retro Plastic Night Lamp for Home & Eid, Ramadan, Christmas, gifts Decorations","Bring a nostalgic glow to your home with this Vintage Simulation Flame Lantern. Designed in a charming honeycomb shape with a realistic flickering flame effect, this plastic wind lantern is perfect for creating a warm, cozy ambiance during Christmas, winter nights, or as a rustic decorative piece for your home.",Lamps and Lighting,Y,lamp,sage,531429042,2549473722,531429042-1748783162861-0
VL-963,"Modern Crystal Vase Table Lamp – USB-Powered Ambient Night Light with 3 Colors for Bedroom, Living Room, Hotel & Gift Decor","Elevate your home lighting with this Modern Crystal Vase Table Lamp, designed in a sleek art deco style. With 3 customizable color modes – clear white, amber, and warm white – it brings the perfect ambient lighting for bedrooms, living rooms, hotels, or romantic gift setups.
The USB-powered feature makes it convenient for any modern space without hassle. Ideal for Valentine’s Day gifts, home aesthetics, or bedside night light.",Lamps and Lighting,Y,lamp,gold,533458852,2552601621,533458852-1750344508758-0
VL-964,"Vintage Aladdin Magic Genie Lamp – Mini Retro Decorative Metal Statue for Home, Table & Gift Decor - Green","Bring a touch of mystery and nostalgia to your home with this Vintage Aladdin Magic Genie Lamp. Crafted from durable metal with a detailed antique finish, this mini decorative piece makes a great tabletop item or collectible.
Perfect as a gift, home decor accent, or themed party item, the lamp serves as a beautiful reminder of legendary tales and childhood fantasies. Ideal for placing on desks, bookshelves, display units, or gifting on birthdays and festivals.",Home Decor and Showpieces,Y,vase,clay,533463870,2552613351,533463870-1750349285107-1
VL-965,"Vintage Aladdin Magic Genie Lamp – Mini Retro Decorative Metal Statue for Home, Table & Gift Decor - Blue","Bring a touch of mystery and nostalgia to your home with this Vintage Aladdin Magic Genie Lamp. Crafted from durable metal with a detailed antique finish, this mini decorative piece makes a great tabletop item or collectible.
Perfect as a gift, home decor accent, or themed party item, the lamp serves as a beautiful reminder of legendary tales and childhood fantasies. Ideal for placing on desks, bookshelves, display units, or gifting on birthdays and festivals.",Home Decor and Showpieces,N,vase,sand,533463870,2552613350,533463870-1750349285107-0
VL-966,"Vintage Aladdin Magic Genie Lamp – Mini Retro Decorative Metal Statue for Home, Table & Gift Decor - Red","Bring a touch of mystery and nostalgia to your home with this Vintage Aladdin Magic Genie Lamp. Crafted from durable metal with a detailed antique finish, this mini decorative piece makes a great tabletop item or collectible.
Perfect as a gift, home decor accent, or themed party item, the lamp serves as a beautiful reminder of legendary tales and childhood fantasies. Ideal for placing on desks, bookshelves, display units, or gifting on birthdays and festivals.",Home Decor and Showpieces,Y,vase,peach,533463870,2552613352,533463870-1750349285107-2
VL-967,Tin House-Shaped Steel Piggy Bank – Lockable Coin Money Saving Box for Kids | PUBG Design | Birthday Gift for Children - Multicolor,,Bath and Storage,Y,vase,sage,533468877,2553313287,533468877-1750351946442-0
VL-968,Tin House-Shaped Steel Piggy Bank – Lockable Coin Money Saving Box for Kids | PUBG Design | Birthday Gift for Children - Blue,,Bath and Storage,Y,vase,gold,533468877,2553313288,533468877-1751715053693-1
VL-969,Tin House-Shaped Steel Piggy Bank – Lockable Coin Money Saving Box for Kids | PUBG Design | Birthday Gift for Children - Red,,Bath and Storage,Y,vase,clay,533468877,2553313289,533468877-1751715053693-2
VL-970,Tin House-Shaped Steel Piggy Bank – Lockable Coin Money Saving Box for Kids | PUBG Design | Birthday Gift for Children - Green,,Bath and Storage,Y,vase,sand,533468877,2553313290,533468877-1751715053693-3
VL-971,Metal House-Shaped Piggy Bank for Kids – Lockable Coin Money Saving Box with Key | Christmas Gift for Children | Pink & Blue - Pink,"Teach your child the joy of saving with this adorable metal house-shaped piggy bank. Made with durable metal and featuring a functional key lock, it not only stores coins safely but also builds a child’s responsibility and money-handling habits.
Its charming house design in pink and blue makes it a delightful gift for birthdays, Christmas, Eid, or even as a reward. Lightweight and portable, this money box also doubles as a cute table decor item for your child’s room.",Bath and Storage,Y,vase,peach,533481887,2550029970,533481887-1750350049716-0
VL-972,Metal House-Shaped Piggy Bank for Kids – Lockable Coin Money Saving Box with Key | Christmas Gift for Children | Pink & Blue - Blue,"Teach your child the joy of saving with this adorable metal house-shaped piggy bank. Made with durable metal and featuring a functional key lock, it not only stores coins safely but also builds a child’s responsibility and money-handling habits.
Its charming house design in pink and blue makes it a delightful gift for birthdays, Christmas, Eid, or even as a reward. Lightweight and portable, this money box also doubles as a cute table decor item for your child’s room.",Bath and Storage,Y,vase,sage,533481887,2550029971,533481887-1750350049716-1
VL-973,AYATUL KURSI CRYSTAL ISLAMIC HOME DECOR RAMADAN EID GIFT,,Home Decor and Showpieces,Y,vase,gold,535836087,2552362643,535836087-1751280371973-0
VL-974,3D Moving Sand Art Picture 5/7inch Hourglass,,Home Decor and Showpieces,Y,vase,clay,546774394,2574018984,546774394-1756620252342-0
VL-975,"Crystal Round LED Tealight – Smokeless & Flameless Acrylic Decorative Candle for Diwali, Home, Birthday, Christmas, Party & Festival Decoration","Add a festive touch with the Crystal Round LED Tealight Candle. Safe, smokeless, and flameless, it offers a soothing warm glow for Diwali, Christmas, birthdays, weddings, and home decoration.",Gifts and Seasonal,Y,vase,sand,548299609,2580201932,548299609-1757175496907-0
VL-976,"Crystal LED Candle Lights – Battery-Powered Tealight with Diamond Sparkle for Wedding, Party, Christmas, Valentine’s Day & Home Decor","Add elegance and charm to your celebrations with these Battery-Powered Crystal LED Candle Lights. Designed with a diamond-like crystal body, these flameless candles create a soft, soothing glow that instantly transforms any space into a romantic and festive setting.
Perfect for weddings, birthday parties, Christmas, Eid, Valentine’s Day, or home decoration, these LED candles are safe, smokeless, and reusable. The clear plastic crystal design sparkles beautifully when lit, adding a touch of sophistication to any tabletop or room decor.
They run on button cell batteries (included/replaceable depending on stock), making them convenient and long-lasting. Whether you’re decorating a living room, bedroom, dining table, or party setup – these lights bring a cozy and magical vibe.
---
📏 Specifications:
Material: Crystal-style clear plastic
Power Supply: Button cell battery (included/not included – specify on stock)
Light Color: Warm yellow (or white depending on variant)
Design: Flameless LED tealight
Size: Approx. 4–5 cm diameter each (mention exact size if available)
Use For: Home decor, party, wedding, festival lighting",Gifts and Seasonal,Y,vase,peach,548303412,2580211635,548303412-1757174122797-0
VL-977,Retro Metal Alarm Clock – Double Bell Analog Desk Table Clock with Night Light & Silent Movement for Home & Office,"Bring back the vintage charm with this Retro Metal Alarm Clock. Featuring a double bell loud alarm, silent ticking, and a night light, this desk clock is both stylish and functional. Perfect for home, office, study, or as a gift.",Table and Alarm Clocks,Y,clock,sage,548694741,2580869557,548694741-1757316153499-0
VL-978,King Size Baby Bedding Set With Mosquito Net - Blue,,Home Textiles and Bedding,Y,vase,gold,548714391,2580880069,548714391-1757317391285-1
VL-979,King Size Baby Bedding Set With Mosquito Net - Pink,,Home Textiles and Bedding,Y,vase,clay,548714391,2580880068,548714391-1757317391281-0
VL-980,King Size Baby Bedding Set With Mosquito Net - Multicolor,,Home Textiles and Bedding,Y,vase,sand,548714391,2580880070,548714391-1757317391285-2
VL-981,"Cycle Shape Gold TeaLight Candle Holder for Diwali Home Decor Center Table Bedroom Living Room Office Decorative Gift Items Flower Pot Stand with Amber Glass Cup,Return Gift - Black",,Candles and Holders,Y,vase,peach,550725662,2583529151,550725662-1757903598156-0
VL-982,"Cycle Shape Gold TeaLight Candle Holder for Diwali Home Decor Center Table Bedroom Living Room Office Decorative Gift Items Flower Pot Stand with Amber Glass Cup,Return Gift - Gold",,Candles and Holders,Y,vase,sage,550725662,2583508617,550725662-1757904554580-1
VL-983,"Tea Light Candle Holder, Bike Candlestick with Candle Cup, Metal Geometric Candle Stands, Bird Tabletop Centerpiece Dating Wedding Party Decor (Bird)",,Candles and Holders,Y,vase,gold,550744095,2583513611,550744095-1757905831408-0
VL-984,Smart & Beautiful Super Absorbent Anti-slippery Bath Mat Kitchen Carpet Anti Slip Bathroom Mat Door Mat Entrance,,Home Textiles and Bedding,Y,vase,clay,554333781,2586631422,554333781-1758259840639-0
VL-985,"Arabic Numeral Wristwatch, Black Matte Stainless Steel Band, Aura watch, Analog Watch, - Blue",,Watches and Fashion,Y,vase,sand,554352733,2587672694,554352733-1758535058012-1
VL-986,"Arabic Numeral Wristwatch, Black Matte Stainless Steel Band, Aura watch, Analog Watch, - White",,Watches and Fashion,Y,vase,peach,554352733,2587672695,554352733-1758535058012-2
VL-987,"Arabic Numeral Wristwatch, Black Matte Stainless Steel Band, Aura watch, Analog Watch, - Black",,Watches and Fashion,Y,vase,sage,554352733,2586654563,554352733-1758264220329-0
VL-988,Heat Resistant Glass Pot – Lutsinar Borosilicate Soup Pot for Micro Oven & Kitchen Cookware - Ripple,"Overview:
Upgrade your kitchen with the Heat Resistant Borosilicate Glass Pot by Lutsinar. Designed for multipurpose cooking, this transparent glass pot is perfect for soups, stews, herbal dishes, and instant noodles. Its stylish design makes it suitable for both cooking and serving directly at the table.
Features:
Made of high temperature resistant borosilicate glass
Can be used on kitchen tops, in ovens, and microwaves
Transparent glass lets you monitor cooking easily
Thermal shock resistant – safe from fridge to stove
Easy to clean and odor free
Scratch resistant and safe for all kitchen surfaces
High aesthetic design adds elegance to your table
Food grade safe material free from hazardous chemicals
Ideal For:
Daily cooking of soups, stews, noodles, and herbal dishes
Microwave and oven safe usage
Stylish serving bowl for family and guests
Perfect gift for modern kitchens",Cookware and Kitchen,Y,vase,gold,554480213,2587589463,554480213-1758345521427-1
VL-989,Heat Resistant Glass Pot – Lutsinar Borosilicate Soup Pot for Micro Oven & Kitchen Cookware - Bubbles,"Overview:
Upgrade your kitchen with the Heat Resistant Borosilicate Glass Pot by Lutsinar. Designed for multipurpose cooking, this transparent glass pot is perfect for soups, stews, herbal dishes, and instant noodles. Its stylish design makes it suitable for both cooking and serving directly at the table.
Features:
Made of high temperature resistant borosilicate glass
Can be used on kitchen tops, in ovens, and microwaves
Transparent glass lets you monitor cooking easily
Thermal shock resistant – safe from fridge to stove
Easy to clean and odor free
Scratch resistant and safe for all kitchen surfaces
High aesthetic design adds elegance to your table
Food grade safe material free from hazardous chemicals
Ideal For:
Daily cooking of soups, stews, noodles, and herbal dishes
Microwave and oven safe usage
Stylish serving bowl for family and guests
Perfect gift for modern kitchens",Cookware and Kitchen,Y,vase,clay,554480213,2587589462,554480213-1758345521427-0
VL-990,"ECOCO Multifunctional Napkin & Tissue Box Holder with Remote Control Storage – Stylish & Practical Organizer for Living Room, Dining Room & Home Office - Blue","The ECOCO Napkin Holder with Remote Control Storage is a practical and creative household accessory. This multifunctional tissue box not only holds napkins but also organizes remotes, mobile phones, and small items neatly. Designed with a modern and simple style, it is perfect for your living room, dining room, or office.
Features:
Dual purpose design – tissue holder + storage organizer
Made of durable and eco-friendly plastic
Lightweight, portable, and easy to clean
Elegant and lovely design that complements all types of interiors
Keeps your table clutter free and stylish
Usage:
Ideal for living room, dining room, bedroom, or office
Organize tissues, napkins, remotes, phones, pens, and small accessories
Great choice for households, restaurants, or as a thoughtful gift",Tableware and Serving,N,vase,sand,555775027,2587603523,555775027-1758429261849-3
VL-991,"ECOCO Multifunctional Napkin & Tissue Box Holder with Remote Control Storage – Stylish & Practical Organizer for Living Room, Dining Room & Home Office - Grey","The ECOCO Napkin Holder with Remote Control Storage is a practical and creative household accessory. This multifunctional tissue box not only holds napkins but also organizes remotes, mobile phones, and small items neatly. Designed with a modern and simple style, it is perfect for your living room, dining room, or office.
Features:
Dual purpose design – tissue holder + storage organizer
Made of durable and eco-friendly plastic
Lightweight, portable, and easy to clean
Elegant and lovely design that complements all types of interiors
Keeps your table clutter free and stylish
Usage:
Ideal for living room, dining room, bedroom, or office
Organize tissues, napkins, remotes, phones, pens, and small accessories
Great choice for households, restaurants, or as a thoughtful gift",Tableware and Serving,N,vase,peach,555775027,2587603522,555775027-1758429261849-2
VL-992,"ECOCO Multifunctional Napkin & Tissue Box Holder with Remote Control Storage – Stylish & Practical Organizer for Living Room, Dining Room & Home Office - Pink","The ECOCO Napkin Holder with Remote Control Storage is a practical and creative household accessory. This multifunctional tissue box not only holds napkins but also organizes remotes, mobile phones, and small items neatly. Designed with a modern and simple style, it is perfect for your living room, dining room, or office.
Features:
Dual purpose design – tissue holder + storage organizer
Made of durable and eco-friendly plastic
Lightweight, portable, and easy to clean
Elegant and lovely design that complements all types of interiors
Keeps your table clutter free and stylish
Usage:
Ideal for living room, dining room, bedroom, or office
Organize tissues, napkins, remotes, phones, pens, and small accessories
Great choice for households, restaurants, or as a thoughtful gift",Tableware and Serving,N,vase,sage,555775027,2587603521,555775027-1758429261849-1
VL-993,"ECOCO Multifunctional Napkin & Tissue Box Holder with Remote Control Storage – Stylish & Practical Organizer for Living Room, Dining Room & Home Office - Multicolor","The ECOCO Napkin Holder with Remote Control Storage is a practical and creative household accessory. This multifunctional tissue box not only holds napkins but also organizes remotes, mobile phones, and small items neatly. Designed with a modern and simple style, it is perfect for your living room, dining room, or office.
Features:
Dual purpose design – tissue holder + storage organizer
Made of durable and eco-friendly plastic
Lightweight, portable, and easy to clean
Elegant and lovely design that complements all types of interiors
Keeps your table clutter free and stylish
Usage:
Ideal for living room, dining room, bedroom, or office
Organize tissues, napkins, remotes, phones, pens, and small accessories
Great choice for households, restaurants, or as a thoughtful gift",Tableware and Serving,N,vase,gold,555775027,2587603520,555775027-1758429261845-0
VL-994,Baby Mosari – Portable Folding Mosquito Net for Kids & Infants – Multicolor Crib Tent for Travel & Home Use - Pink,"Product Name: Baby Mosari / Portable Folding Mosquito Net
Material: High-quality breathable netting, lightweight frame
Color: Multicolor
Suitable Age: 0–6 Month
Dimensions: Standard crib size (adjustable folding)
Weight: Approx. 0.5–0.8 kg
Usage: Indoor & Outdoor, Home, Travel, Crib, Bassinet
Care Instructions: Wipe clean with a damp cloth; keep away from sharp objects
Package Includes: 1 × Portable Baby Mosari",Home Textiles and Bedding,Y,vase,clay,555779302,2587615222,555779302-1758431727397-2
VL-995,Baby Mosari – Portable Folding Mosquito Net for Kids & Infants – Multicolor Crib Tent for Travel & Home Use - Blue,"Product Name: Baby Mosari / Portable Folding Mosquito Net
Material: High-quality breathable netting, lightweight frame
Color: Multicolor
Suitable Age: 0–6 Month
Dimensions: Standard crib size (adjustable folding)
Weight: Approx. 0.5–0.8 kg
Usage: Indoor & Outdoor, Home, Travel, Crib, Bassinet
Care Instructions: Wipe clean with a damp cloth; keep away from sharp objects
Package Includes: 1 × Portable Baby Mosari",Home Textiles and Bedding,Y,vase,sand,555779302,2587615221,555779302-1758431727397-1
VL-996,Baby Mosari – Portable Folding Mosquito Net for Kids & Infants – Multicolor Crib Tent for Travel & Home Use - Multicolor,"Product Name: Baby Mosari / Portable Folding Mosquito Net
Material: High-quality breathable netting, lightweight frame
Color: Multicolor
Suitable Age: 0–6 Month
Dimensions: Standard crib size (adjustable folding)
Weight: Approx. 0.5–0.8 kg
Usage: Indoor & Outdoor, Home, Travel, Crib, Bassinet
Care Instructions: Wipe clean with a damp cloth; keep away from sharp objects
Package Includes: 1 × Portable Baby Mosari",Home Textiles and Bedding,Y,vase,peach,555779302,2587615220,555779302-1758430593252-0
VL-997,Crystal Table Lamp – Decorative Bedside Nightstand Lamp with Chrome Shade and Metal Base E27 for Bedroom Living Room Guest Room Dresser Table Wedding Gift Red Gold,"Product Name: Apple LED K9 Crystal Table Lamp Z50
Material: K9 Crystal + High Quality Iron
Light Source: E27 LED Bulb (included or optional)
Design: Apple Style, Decorative, Modern
Color: Transparent Crystal with Metal Finish
Usage: Desk, Bedroom, Office, Home Decor
Features: Energy Saving, Long-lasting, Elegant Design",Lamps and Lighting,Y,lamp,sage,556119166,2587858610,556119166-1758594583320-0
VL-998,Michael Kors Women's Watch - Rose Gold,"The Michael Kors Women’s Watch is a perfect blend of elegance, durability, and modern fashion. Crafted with stainless steel body and powered by quartz analog movement, it ensures accurate timekeeping with a luxurious look.
Features:
Movement: Quartz analog for precision
Material: Stainless steel case and strap
Dial: Scratch resistant glass with clear display
Style: Suitable for business, party, and everyday wear
Water Resistant: Ideal for daily activities
Why Choose This Watch:
Premium luxury design for modern women
Durable stainless steel ensures long-lasting use
Matches perfectly with both formal and casual outfits
A thoughtful gift for birthdays, weddings, anniversaries, Valentine’s Day, or special occasions",Watches and Fashion,Y,vase,gold,556777361,2589426859,556777361-1758984476496-1
VL-999,Michael Kors Women's Watch - Gold,"The Michael Kors Women’s Watch is a perfect blend of elegance, durability, and modern fashion. Crafted with stainless steel body and powered by quartz analog movement, it ensures accurate timekeeping with a luxurious look.
Features:
Movement: Quartz analog for precision
Material: Stainless steel case and strap
Dial: Scratch resistant glass with clear display
Style: Suitable for business, party, and everyday wear
Water Resistant: Ideal for daily activities
Why Choose This Watch:
Premium luxury design for modern women
Durable stainless steel ensures long-lasting use
Matches perfectly with both formal and casual outfits
A thoughtful gift for birthdays, weddings, anniversaries, Valentine’s Day, or special occasions",Watches and Fashion,Y,vase,clay,556777361,2589426858,556777361-1758984476496-0
VL-1000,Wonder Multicolor Original Laser Light/Laser Pointer/Laser Torch Led Laser Light and Key Chain Hook Pocket Red Laser Pointer Mini Laser Torch for Kids Boys and Girls Fun & Play Value,"Product Type: Laser Light/Light/Mini Light/Target Light/Best Toy For Kids Entertainment
Color: Multi-Color
Item Specifics
Usage:Flashlight
Gender:Unisex
Style:Casual/Sporty
funny pet/cat toy",Lamps and Lighting,Y,lamp,sand,556782569,2589472546,556782569-1759031015755-0
VL-1001,"Castle Shaped Alarm Clock – Vintage Resin Design, Battery Operated Desktop Clock for Home, Bedroom & Living Room Decoration","This Castle Shaped Alarm Clock adds a vintage touch to any room. Made from durable resin, it runs on batteries and features silent movement for a peaceful environment. Perfect as a home decoration, bedroom accessory, or thoughtful gift.
Material: Resin
Power: Battery operated (AA battery, not included)
Design: Castle shaped, random design may vary
Usage: Bedroom, living room, office, gifting",Table and Alarm Clocks,Y,clock,peach,556849071,2589639010,556849071-1759116020633-0
VL-1002,Montessori Wooden Puzzle Board – 0-20 Numbers & Alphabet Learning Toy with Shape Matching | Educational Cognitive Puzzle for Kids - Numbers (0–20),"Give your child the perfect start to learning with this Montessori Wooden Puzzle Board. Designed to develop early math and alphabet recognition, this educational toy includes 0–20 numbers, A–Z alphabets, and fun geometric shapes. Made of durable, safe, and eco-friendly wood, it helps children improve their hand–eye coordination, shape recognition, and problem-solving skills. A colorful, engaging design makes learning fun for toddlers and preschool kids",Toys and Games,Y,vase,sage,556903380,2589795701,556903380-1759210235846-3
VL-1003,Montessori Wooden Puzzle Board – 0-20 Numbers & Alphabet Learning Toy with Shape Matching | Educational Cognitive Puzzle for Kids - alphabets (a b c),"Give your child the perfect start to learning with this Montessori Wooden Puzzle Board. Designed to develop early math and alphabet recognition, this educational toy includes 0–20 numbers, A–Z alphabets, and fun geometric shapes. Made of durable, safe, and eco-friendly wood, it helps children improve their hand–eye coordination, shape recognition, and problem-solving skills. A colorful, engaging design makes learning fun for toddlers and preschool kids",Toys and Games,Y,vase,gold,556903380,2589795700,556903380-1759210235846-2
VL-1004,Montessori Wooden Puzzle Board – 0-20 Numbers & Alphabet Learning Toy with Shape Matching | Educational Cognitive Puzzle for Kids - Number and Sign,"Give your child the perfect start to learning with this Montessori Wooden Puzzle Board. Designed to develop early math and alphabet recognition, this educational toy includes 0–20 numbers, A–Z alphabets, and fun geometric shapes. Made of durable, safe, and eco-friendly wood, it helps children improve their hand–eye coordination, shape recognition, and problem-solving skills. A colorful, engaging design makes learning fun for toddlers and preschool kids",Toys and Games,Y,vase,clay,556903380,2589795702,556903380-1759210235846-4
VL-1005,Montessori Wooden Puzzle Board – 0-20 Numbers & Alphabet Learning Toy with Shape Matching | Educational Cognitive Puzzle for Kids - Alphabets (A B C),"Give your child the perfect start to learning with this Montessori Wooden Puzzle Board. Designed to develop early math and alphabet recognition, this educational toy includes 0–20 numbers, A–Z alphabets, and fun geometric shapes. Made of durable, safe, and eco-friendly wood, it helps children improve their hand–eye coordination, shape recognition, and problem-solving skills. A colorful, engaging design makes learning fun for toddlers and preschool kids",Toys and Games,N,vase,sand,556903380,2589795699,556903380-1759210235846-1
VL-1006,Montessori Wooden Puzzle Board – 0-20 Numbers & Alphabet Learning Toy with Shape Matching | Educational Cognitive Puzzle for Kids - Multicolor,"Give your child the perfect start to learning with this Montessori Wooden Puzzle Board. Designed to develop early math and alphabet recognition, this educational toy includes 0–20 numbers, A–Z alphabets, and fun geometric shapes. Made of durable, safe, and eco-friendly wood, it helps children improve their hand–eye coordination, shape recognition, and problem-solving skills. A colorful, engaging design makes learning fun for toddlers and preschool kids",Toys and Games,Y,vase,peach,556903380,2589795698,556903380-1759209686425-1
VL-1007,Plastic Fashion Dolls Set – Honey Girls Beauty Baby Toys for Kids | Stylish Dress-Up Dolls Playset for Girls,"Let your little one explore creativity and fashion fun with this Honey Girls Fashion Doll Set. Each doll is made of high-quality, non-toxic plastic with stylish outfits, colorful hair, and detailed accessories. Perfect for imaginative play, storytelling, and role-playing games. Great as a birthday gift, holiday surprise, or collectible toy for girls who love beauty and style.",Toys and Games,Y,vase,sage,557569671,2590968745,557569671-1760163496502-0
VL-1008,10pcs/5pcs/1pcs Baby Cotton Katha – Soft & Lightweight Newborn Blanket | Comfortable Handcrafted Quilt for Babies (All Seasons) - Multicolor 10pcs,"Keep your baby warm and cozy with this premium Baby Cotton Katha, made from ultra-soft, breathable cotton fabric. Perfect for newborns and toddlers, this handcrafted baby quilt ensures gentle comfort for your baby’s sensitive skin. Lightweight yet warm, it’s suitable for all seasons — whether used as a sleeping blanket, stroller cover, or bedding layer. Easy to wash and long-lasting, this katha is a must-have for every baby’s daily use.",Home Textiles and Bedding,Y,vase,gold,557580180,2590966651,557580180-1760162386918-2
VL-1009,10pcs/5pcs/1pcs Baby Cotton Katha – Soft & Lightweight Newborn Blanket | Comfortable Handcrafted Quilt for Babies (All Seasons) - Multicolor 1pcs,"Keep your baby warm and cozy with this premium Baby Cotton Katha, made from ultra-soft, breathable cotton fabric. Perfect for newborns and toddlers, this handcrafted baby quilt ensures gentle comfort for your baby’s sensitive skin. Lightweight yet warm, it’s suitable for all seasons — whether used as a sleeping blanket, stroller cover, or bedding layer. Easy to wash and long-lasting, this katha is a must-have for every baby’s daily use.",Home Textiles and Bedding,N,vase,clay,557580180,2590966650,557580180-1760162386918-1
VL-1010,10pcs/5pcs/1pcs Baby Cotton Katha – Soft & Lightweight Newborn Blanket | Comfortable Handcrafted Quilt for Babies (All Seasons) - Multicolor 5pcs,"Keep your baby warm and cozy with this premium Baby Cotton Katha, made from ultra-soft, breathable cotton fabric. Perfect for newborns and toddlers, this handcrafted baby quilt ensures gentle comfort for your baby’s sensitive skin. Lightweight yet warm, it’s suitable for all seasons — whether used as a sleeping blanket, stroller cover, or bedding layer. Easy to wash and long-lasting, this katha is a must-have for every baby’s daily use.",Home Textiles and Bedding,Y,vase,sand,557580180,2590966649,557580180-1760162386914-0
VL-1011,Alarm Clock – Classic Gold Silver - Gold,,Table and Alarm Clocks,Y,clock,peach,563152297,2600218764,563152297-1762793748343-0
VL-1012,Alarm Clock – Classic Gold Silver - Silver,,Table and Alarm Clocks,Y,clock,sage,563152297,2600218765,563152297-1762793748346-1
VL-1013,Alarm Clock – Gold and Ice Blue Dusky Pink - Blue,,Table and Alarm Clocks,Y,clock,gold,563153251,2600229212,563153251-1762794861344-0
VL-1014,Alarm Clock – Gold and Ice Blue Dusky Pink - Pink,,Table and Alarm Clocks,Y,clock,clay,563153251,2600229213,563153251-1762794861347-1
VL-1015,Alarm Clock – Gold and Ice Blue Dusky Pink - Black,,Table and Alarm Clocks,Y,clock,sand,563153251,2600229214,563153251-1762794861347-2
VL-1016,"LED Electronic Ambient Candy Light – Mini Decorative Table Lamp & Night Light for Home, Bedroom & Kids Room Decor - Blue","This LED Ambient Candy Table Lamp adds a warm, soothing glow to any room. Designed with a cute candy shape, it enhances kids’ rooms, bedrooms, study desks, or living spaces with soft light. The lamp is battery-operated, making it safe, portable, and easy to place anywhere without wiring. Its long-lasting LED provides gentle illumination ideal for sleeping time, mood lighting, or party decoration.
Perfect for gifting on birthdays, celebrations, or as a charming decorative piece for any home.",Lamps and Lighting,N,lamp,peach,567736262,2608821195,567736262-1765480710668-2
VL-1017,"LED Electronic Ambient Candy Light – Mini Decorative Table Lamp & Night Light for Home, Bedroom & Kids Room Decor - Pink","This LED Ambient Candy Table Lamp adds a warm, soothing glow to any room. Designed with a cute candy shape, it enhances kids’ rooms, bedrooms, study desks, or living spaces with soft light. The lamp is battery-operated, making it safe, portable, and easy to place anywhere without wiring. Its long-lasting LED provides gentle illumination ideal for sleeping time, mood lighting, or party decoration.
Perfect for gifting on birthdays, celebrations, or as a charming decorative piece for any home.",Lamps and Lighting,Y,lamp,sage,567736262,2608821194,567736262-1765480710668-1
VL-1018,"LED Electronic Ambient Candy Light – Mini Decorative Table Lamp & Night Light for Home, Bedroom & Kids Room Decor - Multicolor","This LED Ambient Candy Table Lamp adds a warm, soothing glow to any room. Designed with a cute candy shape, it enhances kids’ rooms, bedrooms, study desks, or living spaces with soft light. The lamp is battery-operated, making it safe, portable, and easy to place anywhere without wiring. Its long-lasting LED provides gentle illumination ideal for sleeping time, mood lighting, or party decoration.
Perfect for gifting on birthdays, celebrations, or as a charming decorative piece for any home.",Lamps and Lighting,Y,lamp,gold,567736262,2608821193,567736262-1765480710668-0
VL-1019,"Alloy Helicopter Model – Metal Aircraft Decorative Ornament for Desktop, Office & Home Decor","This Alloy Helicopter Model is a beautifully crafted metal aircraft decorative ornament designed to enhance the look of your desktop, office, or home interior. Made from durable alloy metal, it features a realistic helicopter design with detailed finishing that adds a premium and professional touch to any space.
Perfect for office desks, study tables, living room shelves, or display cabinets, this model is also an excellent gift choice for aviation enthusiasts, collectors, and décor lovers. Its solid construction ensures long-lasting durability while maintaining an elegant appearance.
🔹 Specifications
Material Alloy metal
Type Helicopter model
Usage Desktop office home decoration
Style Aircraft aviation theme
Ideal for Gift decoration collection",Home Decor and Showpieces,Y,vase,clay,568591734,2615639125,568591734-1766422363809-0
VL-1020,"Embossed Label with English Numbers – Durable Adhesive Code YZC-053 for Office, School & Home Organization","This Embossed Label with English Numbers (YZC-053) is perfect for organizing files, boxes, and personal items at home, school, or office. Made from durable materials with a strong adhesive, these labels stick firmly on most surfaces without leaving residue. The embossed English numbers provide a clear, stylish, and professional look for labeling and inventory management.
Material: Durable adhesive plastic
Design: Embossed English numbers
Usage: Home, school, office, storage labeling
Code: YZC-053
Features: Easy to apply, reusable in some cases, compact and lightweight",Office and Stationery,Y,vase,sand,568621291,2615742999,568621291-1766472828768-0
VL-1021,"Capital English Alphabet Stickers for Decoration – Uppercase Letters DIY Craft Wall, Notebook, and School Project (DB-034)",,Office and Stationery,Y,vase,peach,568626147,2615780158,568626147-1766474421468-0
VL-1022,"Mini 12oz Stainless Steel Water Bottle, Small Vacuum Insulated Water Bottle Leak Proof Sport Tumbler Cup Hot and Cold Water Bottle for Women Girls Kids Gift Milk Tea Lunch",,Bottles and Lunch Boxes,N,vase,sage,570333553,2620575813,570333553-1767600266131-0
VL-1023,"Bmw Auto Open Umbrella (8 sik) Black,Navy Blue,Maroon",,Watches and Fashion,Y,vase,gold,1581391272,12672463153,1581391272-1777720233850-0
VL-1024,BMW Motorsport High-Quality Umbrella Big Size,,Watches and Fashion,Y,vase,clay,1581608055,12672619381,1581608055-1777721343038-0
VL-1025,BMW Umbrella 12 rib auto open & auto close,,Watches and Fashion,Y,vase,sand,1581783314,12673563855,1581783314-1778387346895-0
VL-1026,Glass Bottle Water Bottle Drinks Bottle Transparent Milk Juice Simple Cup Birthday Gift 500ml - Green,"High-Quality Glass Material: Our glass graduated water bottle is made of thick lead-free glass material. Temperature resistance 0℃~100℃, tough and not easy to break.
Clear Scale: The glass water bottle comes with a high-temperature baking paint scale on the outside, which is not easy to fall off and fade, and always reminds you to drink healthy water to meet different daily needs.
Large Capacity: 500ML is optional. You can drink water, juice, milk, coffee, etc. with it. The small and exquisite glass graduated water bottle is also suitable as a breakfast cup.
Large Mouth Design: Our glass graduated water bottle has a large round mouth, which is smooth for lip protection. 3cm large diameter, easy to put ice cubes, and easy to clean.
After-Sales Service: We provide high-quality products and great service. If you have any questions, you can contact us and we will help you.",Bottles and Lunch Boxes,Y,vase,peach,1582548693,12677662591,1582548693-1778734173477-5
VL-1027,Glass Bottle Water Bottle Drinks Bottle Transparent Milk Juice Simple Cup Birthday Gift 500ml - Pink,"High-Quality Glass Material: Our glass graduated water bottle is made of thick lead-free glass material. Temperature resistance 0℃~100℃, tough and not easy to break.
Clear Scale: The glass water bottle comes with a high-temperature baking paint scale on the outside, which is not easy to fall off and fade, and always reminds you to drink healthy water to meet different daily needs.
Large Capacity: 500ML is optional. You can drink water, juice, milk, coffee, etc. with it. The small and exquisite glass graduated water bottle is also suitable as a breakfast cup.
Large Mouth Design: Our glass graduated water bottle has a large round mouth, which is smooth for lip protection. 3cm large diameter, easy to put ice cubes, and easy to clean.
After-Sales Service: We provide high-quality products and great service. If you have any questions, you can contact us and we will help you.",Bottles and Lunch Boxes,Y,vase,sage,1582548693,12677662590,1582548693-1778734173477-4
VL-1028,Glass Bottle Water Bottle Drinks Bottle Transparent Milk Juice Simple Cup Birthday Gift 500ml - Orange,"High-Quality Glass Material: Our glass graduated water bottle is made of thick lead-free glass material. Temperature resistance 0℃~100℃, tough and not easy to break.
Clear Scale: The glass water bottle comes with a high-temperature baking paint scale on the outside, which is not easy to fall off and fade, and always reminds you to drink healthy water to meet different daily needs.
Large Capacity: 500ML is optional. You can drink water, juice, milk, coffee, etc. with it. The small and exquisite glass graduated water bottle is also suitable as a breakfast cup.
Large Mouth Design: Our glass graduated water bottle has a large round mouth, which is smooth for lip protection. 3cm large diameter, easy to put ice cubes, and easy to clean.
After-Sales Service: We provide high-quality products and great service. If you have any questions, you can contact us and we will help you.",Bottles and Lunch Boxes,Y,vase,gold,1582548693,12677662589,1582548693-1778734173477-3
VL-1029,Glass Bottle Water Bottle Drinks Bottle Transparent Milk Juice Simple Cup Birthday Gift 500ml - Blue,"High-Quality Glass Material: Our glass graduated water bottle is made of thick lead-free glass material. Temperature resistance 0℃~100℃, tough and not easy to break.
Clear Scale: The glass water bottle comes with a high-temperature baking paint scale on the outside, which is not easy to fall off and fade, and always reminds you to drink healthy water to meet different daily needs.
Large Capacity: 500ML is optional. You can drink water, juice, milk, coffee, etc. with it. The small and exquisite glass graduated water bottle is also suitable as a breakfast cup.
Large Mouth Design: Our glass graduated water bottle has a large round mouth, which is smooth for lip protection. 3cm large diameter, easy to put ice cubes, and easy to clean.
After-Sales Service: We provide high-quality products and great service. If you have any questions, you can contact us and we will help you.",Bottles and Lunch Boxes,Y,vase,clay,1582548693,12677662588,1582548693-1778734173477-2
VL-1030,Glass Bottle Water Bottle Drinks Bottle Transparent Milk Juice Simple Cup Birthday Gift 500ml - Black,"High-Quality Glass Material: Our glass graduated water bottle is made of thick lead-free glass material. Temperature resistance 0℃~100℃, tough and not easy to break.
Clear Scale: The glass water bottle comes with a high-temperature baking paint scale on the outside, which is not easy to fall off and fade, and always reminds you to drink healthy water to meet different daily needs.
Large Capacity: 500ML is optional. You can drink water, juice, milk, coffee, etc. with it. The small and exquisite glass graduated water bottle is also suitable as a breakfast cup.
Large Mouth Design: Our glass graduated water bottle has a large round mouth, which is smooth for lip protection. 3cm large diameter, easy to put ice cubes, and easy to clean.
After-Sales Service: We provide high-quality products and great service. If you have any questions, you can contact us and we will help you.",Bottles and Lunch Boxes,Y,vase,sand,1582548693,12677662587,1582548693-1778734173477-1
VL-1031,Glass Bottle Water Bottle Drinks Bottle Transparent Milk Juice Simple Cup Birthday Gift 500ml - Multicolor,"High-Quality Glass Material: Our glass graduated water bottle is made of thick lead-free glass material. Temperature resistance 0℃~100℃, tough and not easy to break.
Clear Scale: The glass water bottle comes with a high-temperature baking paint scale on the outside, which is not easy to fall off and fade, and always reminds you to drink healthy water to meet different daily needs.
Large Capacity: 500ML is optional. You can drink water, juice, milk, coffee, etc. with it. The small and exquisite glass graduated water bottle is also suitable as a breakfast cup.
Large Mouth Design: Our glass graduated water bottle has a large round mouth, which is smooth for lip protection. 3cm large diameter, easy to put ice cubes, and easy to clean.
After-Sales Service: We provide high-quality products and great service. If you have any questions, you can contact us and we will help you.",Bottles and Lunch Boxes,Y,vase,peach,1582548693,12677662586,1582548693-1778734173477-0
VL-1032,"Vintage Retro Wooden Music Box Antique Style Decorative Telephone Shape Music Box for Living Room Classic Enthusiasts Plastic for Elise, Birthday Valentine Day Xmas Eid Ramadan Gifts - White",,Bath and Storage,Y,vase,sage,1584614059,12684347928,1584614059-1780477014486-1
VL-1033,"Vintage Retro Wooden Music Box Antique Style Decorative Telephone Shape Music Box for Living Room Classic Enthusiasts Plastic for Elise, Birthday Valentine Day Xmas Eid Ramadan Gifts - Black",,Bath and Storage,Y,vase,gold,1584614059,12684347927,1584614059-1780477014486-0
VL-1034,Frozen Princess Mini Comb & Mirror Set | Disney Princess Portable Makeup Mirror | Cute Pocket Hair Comb for Girls | Kids Beauty Toy | Birthday Return Gift,,Mirrors and Frames,Y,mirror,clay,1584833503,12685757073,1584833503-1780993967199-0
VL-1035,Upgraded Digital Alarm Clock LED Digital Desk Clock Table Electronic Clock Sound Control Backlight Alarm Clocks Bedroom Bedside Kid Home Decor Despertador  LED Display with Temperature Larger Lound Light Control Portable Snooze Calendar Brightness wit - Multicolor,,Table and Alarm Clocks,Y,clock,sand,1584843460,12686560118,1584843460-1780997437188-4
VL-1036,Upgraded Digital Alarm Clock LED Digital Desk Clock Table Electronic Clock Sound Control Backlight Alarm Clocks Bedroom Bedside Kid Home Decor Despertador  LED Display with Temperature Larger Lound Light Control Portable Snooze Calendar Brightness wit - Pink,,Table and Alarm Clocks,Y,clock,peach,1584843460,12686560117,1584843460-1780997437188-3
VL-1037,Upgraded Digital Alarm Clock LED Digital Desk Clock Table Electronic Clock Sound Control Backlight Alarm Clocks Bedroom Bedside Kid Home Decor Despertador  LED Display with Temperature Larger Lound Light Control Portable Snooze Calendar Brightness wit - Green,,Table and Alarm Clocks,Y,clock,sage,1584843460,12686560116,1584843460-1780997437188-2
VL-1038,Upgraded Digital Alarm Clock LED Digital Desk Clock Table Electronic Clock Sound Control Backlight Alarm Clocks Bedroom Bedside Kid Home Decor Despertador  LED Display with Temperature Larger Lound Light Control Portable Snooze Calendar Brightness wit - Blue,,Table and Alarm Clocks,Y,clock,gold,1584843460,12686560115,1584843460-1780997437188-1
VL-1039,Upgraded Digital Alarm Clock LED Digital Desk Clock Table Electronic Clock Sound Control Backlight Alarm Clocks Bedroom Bedside Kid Home Decor Despertador  LED Display with Temperature Larger Lound Light Control Portable Snooze Calendar Brightness wit - Black,,Table and Alarm Clocks,Y,clock,clay,1584843460,12686560114,1584843460-1780997437185-0
VL-1040,"Retro TV Digital Kitchen Timer & Stopwatch | Countdown Timer Alarm Clock with Backlight | Thermometer Weather Station | Green Desktop Table Clock for Kitchen, Study, Office, Home Decor, Gift, Eid, Ramadan & Birthday - Green","Upgrade your desk or bedside table with this stylish digital alarm clock. Featuring a large and clear display, it shows time, date, day, and room temperature at a glance. The built-in alarm and snooze function help you wake up on time, while the compact modern design makes it perfect for bedrooms, offices, study tables, and living rooms.
Its easy-to-read screen and elegant appearance provide both functionality and decoration for your space.
Specifications
Product Type: Digital Alarm Clock
Display: LCD Digital Screen
Functions: Time, Alarm, Date, Day, Temperature
Temperature Unit: °C
Usage: Bedroom, Office, Study Table
Color: Green
Design: Compact Desktop Clock
Digital Clock, Alarm Clock, Table Clock, Desktop Clock, LED Clock, Temperature Clock, Bedroom Clock, Office Clock, Digital Alarm Clock, Desk Alarm Clock, Modern Clock",Table and Alarm Clocks,Y,clock,sand,1584968830,12685533853,1584968830-1780824383469-2
VL-1041,"Retro TV Digital Kitchen Timer & Stopwatch | Countdown Timer Alarm Clock with Backlight | Thermometer Weather Station | Green Desktop Table Clock for Kitchen, Study, Office, Home Decor, Gift, Eid, Ramadan & Birthday - Blue","Upgrade your desk or bedside table with this stylish digital alarm clock. Featuring a large and clear display, it shows time, date, day, and room temperature at a glance. The built-in alarm and snooze function help you wake up on time, while the compact modern design makes it perfect for bedrooms, offices, study tables, and living rooms.
Its easy-to-read screen and elegant appearance provide both functionality and decoration for your space.
Specifications
Product Type: Digital Alarm Clock
Display: LCD Digital Screen
Functions: Time, Alarm, Date, Day, Temperature
Temperature Unit: °C
Usage: Bedroom, Office, Study Table
Color: Green
Design: Compact Desktop Clock
Digital Clock, Alarm Clock, Table Clock, Desktop Clock, LED Clock, Temperature Clock, Bedroom Clock, Office Clock, Digital Alarm Clock, Desk Alarm Clock, Modern Clock",Table and Alarm Clocks,Y,clock,peach,1584968830,12685533852,1584968830-1780824383469-1
VL-1042,"Retro TV Digital Kitchen Timer & Stopwatch | Countdown Timer Alarm Clock with Backlight | Thermometer Weather Station | Green Desktop Table Clock for Kitchen, Study, Office, Home Decor, Gift, Eid, Ramadan & Birthday - Black","Upgrade your desk or bedside table with this stylish digital alarm clock. Featuring a large and clear display, it shows time, date, day, and room temperature at a glance. The built-in alarm and snooze function help you wake up on time, while the compact modern design makes it perfect for bedrooms, offices, study tables, and living rooms.
Its easy-to-read screen and elegant appearance provide both functionality and decoration for your space.
Specifications
Product Type: Digital Alarm Clock
Display: LCD Digital Screen
Functions: Time, Alarm, Date, Day, Temperature
Temperature Unit: °C
Usage: Bedroom, Office, Study Table
Color: Green
Design: Compact Desktop Clock
Digital Clock, Alarm Clock, Table Clock, Desktop Clock, LED Clock, Temperature Clock, Bedroom Clock, Office Clock, Digital Alarm Clock, Desk Alarm Clock, Modern Clock",Table and Alarm Clocks,Y,clock,sage,1584968830,12685533851,1584968830-1780824383469-0
VL-1043,"Guitar Desk Clock with Pen Stand | Decorative Table Clock | Office & Home Desk Organizer | Birthday, Eid, Ramadan Gift for Men & Women - Black","Add style and functionality to your workspace with this Guitar Desk Clock featuring a built-in pen stand. Its unique guitar-shaped design enhances the beauty of your desk while helping you keep pens, pencils, and small stationery items organized. Perfect for home, office, study table, or reception desk decoration. It also makes an excellent gift choice for Eid, Ramadan, birthdays, and other special occasions.
Specifications:
Product Type: Desk Clock with Pen Stand
Design: Guitar Shape
Material: Plastic
Function: Clock + Pen Holder + Desk Organizer
Usage: Home, Office, Study Table
Gift Suitable: Eid, Ramadan, Birthday, Anniversary, Corporate Gift
Color: As Shown in Picture
Size : 18.5 x 6 x 28 cm
Package Includes:
1 x Guitar Desk Clock with Pen Stand",Table and Alarm Clocks,Y,clock,gold,1584972728,12685557741,1584972728-1780855022935-0
VL-1044,"Guitar Desk Clock with Pen Stand | Decorative Table Clock | Office & Home Desk Organizer | Birthday, Eid, Ramadan Gift for Men & Women - Gold","Add style and functionality to your workspace with this Guitar Desk Clock featuring a built-in pen stand. Its unique guitar-shaped design enhances the beauty of your desk while helping you keep pens, pencils, and small stationery items organized. Perfect for home, office, study table, or reception desk decoration. It also makes an excellent gift choice for Eid, Ramadan, birthdays, and other special occasions.
Specifications:
Product Type: Desk Clock with Pen Stand
Design: Guitar Shape
Material: Plastic
Function: Clock + Pen Holder + Desk Organizer
Usage: Home, Office, Study Table
Gift Suitable: Eid, Ramadan, Birthday, Anniversary, Corporate Gift
Color: As Shown in Picture
Size : 18.5 x 6 x 28 cm
Package Includes:
1 x Guitar Desk Clock with Pen Stand",Table and Alarm Clocks,Y,clock,clay,1584972728,12685557742,1584972728-1780855022935-1
VL-1045,Kids Metal Money Bank with Lock & Key | Colorful Piggy Bank Coin Saving Box | Educational Savings Bank | Teaches Smart Saving Habits | Birthday Return Gift for Boys & Girls | Multicolor | Pack of 1 - Blue,,Bath and Storage,Y,vase,sand,1585054646,12685737110,1585054646-1780989660368-2
VL-1046,Kids Metal Money Bank with Lock & Key | Colorful Piggy Bank Coin Saving Box | Educational Savings Bank | Teaches Smart Saving Habits | Birthday Return Gift for Boys & Girls | Multicolor | Pack of 1 - Green,,Bath and Storage,Y,vase,peach,1585054646,12685737108,1585054646-1780989660364-0
VL-1047,Kids Metal Money Bank with Lock & Key | Colorful Piggy Bank Coin Saving Box | Educational Savings Bank | Teaches Smart Saving Habits | Birthday Return Gift for Boys & Girls | Multicolor | Pack of 1 - Red,,Bath and Storage,Y,vase,sage,1585054646,12685737109,1585054646-1780989660368-1
VL-1048,LED Lotus Light Battery Operated Lamps Prayer Flicker LED Candle Tea Lamp GHAN,,Candles and Holders,Y,vase,gold,1586017720,12690628497,1586017720-1783341534911-0
VL-1049,"Vintage Retro Rotary Dial Decor-Telephone Music Box | European Style Decorative Storage Phone | Home, Office & Café Decor - Multicolor","Add a classic touch to your space with this Vintage Retro Rotary Dial Telephone Music Box. Designed in an elegant European style, this decorative telephone also features a convenient storage box, making it both stylish and functional. Perfect for home decoration, office desk decor, living room decor, bar decor, and cafe decor. It is an excellent birthday gift, Eid gift, Ramadan gift, housewarming gift, or office gift for family and friends.",Home Decor and Showpieces,Y,vase,clay,1586071972,12689873762,1586071972-1783578714073-0
VL-1050,"Vintage Retro Rotary Dial Decor-Telephone Music Box | European Style Decorative Storage Phone | Home, Office & Café Decor - White","Add a classic touch to your space with this Vintage Retro Rotary Dial Telephone Music Box. Designed in an elegant European style, this decorative telephone also features a convenient storage box, making it both stylish and functional. Perfect for home decoration, office desk decor, living room decor, bar decor, and cafe decor. It is an excellent birthday gift, Eid gift, Ramadan gift, housewarming gift, or office gift for family and friends.",Home Decor and Showpieces,Y,vase,sand,1586071972,12689873763,1586071972-1783578714073-1
VL-1051,"Vintage Retro Rotary Dial Decor-Telephone Music Box | European Style Decorative Storage Phone | Home, Office & Café Decor - Black","Add a classic touch to your space with this Vintage Retro Rotary Dial Telephone Music Box. Designed in an elegant European style, this decorative telephone also features a convenient storage box, making it both stylish and functional. Perfect for home decoration, office desk decor, living room decor, bar decor, and cafe decor. It is an excellent birthday gift, Eid gift, Ramadan gift, housewarming gift, or office gift for family and friends.",Home Decor and Showpieces,Y,vase,peach,1586071972,12689873764,1586071972-1783578714073-2
VL-1052,"VIODAIM Flameless LED Pillar Candle with Timer | Battery Powered Flickering Votive Candle 2×3 Inch | Home, Ramadan & Eid Decoration","Enhance your home with the VIODAIM Flameless LED Candle, featuring a realistic flickering LED candle effect and convenient timer function. This battery operated candle is a safe alternative to traditional candles, with no smoke, no wax, and no fire hazard. Perfect for Ramadan decoration, Eid decoration, wedding decoration, festival decoration, table decor, and home decor. The warm white LED light creates a cozy atmosphere for your bedroom, living room, dining table, or special events.",Candles and Holders,Y,vase,sage,1586077792,12690748128,1586077792-1783524978746-0
VL-1053,"Water Filter for Sink, Faucet Mount Water Filtration System for Tap Water, Reduces 99% of Lead, Chrome – Horizontal Faucet Mount for Crisp, Refreshing Water(6 Layer Protection)",,Cookware and Kitchen,Y,vase,gold,1586153165,12690840339,1586153165-1783942983329-0
VL-1054,Ramadan LED Decorative Lantern | Eid Mubarak Table Lamp | Islamic Hanging Lantern | Home Decor & Gift - Multicolor,"Product Type: LED Decorative Lantern
Material: Plastic
Light Source: Warm LED Light
Power Source: Battery Operated
Color: Gold, Black
Design: Islamic Ramadan & Eid Pattern
Usage:
Home Decoration
Ramadan Decoration
Eid Decoration
Table Decor
Hanging Decor
Prayer Room Decor
Suitable For:
Ramadan
Eid-ul-Fitr
Eid-ul-Adha
Iftar Party
Home Decoration
Office Decoration
Gift Giving
Package Includes:
1 × LED Ramadan Lantern",Gifts and Seasonal,Y,vase,clay,1586306730,12689849769,1586306730-1783512587348-2
VL-1055,Ramadan LED Decorative Lantern | Eid Mubarak Table Lamp | Islamic Hanging Lantern | Home Decor & Gift - Black,"Product Type: LED Decorative Lantern
Material: Plastic
Light Source: Warm LED Light
Power Source: Battery Operated
Color: Gold, Black
Design: Islamic Ramadan & Eid Pattern
Usage:
Home Decoration
Ramadan Decoration
Eid Decoration
Table Decor
Hanging Decor
Prayer Room Decor
Suitable For:
Ramadan
Eid-ul-Fitr
Eid-ul-Adha
Iftar Party
Home Decoration
Office Decoration
Gift Giving
Package Includes:
1 × LED Ramadan Lantern",Gifts and Seasonal,Y,vase,sand,1586306730,12689849768,1586306730-1783512587348-1
VL-1056,Ramadan LED Decorative Lantern | Eid Mubarak Table Lamp | Islamic Hanging Lantern | Home Decor & Gift - Gold,"Product Type: LED Decorative Lantern
Material: Plastic
Light Source: Warm LED Light
Power Source: Battery Operated
Color: Gold, Black
Design: Islamic Ramadan & Eid Pattern
Usage:
Home Decoration
Ramadan Decoration
Eid Decoration
Table Decor
Hanging Decor
Prayer Room Decor
Suitable For:
Ramadan
Eid-ul-Fitr
Eid-ul-Adha
Iftar Party
Home Decoration
Office Decoration
Gift Giving
Package Includes:
1 × LED Ramadan Lantern",Gifts and Seasonal,Y,vase,peach,1586306730,12689849767,1586306730-1783512587348-0
VL-1057,"Creative 5-Piece School Stationery Set Gift Box | Kids Student Stationery Supplies | Birthday, Eid & Ramadan Gift - Multicolor","Product Type: School Stationery Gift Set
Items: 5-Piece Stationery Set
Suitable For: Boys & Girls, Primary School Students
Usage: School, Home, Study, Drawing & Writing
Packaging: Gift Box
Occasions: Birthday, Eid, Ramadan, Back to School, Children's Day, Return Gifts",Office and Stationery,Y,vase,sage,1586314575,12689855343,1586314575-1783509589430-0
VL-1058,"Creative 5-Piece School Stationery Set Gift Box | Kids Student Stationery Supplies | Birthday, Eid & Ramadan Gift - Blue","Product Type: School Stationery Gift Set
Items: 5-Piece Stationery Set
Suitable For: Boys & Girls, Primary School Students
Usage: School, Home, Study, Drawing & Writing
Packaging: Gift Box
Occasions: Birthday, Eid, Ramadan, Back to School, Children's Day, Return Gifts",Office and Stationery,Y,vase,gold,1586314575,12689855345,1586314575-1783509589430-2
VL-1059,"Creative 5-Piece School Stationery Set Gift Box | Kids Student Stationery Supplies | Birthday, Eid & Ramadan Gift - Pink","Product Type: School Stationery Gift Set
Items: 5-Piece Stationery Set
Suitable For: Boys & Girls, Primary School Students
Usage: School, Home, Study, Drawing & Writing
Packaging: Gift Box
Occasions: Birthday, Eid, Ramadan, Back to School, Children's Day, Return Gifts",Office and Stationery,Y,vase,clay,1586314575,12689855344,1586314575-1783509589430-1
VL-1060,"Creative 5-Piece School Stationery Set Gift Box | Kids Student Stationery Supplies | Birthday, Eid & Ramadan Gift - Purple","Product Type: School Stationery Gift Set
Items: 5-Piece Stationery Set
Suitable For: Boys & Girls, Primary School Students
Usage: School, Home, Study, Drawing & Writing
Packaging: Gift Box
Occasions: Birthday, Eid, Ramadan, Back to School, Children's Day, Return Gifts",Office and Stationery,Y,vase,sand,1586314575,12689855346,1586314575-1783509589430-3
VL-1061,AC/DC12V 10A Automatic Auto On Off Photocell Street Light Switch 50-60Hz 10A Photo Control Photoswitch Sensor,,Electronics and Audio,N,vase,peach,1586396586,12690039354,1586396586-1784065838729-0
VL-1062,8 in 1 Mini Sewing Machine - Dual Speed Portable Mini Electric Pedal Double Threads Rewind Swing Machine,,Appliances and Tools,N,vase,sage,1586408301,12690041189,1586408301-1784067421956-0
VL-1063,DOUKI Heat Resistant Spatula White Silicone Edge Frying Shovel Non-Stick Chef Kitchen Utensils Set for Nonstick Cookware Frying Eggs,,Tableware and Serving,Y,vase,gold,1587550223,12693555261,1587550223-1785807583598-0
VL-1064,"""Flower Shape Crystal LED Tea Light - 10x10cm Multi-Color ABS Plastic Candle for Ramadan, Wedding, and Party Decor | Battery-Powered Light for Table and Room""

 Eid, Romadan, Birthday, Gift",,Candles and Holders,Y,vase,clay,1587552177,12694430196,1587552177-1785806757692-0
VL-1065,"Digital Silent Small Alarm Clock with Large Volume Bedside Luminous Alarm Bell Clock Twin Bell Vintage Metal Alarm Clock with Night Light for Dormitory Home Office, - Blue",,Table and Alarm Clocks,Y,clock,sand,1595676563,12702193116,1595676563-1789392904610-2
VL-1066,"Digital Silent Small Alarm Clock with Large Volume Bedside Luminous Alarm Bell Clock Twin Bell Vintage Metal Alarm Clock with Night Light for Dormitory Home Office, - Chocolate",,Table and Alarm Clocks,Y,clock,peach,1595676563,12702193117,1595676563-1789392904610-3
VL-1067,"Digital Silent Small Alarm Clock with Large Volume Bedside Luminous Alarm Bell Clock Twin Bell Vintage Metal Alarm Clock with Night Light for Dormitory Home Office, - Pink",,Table and Alarm Clocks,Y,clock,sage,1595676563,12702193114,1595676563-1789392904610-0
VL-1068,"Digital Silent Small Alarm Clock with Large Volume Bedside Luminous Alarm Bell Clock Twin Bell Vintage Metal Alarm Clock with Night Light for Dormitory Home Office, - Green",,Table and Alarm Clocks,Y,clock,gold,1595676563,12702193115,1595676563-1789392904610-1
