item_no,image_url,alt_text,display_order,active_status
VL-001,https://static-01.daraz.com.bd/p/fed2b6be54b28e7938482f4a7eab062d.jpg,USB charge multifunctional music torch mini bluetooth speaker LED flashlights power bank mobile powe,1,Y
VL-002,https://static-01.daraz.com.bd/p/505e10af35af002e9e4c91d23ed9f367.jpg,UiiSii HM13 In-Ear Dynamic Headset with Microphone - Blue,1,Y
VL-003,https://static-01.daraz.com.bd/p/d77304180c89e9efaa5c3ba91944c3c1.png,UiiSii HM12 In-Ear Dynamic Headset with Microphone - Gold,1,Y
VL-004,https://static-01.daraz.com.bd/p/d77304180c89e9efaa5c3ba91944c3c1.png,UiiSii HM12 In-Ear Dynamic Headset with Microphone - White,1,Y
VL-005,https://static-01.daraz.com.bd/p/d77304180c89e9efaa5c3ba91944c3c1.png,UiiSii HM12 In-Ear Dynamic Headset with Microphone - Yellow,1,Y
VL-006,https://static-01.daraz.com.bd/p/0eeb7ba0e48f7336fa8b8a4c512a14df.jpg,UiiSii HM13 In-Ear Dynamic Headset with Microphone - White,1,Y
VL-007,https://static-01.daraz.com.bd/p/4cc7407ed91cf1718d1e85b26e0ad4ed.jpg,UiiSii HM13 In-Ear Dynamic Headset with Microphone - Gold,1,Y
VL-008,https://static-01.daraz.com.bd/p/0254cfa94713190c84fac9befb2827f2.jpg,UiiSii HM12 In-Ear Dynamic Headset with Microphone - Black,1,Y
VL-009,https://static-01.daraz.com.bd/p/c548f55f52759bace159fed3ca2076cc.jpg,UiiSii HM12 In-Ear Dynamic Headset with Microphone - Blue,1,Y
VL-010,https://static-01.daraz.com.bd/p/73750781382b97715d3026d15c82bfe4.jpg,Vintage Alarm Clock Retro Oil Lamp Alarm Clock Watch Table Kerosene Light Clock Living Room Decor Articles Office Craft Ornament,1,Y
VL-010,https://static-01.daraz.com.bd/p/mdc/cd7234bc6c44db59c6cd1b2013cce145.jpg,Vintage Alarm Clock Retro Oil Lamp Alarm Clock Watch Table Kerosene Light Clock Living Room Decor Articles Office Craft Ornament,2,Y
VL-010,https://static-01.daraz.com.bd/p/621f8632464288dc46276dd8ae8839a4.jpg,Vintage Alarm Clock Retro Oil Lamp Alarm Clock Watch Table Kerosene Light Clock Living Room Decor Articles Office Craft Ornament,3,Y
VL-010,https://static-01.daraz.com.bd/p/bf858721f0a87d44701c79cee662bd6a.jpg,Vintage Alarm Clock Retro Oil Lamp Alarm Clock Watch Table Kerosene Light Clock Living Room Decor Articles Office Craft Ornament,4,Y
VL-011,https://static-01.daraz.com.bd/p/5bf13dfbd06a00f39e4f871379c5ba0a.jpg,Fire proof plastic body Multiplug ML 4 Way Tower Double USB Charger,1,Y
VL-012,https://static-01.daraz.com.bd/p/17380efd95eb0bc6d62dc0ab56656067.jpg,Fire proof plastic body Multiplug ML 3 Way Tower Double USB Charger,1,Y
VL-013,https://bd-live-21.slatic.net/kf/Sda7df5017e4c400890dc14604f6885dcp.jpg,Fire proof plastic body Multiplug ML 254,1,Y
VL-014,https://static-01.daraz.com.bd/p/4df9f632670784a013e8f485d670284a.jpg,Fire proof plastic body Multiplug ML 412,1,Y
VL-015,https://static-01.daraz.com.bd/p/4de15a40adf7819c340893908bebcac8.jpg,Fire proof plastic body Multiplug ML-512,1,Y
VL-015,https://static-01.daraz.com.bd/p/e5cddcc5c003827f4055e26f58413dfe.jpg,Fire proof plastic body Multiplug ML-512,2,Y
VL-016,https://static-01.daraz.com.bd/p/28fa9a89ffbdbd3a54000b48ed49e1ff.jpg,Fire proof plastic body Multiplug ML 0034,1,Y
VL-017,https://static-01.daraz.com.bd/p/127c203c527b85f799d8787c2c5ac07c.jpg,Fire proof plastic body Multiplug ML-209,1,Y
VL-018,https://static-01.daraz.com.bd/p/4b9895a576e4b659fdf97c592be23ba1.jpg,Fire proof plastic body Multiplug ML-844,1,Y
VL-019,https://static-01.daraz.com.bd/p/4df9f632670784a013e8f485d670284a.jpg,Fire proof plastic body Multiplug ML 312,1,Y
VL-020,https://static-01.daraz.com.bd/p/08e584bd93822b06e23a0bc2dadb1dd6.jpg,Fire proof plastic body Multiplug ML-0455,1,Y
VL-020,https://static-01.daraz.com.bd/p/683540809823173a3a7ee3daf9cbec03.jpg,Fire proof plastic body Multiplug ML-0455,2,Y
VL-021,https://static-01.daraz.com.bd/p/1b72c5fbc1f4b1cc06dd1efdaa92e945.jpg,Fire proof plastic body Multiplug ML 212,1,Y
VL-022,https://static-01.daraz.com.bd/p/99e5d96159f3a7b99b7151072a3e3555.jpg,360° Rotating 25cm Earth Globe World Map With Stand Geography Education Toy Home Decoration Office Ornament Kids Gift - Multicolor,1,Y
VL-022,https://static-01.daraz.com.bd/p/b44d3c063021ade5b2bc24f101338f5c.jpg,360° Rotating 25cm Earth Globe World Map With Stand Geography Education Toy Home Decoration Office Ornament Kids Gift - Multicolor,2,Y
VL-022,https://static-01.daraz.com.bd/p/d64b663fe79f215fa8a34e18cca5a588.jpg,360° Rotating 25cm Earth Globe World Map With Stand Geography Education Toy Home Decoration Office Ornament Kids Gift - Multicolor,3,Y
VL-022,https://static-01.daraz.com.bd/p/3e9505eaf4ae61467821058cc2fe3466.jpg,360° Rotating 25cm Earth Globe World Map With Stand Geography Education Toy Home Decoration Office Ornament Kids Gift - Multicolor,4,Y
VL-022,https://static-01.daraz.com.bd/p/2e127de65f786958d937887eae6ad3f8.jpg,360° Rotating 25cm Earth Globe World Map With Stand Geography Education Toy Home Decoration Office Ornament Kids Gift - Multicolor,5,Y
VL-023,https://static-01.daraz.com.bd/p/c5e651dd7c3e43199d70f3e46f3b6722.jpg,360° Rotating 25cm Earth Globe World Map With Stand Geography Education Toy Home Decoration Office Ornament Kids Gift - Multicolor,1,Y
VL-023,https://static-01.daraz.com.bd/p/5cee153945acd9acbc9fd505682d1022.jpg,360° Rotating 25cm Earth Globe World Map With Stand Geography Education Toy Home Decoration Office Ornament Kids Gift - Multicolor,2,Y
VL-023,https://static-01.daraz.com.bd/p/2263aff4f25afb1faff94d3cd5a01c65.jpg,360° Rotating 25cm Earth Globe World Map With Stand Geography Education Toy Home Decoration Office Ornament Kids Gift - Multicolor,3,Y
VL-023,https://static-01.daraz.com.bd/p/6abdb78abc7b9b00c7e3e5f2c2ca0de6.jpg,360° Rotating 25cm Earth Globe World Map With Stand Geography Education Toy Home Decoration Office Ornament Kids Gift - Multicolor,4,Y
VL-023,https://static-01.daraz.com.bd/p/ee91638042d55e55804d4c11c39347ef.jpg,360° Rotating 25cm Earth Globe World Map With Stand Geography Education Toy Home Decoration Office Ornament Kids Gift - Multicolor,5,Y
VL-024,https://static-01.daraz.com.bd/p/4ac8e9da62a5a9cf24f8019a6c15ed8d.jpg,360° Rotating 25cm Earth Globe World Map With Stand Geography Education Toy Home Decoration Office Ornament Kids Gift,1,Y
VL-024,https://static-01.daraz.com.bd/p/475161b0ad28b1f807b53c7fecf855c2.jpg,360° Rotating 25cm Earth Globe World Map With Stand Geography Education Toy Home Decoration Office Ornament Kids Gift,2,Y
VL-024,https://static-01.daraz.com.bd/p/0433dfeabd867ccc654b1bf31ea4c739.jpg,360° Rotating 25cm Earth Globe World Map With Stand Geography Education Toy Home Decoration Office Ornament Kids Gift,3,Y
VL-024,https://static-01.daraz.com.bd/p/c243a7b934ef6b3effdf08983b70d35d.jpg,360° Rotating 25cm Earth Globe World Map With Stand Geography Education Toy Home Decoration Office Ornament Kids Gift,4,Y
VL-025,https://static-01.daraz.com.bd/p/8d33c03c04e8634867b32fd09940e29b.png,21.4cm Blue Ocean World Globe Map With Swivel Stand Geography Educational Toy Gift,1,Y
VL-025,https://static-01.daraz.com.bd/p/51ba80fcff7c8efe801efac9c60d9463.jpg,21.4cm Blue Ocean World Globe Map With Swivel Stand Geography Educational Toy Gift,2,Y
VL-025,https://static-01.daraz.com.bd/p/a769f5e76445ca71fa2f0cdd754a2b65.jpg,21.4cm Blue Ocean World Globe Map With Swivel Stand Geography Educational Toy Gift,3,Y
VL-026,https://static-01.daraz.com.bd/p/6ef2addc1fe3a034d5c1ab98718a66e6.jpg,Deli 3 Tier Office Filing Trays A4 Document Desk Riser Letter Paper Storage Organiser Magazine Rack Storage Deli 9217,1,Y
VL-027,https://static-01.daraz.com.bd/p/747953c0b6950660070409b5d0f26fe2.jpg,9217 Deli 3 Tier Office Filing Trays A4 Document Desk Riser Letter Paper Storage Organiser Magazine Rack Storage Deli 9217,1,Y
VL-028,https://static-01.daraz.com.bd/p/06dde90478285badda7d6c15569ca9cf.jpg,Effective file rack three-layer file tray folder storage box bookshelf simple desk student use book standing file storage desk storage multi-layer rack file box office supplies,1,Y
VL-028,https://static-01.daraz.com.bd/p/7f549406333ee521c8bd6b403d06c11d.jpg,Effective file rack three-layer file tray folder storage box bookshelf simple desk student use book standing file storage desk storage multi-layer rack file box office supplies,2,Y
VL-028,https://static-01.daraz.com.bd/p/d0ebdb3650d00fa0262113765212c0fc.jpg,Effective file rack three-layer file tray folder storage box bookshelf simple desk student use book standing file storage desk storage multi-layer rack file box office supplies,3,Y
VL-028,https://static-01.daraz.com.bd/p/0bf5461fd6efce883acb599cd1738f70.jpg,Effective file rack three-layer file tray folder storage box bookshelf simple desk student use book standing file storage desk storage multi-layer rack file box office supplies,4,Y
VL-028,https://static-01.daraz.com.bd/p/0c461df5297ba149158fba3c3548c34b.jpg,Effective file rack three-layer file tray folder storage box bookshelf simple desk student use book standing file storage desk storage multi-layer rack file box office supplies,5,Y
VL-029,https://static-01.daraz.com.bd/p/39f4d1ec1f0591f401449eb039e1adca.jpg,Deli 9217 file frame data frame file storage rack shelf file column file baskets file tray documentation block office supplies,1,Y
VL-030,https://static-01.daraz.com.bd/p/8464bdff8b0f138a4658fef8c071ab5c.jpg,"3M™ Peltor™ Optime 98 Over the Head Ear muff, Hearing Protection, Ear Protectors, NRR 26 dB, Ideal for heavy equipment operations",1,Y
VL-030,https://static-01.daraz.com.bd/p/7d11f56a9e1ed6c47c0e0f062478c04a.jpg,"3M™ Peltor™ Optime 98 Over the Head Ear muff, Hearing Protection, Ear Protectors, NRR 26 dB, Ideal for heavy equipment operations",2,Y
VL-030,https://static-01.daraz.com.bd/p/cd6cac71c68d67ed89fcffa3dd285541.jpg,"3M™ Peltor™ Optime 98 Over the Head Ear muff, Hearing Protection, Ear Protectors, NRR 26 dB, Ideal for heavy equipment operations",3,Y
VL-030,https://static-01.daraz.com.bd/p/aa4124432f503cc0183c079fc1058d8f.jpg,"3M™ Peltor™ Optime 98 Over the Head Ear muff, Hearing Protection, Ear Protectors, NRR 26 dB, Ideal for heavy equipment operations",4,Y
VL-030,https://static-01.daraz.com.bd/p/608a0b83140665dd61fe62a310920f64.jpg,"3M™ Peltor™ Optime 98 Over the Head Ear muff, Hearing Protection, Ear Protectors, NRR 26 dB, Ideal for heavy equipment operations",5,Y
VL-031,https://static-01.daraz.com.bd/p/32cc6d739b60fcafaa894bb7331049cc.jpg,"Hearing Protection, Ear Protectors, NRR 26 dB, Ideal for heavy equipment operations, 3M™ Peltor™ Optime 98 Over the Head Ear muff,",1,Y
VL-031,https://static-01.daraz.com.bd/p/1a9776542198335a5b308144c9f7f052.jpg,"Hearing Protection, Ear Protectors, NRR 26 dB, Ideal for heavy equipment operations, 3M™ Peltor™ Optime 98 Over the Head Ear muff,",2,Y
VL-031,https://static-01.daraz.com.bd/p/7d11f56a9e1ed6c47c0e0f062478c04a.jpg,"Hearing Protection, Ear Protectors, NRR 26 dB, Ideal for heavy equipment operations, 3M™ Peltor™ Optime 98 Over the Head Ear muff,",3,Y
VL-032,https://static-01.daraz.com.bd/p/1fccf9fe1b368e9df47493cc205632ec.jpg,Table Kerosene Light Clock Living Room Decor Articles Office Craft Ornament Vintage Alarm Clock Retro Oil Lamp Alarm Clock Watch,1,Y
VL-032,https://static-01.daraz.com.bd/p/f411391eb7d5ba0a77a0c0361efc5373.jpg,Table Kerosene Light Clock Living Room Decor Articles Office Craft Ornament Vintage Alarm Clock Retro Oil Lamp Alarm Clock Watch,2,Y
VL-032,https://static-01.daraz.com.bd/p/19c8ffe50d221c842b783e02adea3d10.jpg,Table Kerosene Light Clock Living Room Decor Articles Office Craft Ornament Vintage Alarm Clock Retro Oil Lamp Alarm Clock Watch,3,Y
VL-032,https://static-01.daraz.com.bd/p/6bee1ee43186c9488f05649b2a2c52df.jpg,Table Kerosene Light Clock Living Room Decor Articles Office Craft Ornament Vintage Alarm Clock Retro Oil Lamp Alarm Clock Watch,4,Y
VL-032,https://static-01.daraz.com.bd/p/6fa34ff3818d8f85ffd247f5799dd9a3.jpg,Table Kerosene Light Clock Living Room Decor Articles Office Craft Ornament Vintage Alarm Clock Retro Oil Lamp Alarm Clock Watch,5,Y
VL-033,https://static-01.daraz.com.bd/p/4cd2cb1c0e74fb649efef163c07155fa.png,Picture Frames Vintage Frame Photo Display for 6x4 inch.,1,Y
VL-034,https://static-01.daraz.com.bd/p/f1db5779fb1c35bba8b3b1d7055579e6.jpg,"ARPAN Vintage Style 6x4'' Multi 6, Aperture Picture Photo Frame Black or White (Black)",1,Y
VL-034,https://static-01.daraz.com.bd/p/53a4f7e65ee5d2c83abaaaf6b7958b10.jpg,"ARPAN Vintage Style 6x4'' Multi 6, Aperture Picture Photo Frame Black or White (Black)",2,Y
VL-034,https://static-01.daraz.com.bd/p/7533fdfeae8a3211662265cb7dcaa509.jpg,"ARPAN Vintage Style 6x4'' Multi 6, Aperture Picture Photo Frame Black or White (Black)",3,Y
VL-034,https://static-01.daraz.com.bd/p/ef9722316091391056301e658341ea3e.jpg,"ARPAN Vintage Style 6x4'' Multi 6, Aperture Picture Photo Frame Black or White (Black)",4,Y
VL-034,https://bd-live-21.slatic.net/kf/Sce70d47769d349f7b37b32abb33bf1fbQ.jpg,"ARPAN Vintage Style 6x4'' Multi 6, Aperture Picture Photo Frame Black or White (Black)",5,Y
VL-034,https://bd-live-21.slatic.net/kf/S975c8ad270f84456bb2afdc69e9f3c68X.jpg,"ARPAN Vintage Style 6x4'' Multi 6, Aperture Picture Photo Frame Black or White (Black)",6,Y
VL-034,https://bd-live-21.slatic.net/kf/Sbc10a9d18ba046aa898c7780a98df1449.jpg,"ARPAN Vintage Style 6x4'' Multi 6, Aperture Picture Photo Frame Black or White (Black)",7,Y
VL-035,https://static-01.daraz.com.bd/p/a7e9c5e2a366e3147e2599235d94c986.jpg,Art Street Stylish Switch Wooden Home Décor Table Photo Frame,1,Y
VL-036,https://static-01.daraz.com.bd/p/119b386497db3b91ae00fa5463fdd35d.png,Love Heart Shaped Gold Picture Frames Vintage Frame Photo Display,1,Y
VL-036,https://static-01.daraz.com.bd/p/898bffb0de096d2dcc8a70355e09d901.png,Love Heart Shaped Gold Picture Frames Vintage Frame Photo Display,2,Y
VL-037,https://static-01.daraz.com.bd/p/6f42e9098d7abf7b81ca37852c0caa71.jpg,"Ship Style Photo Frame with Clock for Study Table, Photo Frame Collages with Clock, 45 Gram, Multicolor, Pack of 1",1,Y
VL-037,https://static-01.daraz.com.bd/p/f8fba0bee32559a40a4fe9abd3aea7e6.png,"Ship Style Photo Frame with Clock for Study Table, Photo Frame Collages with Clock, 45 Gram, Multicolor, Pack of 1",2,Y
VL-038,https://static-01.daraz.com.bd/p/01e4919d05a05aa159688aba92045b13.png,"Dolphin Style Photo Frame with Clock for Study Table, Photo Frame Collages with Clock, Multicolor, Pack of 1",1,Y
VL-038,https://static-01.daraz.com.bd/p/b06d26e3306103d195136de995d4ad63.jpg,"Dolphin Style Photo Frame with Clock for Study Table, Photo Frame Collages with Clock, Multicolor, Pack of 1",2,Y
VL-038,https://static-01.daraz.com.bd/p/084b6fa342f617d4fbb16617ba690b93.jpg,"Dolphin Style Photo Frame with Clock for Study Table, Photo Frame Collages with Clock, Multicolor, Pack of 1",3,Y
VL-038,https://static-01.daraz.com.bd/p/506c1cc56b43102778b5434b7a730c4a.jpg,"Dolphin Style Photo Frame with Clock for Study Table, Photo Frame Collages with Clock, Multicolor, Pack of 1",4,Y
VL-038,https://static-01.daraz.com.bd/p/7409668e5ef183da0f6aefe01f27d424.jpg,"Dolphin Style Photo Frame with Clock for Study Table, Photo Frame Collages with Clock, Multicolor, Pack of 1",5,Y
VL-039,https://static-01.daraz.com.bd/p/3b8bff274e7aadbac6bb08ed6931d2a0.jpg,Eiffel Tower Frame with Love Alarm Table Clock Showpiece - Multicolor,1,Y
VL-039,https://static-01.daraz.com.bd/p/945b42c0dd1b3a2b5a2ae57f36630221.jpg,Eiffel Tower Frame with Love Alarm Table Clock Showpiece - Multicolor,2,Y
VL-040,https://static-01.daraz.com.bd/p/3c137b0db22e9d59ef493804fbe87fc4.jpg,"Dolphin Style Photo Frame with Clock for Study Table, Photo Frame Collages with Clock,Multicolor, Pack of 1",1,Y
VL-040,https://static-01.daraz.com.bd/p/5692af22203bc6e12c36be251507cfad.jpg,"Dolphin Style Photo Frame with Clock for Study Table, Photo Frame Collages with Clock,Multicolor, Pack of 1",2,Y
VL-040,https://static-01.daraz.com.bd/p/f1c9ce45af84354f1770e0a6f176d0e7.png,"Dolphin Style Photo Frame with Clock for Study Table, Photo Frame Collages with Clock,Multicolor, Pack of 1",3,Y
VL-041,https://static-01.daraz.com.bd/p/b2595bb82aecba4398f4776390ccf531.jpg,Eiffel Tower Frame with Love Alarm Table Clock Showpiece - Multicolor,1,Y
VL-041,https://static-01.daraz.com.bd/p/3b8bff274e7aadbac6bb08ed6931d2a0.jpg,Eiffel Tower Frame with Love Alarm Table Clock Showpiece - Multicolor,2,Y
VL-041,https://static-01.daraz.com.bd/p/945b42c0dd1b3a2b5a2ae57f36630221.jpg,Eiffel Tower Frame with Love Alarm Table Clock Showpiece - Multicolor,3,Y
VL-042,https://static-01.daraz.com.bd/p/4688b2921561f0c5040cf13c55a34335.jpg,Frame with Love Alarm Table Clock Showpiece,1,Y
VL-042,https://static-01.daraz.com.bd/p/c3e67a988e9b88b22768a0ad68cd0055.jpg,Frame with Love Alarm Table Clock Showpiece,2,Y
VL-042,https://static-01.daraz.com.bd/p/aa3955ac05301e15cfc918b8fffe2a1a.png,Frame with Love Alarm Table Clock Showpiece,3,Y
VL-042,https://static-01.daraz.com.bd/p/06baa5c7d0b95c025ea13b40b1cfc0fa.jpg,Frame with Love Alarm Table Clock Showpiece,4,Y
VL-043,https://static-01.daraz.com.bd/p/86bb47f2535f9165b31f8d8f4414c418.png,Crystal Globe Can be Placed on Home / Office / Study Table.,1,Y
VL-043,https://static-01.daraz.com.bd/p/8f18dc4ce1a3a9baa293027b179b040d.jpg,Crystal Globe Can be Placed on Home / Office / Study Table.,2,Y
VL-044,https://static-01.daraz.com.bd/p/d51155399cfc647f3f9e8f27461f7e9e.jpg,Hearing Protection Ear Muff Ear Protector - Multicolor,1,Y
VL-044,https://static-01.daraz.com.bd/p/fd237236c4e537228b266ee87073416e.jpg,Hearing Protection Ear Muff Ear Protector - Multicolor,2,Y
VL-045,https://static-01.daraz.com.bd/p/8f18dc4ce1a3a9baa293027b179b040d.jpg,Crystal Globe Can be Placed on Home / Office / Study Table. Pack of 3 pc,1,Y
VL-046,https://static-01.daraz.com.bd/p/f58ed341727b59964919ca0007a12073.png,Saxophone Alarm Clock Instrument Toy Student Desktop Birthday Fashion Home Decor,1,Y
VL-046,https://static-01.daraz.com.bd/p/989550acbe4e1f025915841c6cdb5a72.jpg,Saxophone Alarm Clock Instrument Toy Student Desktop Birthday Fashion Home Decor,2,Y
VL-047,https://static-01.daraz.com.bd/p/3e02d44fe708a79cff34b2848fbf4529.jpg,32cm World Globe Educational Political Map Swivel Rotating Desk Top Globe - Geography Learning Home School Office Decoration - Diameter 32cm,1,Y
VL-047,https://static-01.daraz.com.bd/p/15e91b3707b1c0b563a7ed1428b3e1d5.jpg,32cm World Globe Educational Political Map Swivel Rotating Desk Top Globe - Geography Learning Home School Office Decoration - Diameter 32cm,2,Y
VL-047,https://static-01.daraz.com.bd/p/8d15c036544bf724bb904ac8e8064b71.jpg,32cm World Globe Educational Political Map Swivel Rotating Desk Top Globe - Geography Learning Home School Office Decoration - Diameter 32cm,3,Y
VL-047,https://static-01.daraz.com.bd/p/48f6107ac8b98dd80ba86e5feee1dc5e.jpg,32cm World Globe Educational Political Map Swivel Rotating Desk Top Globe - Geography Learning Home School Office Decoration - Diameter 32cm,4,Y
VL-048,https://static-01.daraz.com.bd/p/c62482b8fcfcbb4142bcaaa486a0711d.jpg,Baby Girls Accessories Elsa Princess Accessories Cosplay Kids Headband Newborn Baby Accessories Birthday Gift Crown Magic Stick,1,Y
VL-048,https://static-01.daraz.com.bd/p/f456716a18af76a0d622aa7ea0339e71.jpg,Baby Girls Accessories Elsa Princess Accessories Cosplay Kids Headband Newborn Baby Accessories Birthday Gift Crown Magic Stick,2,Y
VL-049,https://static-01.daraz.com.bd/p/a51936606d6864e7a5303355f095c46c.jpg,7Pcs/set Kid Princess Cosplay Costume Crown Magic Stick Wig Braid Gloves Necklace Ring Earrings,1,Y
VL-049,https://static-01.daraz.com.bd/p/41d0594910cc5d0446a9ff350cd96b69.jpg,7Pcs/set Kid Princess Cosplay Costume Crown Magic Stick Wig Braid Gloves Necklace Ring Earrings,2,Y
VL-049,https://static-01.daraz.com.bd/p/a41ed21fbc60f48160d2b085ad44bd3f.jpg,7Pcs/set Kid Princess Cosplay Costume Crown Magic Stick Wig Braid Gloves Necklace Ring Earrings,3,Y
VL-050,https://static-01.daraz.com.bd/p/6e12a067c4cd664ca2311505197e2730.jpg,Princess Elsa Anna Hair Accessories Crown Wig For Kids Dress Up Party Girl Gifts,1,Y
VL-050,https://static-01.daraz.com.bd/p/6293a036b48630c0b31893ee006ee78f.jpg,Princess Elsa Anna Hair Accessories Crown Wig For Kids Dress Up Party Girl Gifts,2,Y
VL-050,https://static-01.daraz.com.bd/p/4ff8da871efd27b03ffe9127c6621353.jpg,Princess Elsa Anna Hair Accessories Crown Wig For Kids Dress Up Party Girl Gifts,3,Y
VL-051,https://static-01.daraz.com.bd/p/b38c171f335856ef61efa7ff5d799d66.jpg,Babies Bloom Baby Sleeping Bags With Mosquito Net (0-36 Months Baby),1,Y
VL-051,https://static-01.daraz.com.bd/p/3bd098aec8db7c4859a5ff630a450031.jpg,Babies Bloom Baby Sleeping Bags With Mosquito Net (0-36 Months Baby),2,Y
VL-051,https://static-01.daraz.com.bd/p/2415b2f243d3e8cc9f7baa79e8d67700.jpg,Babies Bloom Baby Sleeping Bags With Mosquito Net (0-36 Months Baby),3,Y
VL-052,https://static-01.daraz.com.bd/p/34e437722206f53548aac8b3f9460b1e.jpg,Teddy Shape Inflatable Chair for Kids PVC Teddy Sofa for Toddlers Plastic Air Chair for Children 3 to 8 Years - Multicolor,1,Y
VL-052,https://static-01.daraz.com.bd/p/a3041be0be32f763e48a59da9d7106c1.jpg,Teddy Shape Inflatable Chair for Kids PVC Teddy Sofa for Toddlers Plastic Air Chair for Children 3 to 8 Years - Multicolor,2,Y
VL-052,https://static-01.daraz.com.bd/p/b2def1d8c372a3672084548dda10a3df.jpg,Teddy Shape Inflatable Chair for Kids PVC Teddy Sofa for Toddlers Plastic Air Chair for Children 3 to 8 Years - Multicolor,3,Y
VL-052,https://static-01.daraz.com.bd/p/eb78b4b02dfa8f475d4fa0e82a71ec7a.jpg,Teddy Shape Inflatable Chair for Kids PVC Teddy Sofa for Toddlers Plastic Air Chair for Children 3 to 8 Years - Multicolor,4,Y
VL-052,https://static-01.daraz.com.bd/p/4f9f650089cb68f4dcf9daa48685ae0d.jpg,Teddy Shape Inflatable Chair for Kids PVC Teddy Sofa for Toddlers Plastic Air Chair for Children 3 to 8 Years - Multicolor,5,Y
VL-053,https://static-01.daraz.com.bd/p/27b75a52cc37148656fdee7a9d1e9e5c.jpg,12 PCS Deli Desk Pen 0.5mm Gel Pen Business Black Desk Counter Table Gel pens for bank Elegant plastic pen for writing Office Stationery,1,Y
VL-053,https://static-01.daraz.com.bd/p/2dec23a5d3083e68dd1356fd2b0ecfd5.jpg,12 PCS Deli Desk Pen 0.5mm Gel Pen Business Black Desk Counter Table Gel pens for bank Elegant plastic pen for writing Office Stationery,2,Y
VL-053,https://static-01.daraz.com.bd/p/991bab943e4f0a311e8208f6fd8874c6.jpg,12 PCS Deli Desk Pen 0.5mm Gel Pen Business Black Desk Counter Table Gel pens for bank Elegant plastic pen for writing Office Stationery,3,Y
VL-053,https://static-01.daraz.com.bd/p/77ae61b10e1887808fae9c06aae5ad11.jpg,12 PCS Deli Desk Pen 0.5mm Gel Pen Business Black Desk Counter Table Gel pens for bank Elegant plastic pen for writing Office Stationery,4,Y
VL-054,https://static-01.daraz.com.bd/p/e42adede4a4ff727e167862fa773b241.jpg,"Deli E1589 modern design calculator, eye-catching Look With appealing colors shows strong visual attraction",1,Y
VL-054,https://static-01.daraz.com.bd/p/4dcfd58b65d811220f2841a2354beeb3.jpg,"Deli E1589 modern design calculator, eye-catching Look With appealing colors shows strong visual attraction",2,Y
VL-054,https://static-01.daraz.com.bd/p/aeb30c4a539c4384c79c904293b7a1b7.jpg,"Deli E1589 modern design calculator, eye-catching Look With appealing colors shows strong visual attraction",3,Y
VL-054,https://static-01.daraz.com.bd/p/71f3623d630dc5051693378af640f2b5.jpg,"Deli E1589 modern design calculator, eye-catching Look With appealing colors shows strong visual attraction",4,Y
VL-054,https://static-01.daraz.com.bd/p/8a9d2f2629169039e0ea36a8bdc91631.png,"Deli E1589 modern design calculator, eye-catching Look With appealing colors shows strong visual attraction",5,Y
VL-055,https://static-01.daraz.com.bd/p/c91647633d0fdb8a21cd8a73d70e5433.jpg,6 PCS Deli 0.5mm Gel Pen Business Black Desk Counter Table Gel pens for bank Elegant plastic pen,1,Y
VL-055,https://static-01.daraz.com.bd/p/de171ed34716d94c1ebb6b7fab842ad7.jpg,6 PCS Deli 0.5mm Gel Pen Business Black Desk Counter Table Gel pens for bank Elegant plastic pen,2,Y
VL-055,https://static-01.daraz.com.bd/p/4e51670996e26996dcbc42b7df47668d.jpg,6 PCS Deli 0.5mm Gel Pen Business Black Desk Counter Table Gel pens for bank Elegant plastic pen,3,Y
VL-055,https://static-01.daraz.com.bd/p/653d63a84619742835c78f5d1a09f31d.jpg,6 PCS Deli 0.5mm Gel Pen Business Black Desk Counter Table Gel pens for bank Elegant plastic pen,4,Y
VL-056,https://static-01.daraz.com.bd/p/c91647633d0fdb8a21cd8a73d70e5433.jpg,3 PCS Deli Desk Pen 0.5mm Gel Pen Business Black Desk Counter Table Gel pens,1,Y
VL-057,https://static-01.daraz.com.bd/p/b56eba8934637a93ec5f3015817b73c6.jpg,2 Piece Desk Pen 0.5mm gel Pen Business Black Desk Counter Table Gel Gel pen - Easy to Use And Maintain - Reliable and Durable,1,Y
VL-057,https://static-01.daraz.com.bd/p/6d24efac2aa5629a40e2e987ba840619.jpg,2 Piece Desk Pen 0.5mm gel Pen Business Black Desk Counter Table Gel Gel pen - Easy to Use And Maintain - Reliable and Durable,2,Y
VL-058,https://static-01.daraz.com.bd/p/f099e8af9b488cdcb1c07dcd04114606.png,Love Shape Designer Table Clock for Home Décor Pack O F1 (Model 2),1,Y
VL-058,https://static-01.daraz.com.bd/p/03bb76b60aef2c5ced264e5bb8c55bed.jpg,Love Shape Designer Table Clock for Home Décor Pack O F1 (Model 2),2,Y
VL-058,https://static-01.daraz.com.bd/p/3049d3f158e12ace60f719253a1ca2f4.jpg,Love Shape Designer Table Clock for Home Décor Pack O F1 (Model 2),3,Y
VL-059,https://static-01.daraz.com.bd/p/db961cb032d876308176d4ffe5d4ebda.png,"Mosquito Killing Bat , MOSA NIDHAN BAT",1,Y
VL-059,https://static-01.daraz.com.bd/p/7f483c2ec4d68bcf9538f6fe02407ecd.jpg,"Mosquito Killing Bat , MOSA NIDHAN BAT",2,Y
VL-059,https://static-01.daraz.com.bd/p/665aec271e1183d09067be6b91f22f4a.jpg,"Mosquito Killing Bat , MOSA NIDHAN BAT",3,Y
VL-059,https://static-01.daraz.com.bd/p/86ec3d9bbd4c5e40cbdb8bdac2ea65d9.jpg,"Mosquito Killing Bat , MOSA NIDHAN BAT",4,Y
VL-060,https://static-01.daraz.com.bd/p/aeff917facb28270ba70bb27fb85d746.jpg,LED Mosquito Killer Bat - Sky Blue,1,Y
VL-060,https://static-01.daraz.com.bd/p/7f483c2ec4d68bcf9538f6fe02407ecd.jpg,LED Mosquito Killer Bat - Sky Blue,2,Y
VL-060,https://static-01.daraz.com.bd/p/86ec3d9bbd4c5e40cbdb8bdac2ea65d9.jpg,LED Mosquito Killer Bat - Sky Blue,3,Y
VL-060,https://static-01.daraz.com.bd/p/665aec271e1183d09067be6b91f22f4a.jpg,LED Mosquito Killer Bat - Sky Blue,4,Y
VL-061,https://static-01.daraz.com.bd/p/4f05cd32f8ba990dc6b709b44938970d.jpg,"99 Names of Allah Engraved in Fancy Wood, Wooden Wall Hanging - Multicolor",1,Y
VL-061,https://static-01.daraz.com.bd/p/eb27ad890cb225daefd34bca00bdd53e.jpg,"99 Names of Allah Engraved in Fancy Wood, Wooden Wall Hanging - Multicolor",2,Y
VL-061,https://static-01.daraz.com.bd/p/459c092f49fc3a21bac4114eeb3d7881.jpg,"99 Names of Allah Engraved in Fancy Wood, Wooden Wall Hanging - Multicolor",3,Y
VL-061,https://static-01.daraz.com.bd/p/de63d922d2ce9f6b2d614a575669dd77.jpg,"99 Names of Allah Engraved in Fancy Wood, Wooden Wall Hanging - Multicolor",4,Y
VL-061,https://static-01.daraz.com.bd/p/d3a90a7df84181fc6d0cf942e159abf7.jpg,"99 Names of Allah Engraved in Fancy Wood, Wooden Wall Hanging - Multicolor",5,Y
VL-061,https://static-01.daraz.com.bd/p/5c25896349ed5b92fa27abfedb304f72.jpg,"99 Names of Allah Engraved in Fancy Wood, Wooden Wall Hanging - Multicolor",6,Y
VL-062,https://static-01.daraz.com.bd/p/0bf43296c203bdacc03ff4b785b7a02e.png,"Wind Chime, Metal Vintage Good Luck Wind Chimes for Outdoor Garden Indoor Room Feng Shui Wind Bell Decoration - Multicolor",1,Y
VL-062,https://static-01.daraz.com.bd/p/2f6d11f46f609a77f8d13df43b18c899.jpg,"Wind Chime, Metal Vintage Good Luck Wind Chimes for Outdoor Garden Indoor Room Feng Shui Wind Bell Decoration - Multicolor",2,Y
VL-062,https://static-01.daraz.com.bd/p/145e422de07996fa58d15fad3d32cf43.jpg,"Wind Chime, Metal Vintage Good Luck Wind Chimes for Outdoor Garden Indoor Room Feng Shui Wind Bell Decoration - Multicolor",3,Y
VL-062,https://static-01.daraz.com.bd/p/726b05135a19ac5671a9068419f9a58b.png,"Wind Chime, Metal Vintage Good Luck Wind Chimes for Outdoor Garden Indoor Room Feng Shui Wind Bell Decoration - Multicolor",4,Y
VL-062,https://static-01.daraz.com.bd/p/7c660f1f437922de3e09320478c09c97.png,"Wind Chime, Metal Vintage Good Luck Wind Chimes for Outdoor Garden Indoor Room Feng Shui Wind Bell Decoration - Multicolor",5,Y
VL-063,https://static-01.daraz.com.bd/p/ac84980b600fb946db5c8a195402b5a8.jpg,"Transparent Crystal Table Lamps Lights Desk Bedside Standard Lighting Living Room , Bedroom, Lamparas de Mesa 110-240V High 64* Wide 33CM Warm Light",1,Y
VL-063,https://static-01.daraz.com.bd/p/b937ab06865f19b8a47e3e6c459b4c3c.jpg,"Transparent Crystal Table Lamps Lights Desk Bedside Standard Lighting Living Room , Bedroom, Lamparas de Mesa 110-240V High 64* Wide 33CM Warm Light",2,Y
VL-064,https://static-01.daraz.com.bd/p/24739d61e61ea24f4856e3e9635cf4b0.jpg,"99 Names of Allah Engraved in Fancy Wood, Wooden Wall Hanging - Multicolor",1,Y
VL-064,https://static-01.daraz.com.bd/p/d8dbfa6eb8acd8d587cc63011812b80b.jpg,"99 Names of Allah Engraved in Fancy Wood, Wooden Wall Hanging - Multicolor",2,Y
VL-064,https://static-01.daraz.com.bd/p/b46b674acb7c778759923efabb0e4d53.jpg,"99 Names of Allah Engraved in Fancy Wood, Wooden Wall Hanging - Multicolor",3,Y
VL-064,https://static-01.daraz.com.bd/p/b98b68025f723057e5c88328f1473aa1.jpg,"99 Names of Allah Engraved in Fancy Wood, Wooden Wall Hanging - Multicolor",4,Y
VL-065,https://static-01.daraz.com.bd/p/479f4f473ebd3830e3218226a14f8254.jpg,"Wind Chime, Metal Vintage Good Luck Wind Chimes for Outdoor Garden Indoor Room Feng Shui Wind Bell Decoration - Multicolor",1,Y
VL-065,https://static-01.daraz.com.bd/p/f355ecf2097972302869eceeaebf522e.jpg,"Wind Chime, Metal Vintage Good Luck Wind Chimes for Outdoor Garden Indoor Room Feng Shui Wind Bell Decoration - Multicolor",2,Y
VL-065,https://static-01.daraz.com.bd/p/c4c5176c2a851ca05f1d1abbc6cf3531.jpg,"Wind Chime, Metal Vintage Good Luck Wind Chimes for Outdoor Garden Indoor Room Feng Shui Wind Bell Decoration - Multicolor",3,Y
VL-065,https://static-01.daraz.com.bd/p/a11714942bd10421f3da34c9a07b1c53.jpg,"Wind Chime, Metal Vintage Good Luck Wind Chimes for Outdoor Garden Indoor Room Feng Shui Wind Bell Decoration - Multicolor",4,Y
VL-065,https://static-01.daraz.com.bd/p/0980d29ea54af06e2bfccc22bc6460dd.jpg,"Wind Chime, Metal Vintage Good Luck Wind Chimes for Outdoor Garden Indoor Room Feng Shui Wind Bell Decoration - Multicolor",5,Y
VL-066,https://static-01.daraz.com.bd/p/f73d999500b9f7edaf07deeea7e0523f.jpg,Violin Students Use Alarm Clock Creative Fashion Simple European Style Children's Cute Cartoon Bedside Retro Ornament Decoration,1,Y
VL-067,https://static-01.daraz.com.bd/p/145e422de07996fa58d15fad3d32cf43.jpg,"Wind Chime, Metal Vintage Good Luck Wind Chimes for Outdoor Garden Indoor Room Feng Shui Wind Bell Decoration - Multicolor",1,Y
VL-067,https://static-01.daraz.com.bd/p/76a292bd31fdf92ac345e0ede804b50b.jpg,"Wind Chime, Metal Vintage Good Luck Wind Chimes for Outdoor Garden Indoor Room Feng Shui Wind Bell Decoration - Multicolor",2,Y
VL-067,https://static-01.daraz.com.bd/p/2f6d11f46f609a77f8d13df43b18c899.jpg,"Wind Chime, Metal Vintage Good Luck Wind Chimes for Outdoor Garden Indoor Room Feng Shui Wind Bell Decoration - Multicolor",3,Y
VL-067,https://static-01.daraz.com.bd/p/60c95d1399a6cf3fc5d544ce7e65e4e8.jpg,"Wind Chime, Metal Vintage Good Luck Wind Chimes for Outdoor Garden Indoor Room Feng Shui Wind Bell Decoration - Multicolor",4,Y
VL-067,https://static-01.daraz.com.bd/p/1d00ec07cc82ba5b826f0446a057f2e7.jpg,"Wind Chime, Metal Vintage Good Luck Wind Chimes for Outdoor Garden Indoor Room Feng Shui Wind Bell Decoration - Multicolor",5,Y
VL-068,https://static-01.daraz.com.bd/p/22d5028745f997559a9483e5778b8a3c.jpg,Transparent Bedroom K9 Crystal Table Lamps Lights Desk Bedside Standard Lighting Living Room Lamparas de Mesa 110-240V High 64* Wide 33CM Warm Light,1,Y
VL-068,https://static-01.daraz.com.bd/p/b7375e8072f9a521967bfbddcfd0fd7c.jpg,Transparent Bedroom K9 Crystal Table Lamps Lights Desk Bedside Standard Lighting Living Room Lamparas de Mesa 110-240V High 64* Wide 33CM Warm Light,2,Y
VL-068,https://static-01.daraz.com.bd/p/90b88f1066217999945e0e6e8799089a.jpg,Transparent Bedroom K9 Crystal Table Lamps Lights Desk Bedside Standard Lighting Living Room Lamparas de Mesa 110-240V High 64* Wide 33CM Warm Light,3,Y
VL-068,https://static-01.daraz.com.bd/p/b177739514cc8b03a449898a44f7a86c.jpg,Transparent Bedroom K9 Crystal Table Lamps Lights Desk Bedside Standard Lighting Living Room Lamparas de Mesa 110-240V High 64* Wide 33CM Warm Light,4,Y
VL-069,https://static-01.daraz.com.bd/p/d248f3ac8edfe89d5a09aaa194436853.jpg,Modern Transparent Bedroom K9 Crystal Table Lamps Lights Desk Bedside Standard Lighting Living Room Lamparas de Mesa 110-240V High 40CM* Wide 21CM Warm Light - Multicolor,1,Y
VL-069,https://static-01.daraz.com.bd/p/bd52815e5cfda92b41c14578905b77a6.jpg,Modern Transparent Bedroom K9 Crystal Table Lamps Lights Desk Bedside Standard Lighting Living Room Lamparas de Mesa 110-240V High 40CM* Wide 21CM Warm Light - Multicolor,2,Y
VL-069,https://static-01.daraz.com.bd/p/010f9d6fb9280243ae876fd9cd7c0023.jpg,Modern Transparent Bedroom K9 Crystal Table Lamps Lights Desk Bedside Standard Lighting Living Room Lamparas de Mesa 110-240V High 40CM* Wide 21CM Warm Light - Multicolor,3,Y
VL-069,https://static-01.daraz.com.bd/p/fc91cc5e2ee0403009a589f6dad19d31.jpg,Modern Transparent Bedroom K9 Crystal Table Lamps Lights Desk Bedside Standard Lighting Living Room Lamparas de Mesa 110-240V High 40CM* Wide 21CM Warm Light - Multicolor,4,Y
VL-069,https://static-01.daraz.com.bd/p/aaf791f0f301b83a58d5679d95769dbb.jpg,Modern Transparent Bedroom K9 Crystal Table Lamps Lights Desk Bedside Standard Lighting Living Room Lamparas de Mesa 110-240V High 40CM* Wide 21CM Warm Light - Multicolor,5,Y
VL-070,https://static-01.daraz.com.bd/p/f3019c4397dbfae00ee44fbefe12f195.jpg,Modern Transparent Bedroom K9 Crystal Table Lamps Lights Desk Bedside Standard Lighting Living Room Lamparas de Mesa 110-240V High 40CM* Wide 21CM Warm Light - Multicolor,1,Y
VL-070,https://static-01.daraz.com.bd/p/26a9c89955e81d9e628e70d09a01670e.jpg,Modern Transparent Bedroom K9 Crystal Table Lamps Lights Desk Bedside Standard Lighting Living Room Lamparas de Mesa 110-240V High 40CM* Wide 21CM Warm Light - Multicolor,2,Y
VL-071,https://static-01.daraz.com.bd/p/18cf02e1f8be1a355892c48b1fc327a7.jpg,"8 x 10 Picture Frame for Tabletop Use, with Border on 2 Sides, Aluminum - Silver",1,Y
VL-071,https://static-01.daraz.com.bd/p/521b890cbebf6b6e1700a298bdc23746.jpg,"8 x 10 Picture Frame for Tabletop Use, with Border on 2 Sides, Aluminum - Silver",2,Y
VL-072,https://static-01.daraz.com.bd/p/b7e38d0b74ebb59512480167d2d90d52.png,"1.7 Litre Green Apple Deli Glassware Crystal Clear Glass Water Jug And Juice Jug And Pitcher With Plastic Lid,Water Jug/ glass juice jar",1,Y
VL-072,https://static-01.daraz.com.bd/p/693ed579768858cded8b322b4fc04cea.jpg,"1.7 Litre Green Apple Deli Glassware Crystal Clear Glass Water Jug And Juice Jug And Pitcher With Plastic Lid,Water Jug/ glass juice jar",2,Y
VL-072,https://static-01.daraz.com.bd/p/6499675930e9b30a0cbb9d55a79bd66f.jpg,"1.7 Litre Green Apple Deli Glassware Crystal Clear Glass Water Jug And Juice Jug And Pitcher With Plastic Lid,Water Jug/ glass juice jar",3,Y
VL-073,https://static-01.daraz.com.bd/p/de9bb1a820d40e5709c0efed7df84ec7.jpg,"4 x 6 Picture Frame for Tabletop Use, with Border on 2 Sides, Aluminum - Silver",1,Y
VL-073,https://static-01.daraz.com.bd/p/5d4dafabd57f21e4d53d5076aa089802.jpg,"4 x 6 Picture Frame for Tabletop Use, with Border on 2 Sides, Aluminum - Silver",2,Y
VL-073,https://static-01.daraz.com.bd/p/521b890cbebf6b6e1700a298bdc23746.jpg,"4 x 6 Picture Frame for Tabletop Use, with Border on 2 Sides, Aluminum - Silver",3,Y
VL-074,https://static-01.daraz.com.bd/p/99183711f79bfc52d7b793d9b81d3539.png,Antique Wall Mount Type Beautiful Clock,1,Y
VL-074,https://static-01.daraz.com.bd/p/4ac3d5d981f0461ad9b1f05c49c056db.jpg,Antique Wall Mount Type Beautiful Clock,2,Y
VL-074,https://static-01.daraz.com.bd/p/31997dd59c540fa5da98264ea36cc1c1.png,Antique Wall Mount Type Beautiful Clock,3,Y
VL-074,https://static-01.daraz.com.bd/p/e902ba98a88cad3427e72016b6c2a058.png,Antique Wall Mount Type Beautiful Clock,4,Y
VL-074,https://static-01.daraz.com.bd/p/8170f5126a8ae6f1f5a98b47d059e1af.jpg,Antique Wall Mount Type Beautiful Clock,5,Y
VL-075,https://static-01.daraz.com.bd/p/c6407b3ff81191b5d2e5e444c43bf4cc.jpg,Hariken Candle Showpiece with Candle holder ( 3 PCS ),1,Y
VL-075,https://static-01.daraz.com.bd/p/31ea0d94ad1d49e85d8a3eb9d4a5a650.jpg,Hariken Candle Showpiece with Candle holder ( 3 PCS ),2,Y
VL-076,https://static-01.daraz.com.bd/p/ac0ab4b84f85c0d3aff70d85b26fbd0f.jpg,মোমবাতি হোল্ডার সহ হারিকেন মোমবাতি শোপিস (1 পিস),1,Y
VL-076,https://static-01.daraz.com.bd/p/c6407b3ff81191b5d2e5e444c43bf4cc.jpg,মোমবাতি হোল্ডার সহ হারিকেন মোমবাতি শোপিস (1 পিস),2,Y
VL-077,https://static-01.daraz.com.bd/p/41322560f35d5bc4fce36d727a5d4170.jpg,Hurricane Lantern Lamp Vintage Style Kerosene Lamp Classic Retro Oil Lamp Kerosene Citronella  Lamp Classic - Multicolor,1,Y
VL-077,https://static-01.daraz.com.bd/p/6bcc865011ef100a3168003248c44385.jpg,Hurricane Lantern Lamp Vintage Style Kerosene Lamp Classic Retro Oil Lamp Kerosene Citronella  Lamp Classic - Multicolor,2,Y
VL-077,https://static-01.daraz.com.bd/p/54c669171ce535c6df3b9cc67beb61ae.jpg,Hurricane Lantern Lamp Vintage Style Kerosene Lamp Classic Retro Oil Lamp Kerosene Citronella  Lamp Classic - Multicolor,3,Y
VL-077,https://static-01.daraz.com.bd/p/47557f2f9c2ccb8f6439b71b5297b7d3.jpg,Hurricane Lantern Lamp Vintage Style Kerosene Lamp Classic Retro Oil Lamp Kerosene Citronella  Lamp Classic - Multicolor,4,Y
VL-077,https://static-01.daraz.com.bd/p/9d1b6c366d8fbcd82f25aa0918dc0f23.jpg,Hurricane Lantern Lamp Vintage Style Kerosene Lamp Classic Retro Oil Lamp Kerosene Citronella  Lamp Classic - Multicolor,5,Y
VL-078,https://static-01.daraz.com.bd/p/51c3af14cc2c046139b9035c78c5bdc5.jpg,I Love you  Heart Shape Analog Table Alarm Clock With Mini Photo Frame(Watch) - Multicolor,1,Y
VL-078,https://static-01.daraz.com.bd/p/d94901bb915b0d928dcec4e807ba1c3b.jpg,I Love you  Heart Shape Analog Table Alarm Clock With Mini Photo Frame(Watch) - Multicolor,2,Y
VL-079,https://static-01.daraz.com.bd/p/84a76c77e360f466950d033c3c5b105c.jpg,I Love you  Heart Shape Analog Table Alarm Clock With Mini Photo Frame(Watch) - Multicolor,1,Y
VL-079,https://static-01.daraz.com.bd/p/51c3af14cc2c046139b9035c78c5bdc5.jpg,I Love you  Heart Shape Analog Table Alarm Clock With Mini Photo Frame(Watch) - Multicolor,2,Y
VL-080,https://static-01.daraz.com.bd/p/1a0b4fbce28da1840af3918030c91ced.jpg,Heart Shape Analog Table Alarm Clock With  Photo Frame(Watch),1,Y
VL-080,https://static-01.daraz.com.bd/p/0e0c8093aaf6aca02aed1947370bda9d.png,Heart Shape Analog Table Alarm Clock With  Photo Frame(Watch),2,Y
VL-080,https://static-01.daraz.com.bd/p/bc7d37b6d1b482d668559fd98f81ef46.png,Heart Shape Analog Table Alarm Clock With  Photo Frame(Watch),3,Y
VL-080,https://static-01.daraz.com.bd/p/7e6eabb8c1126de8cff65ab721adf02b.png,Heart Shape Analog Table Alarm Clock With  Photo Frame(Watch),4,Y
VL-081,https://static-01.daraz.com.bd/p/366ed2d3b47de8e536bf1d08b4cdeb3d.jpg,Daily Home Very Cool Sax Alarm Clock Sax Model,1,Y
VL-081,https://static-01.daraz.com.bd/p/4c704f63937660d6adcd55ebc445c1e1.jpg,Daily Home Very Cool Sax Alarm Clock Sax Model,2,Y
VL-081,https://static-01.daraz.com.bd/p/c91f70b4f55e68a2109b8be88def521a.jpg,Daily Home Very Cool Sax Alarm Clock Sax Model,3,Y
VL-081,https://static-01.daraz.com.bd/p/491ca0d43ad5f13d51aa3273775a673b.jpg,Daily Home Very Cool Sax Alarm Clock Sax Model,4,Y
VL-081,https://static-01.daraz.com.bd/p/944915152dfd24a111c8bf22753b0046.jpg,Daily Home Very Cool Sax Alarm Clock Sax Model,5,Y
VL-081,https://static-01.daraz.com.bd/p/bfa589f4cb52f91eb7b64a7d23aa469b.png,Daily Home Very Cool Sax Alarm Clock Sax Model,6,Y
VL-082,https://static-01.daraz.com.bd/p/8a60300cb19455007a8cb1e89c325a2e.jpg,Ship Table Stand Photo Frame Ship Table Stand Photo Frame,1,Y
VL-083,https://static-01.daraz.com.bd/p/75521953ba9523c1461a9030f95473d1.jpg,"Ship Style Photo Frame with Clock for Study Table, Photo Frame Collages with Clock, 45 Gram, Multicolor, Pack of 1",1,Y
VL-083,https://static-01.daraz.com.bd/p/a9be69dea21824f15a74415afb23c250.jpg,"Ship Style Photo Frame with Clock for Study Table, Photo Frame Collages with Clock, 45 Gram, Multicolor, Pack of 1",2,Y
VL-083,https://static-01.daraz.com.bd/p/9e02e04c0708372763120d73c4f52a24.jpg,"Ship Style Photo Frame with Clock for Study Table, Photo Frame Collages with Clock, 45 Gram, Multicolor, Pack of 1",3,Y
VL-083,https://static-01.daraz.com.bd/p/7c6b5f50f19c7973a04bb78dc540b0bf.jpg,"Ship Style Photo Frame with Clock for Study Table, Photo Frame Collages with Clock, 45 Gram, Multicolor, Pack of 1",4,Y
VL-084,https://static-01.daraz.com.bd/p/b454452b7d282e5aecfa93aed97a9ef0.jpg,Alarm Clock/Twin Bell Table Clock - Loud Alarm Clock - Stylish Timekeeping for Home Office & Students - Vintage Retro Classic - wall clock,1,Y
VL-084,https://static-01.daraz.com.bd/p/9abd783baed7a5cabab0d8bd881a49d7.jpg,Alarm Clock/Twin Bell Table Clock - Loud Alarm Clock - Stylish Timekeeping for Home Office & Students - Vintage Retro Classic - wall clock,2,Y
VL-085,https://static-01.daraz.com.bd/p/29ffd2e26e7e042599f0c57d9541ae9b.jpg,"Explore The Bronze Perfect Kids' Bedroom Alarm Clock - A Heavy Copper Twin Bell Alarm Clock, The Ideal Choice For Students' Bedrooms - wall clock",1,Y
VL-085,https://static-01.daraz.com.bd/p/45be6b0134b9abdde38333d9a70efaef.jpg,"Explore The Bronze Perfect Kids' Bedroom Alarm Clock - A Heavy Copper Twin Bell Alarm Clock, The Ideal Choice For Students' Bedrooms - wall clock",2,Y
VL-085,https://static-01.daraz.com.bd/p/50c550d851a68a56df2186c61772e843.jpg,"Explore The Bronze Perfect Kids' Bedroom Alarm Clock - A Heavy Copper Twin Bell Alarm Clock, The Ideal Choice For Students' Bedrooms - wall clock",3,Y
VL-085,https://static-01.daraz.com.bd/p/3d7797cd5ec63ed6510a95014ff91690.jpg,"Explore The Bronze Perfect Kids' Bedroom Alarm Clock - A Heavy Copper Twin Bell Alarm Clock, The Ideal Choice For Students' Bedrooms - wall clock",4,Y
VL-085,https://static-01.daraz.com.bd/p/f6c444b28877f3621250cfb6fcbb6636.jpg,"Explore The Bronze Perfect Kids' Bedroom Alarm Clock - A Heavy Copper Twin Bell Alarm Clock, The Ideal Choice For Students' Bedrooms - wall clock",5,Y
VL-086,https://static-01.daraz.com.bd/p/d6730cfcc0ea956a59be12dba67cb9a9.jpg,25 cm Blue Ocean World Globe Map With Swivel Stand Geography Educational Toy Gift,1,Y
VL-086,https://static-01.daraz.com.bd/p/92949389d2499f647cc30440cfd2ff13.jpg,25 cm Blue Ocean World Globe Map With Swivel Stand Geography Educational Toy Gift,2,Y
VL-086,https://static-01.daraz.com.bd/p/905b5f9cf8fcaf4ca643b2a0a7426ca7.jpg,25 cm Blue Ocean World Globe Map With Swivel Stand Geography Educational Toy Gift,3,Y
VL-086,https://static-01.daraz.com.bd/p/e7ab1afae45495d1f6b42bb28fa955ac.jpg,25 cm Blue Ocean World Globe Map With Swivel Stand Geography Educational Toy Gift,4,Y
VL-086,https://static-01.daraz.com.bd/p/63451413b6f073c12f75700e42bfe3cb.jpg,25 cm Blue Ocean World Globe Map With Swivel Stand Geography Educational Toy Gift,5,Y
VL-087,https://static-01.daraz.com.bd/p/e2fc9582d66c2b89555de1cdcf6d0c52.jpg,Crystal cherry car perfume seat car car interior jewelry accessories creative female de-odor,1,Y
VL-088,https://static-01.daraz.com.bd/p/e05b523601ac5206ed35d05b968ad7b5.jpg,Miyako Sandwich Maker SW-87AMR,1,Y
VL-088,https://static-01.daraz.com.bd/p/a0f6cf60a3cbafe3a69ac9dbb03afce4.jpg,Miyako Sandwich Maker SW-87AMR,2,Y
VL-088,https://static-01.daraz.com.bd/p/befe104d3418841380b3f452a849b817.jpg,Miyako Sandwich Maker SW-87AMR,3,Y
VL-088,https://static-01.daraz.com.bd/p/4e2044b4b5413acd2076c9ec04f870ff.jpg,Miyako Sandwich Maker SW-87AMR,4,Y
VL-089,https://static-01.daraz.com.bd/p/a0f6cf60a3cbafe3a69ac9dbb03afce4.jpg,Sandwich Maker Miyako SW-87AMR,1,Y
VL-089,https://static-01.daraz.com.bd/p/4e2044b4b5413acd2076c9ec04f870ff.jpg,Sandwich Maker Miyako SW-87AMR,2,Y
VL-090,https://static-01.daraz.com.bd/p/4e2044b4b5413acd2076c9ec04f870ff.jpg,Miyako Sandwich Maker,1,Y
VL-090,https://static-01.daraz.com.bd/p/e05b523601ac5206ed35d05b968ad7b5.jpg,Miyako Sandwich Maker,2,Y
VL-090,https://static-01.daraz.com.bd/p/a0f6cf60a3cbafe3a69ac9dbb03afce4.jpg,Miyako Sandwich Maker,3,Y
VL-091,https://static-01.daraz.com.bd/p/befe104d3418841380b3f452a849b817.jpg,Sandwich Maker,1,Y
VL-091,https://static-01.daraz.com.bd/p/4e2044b4b5413acd2076c9ec04f870ff.jpg,Sandwich Maker,2,Y
VL-092,https://static-01.daraz.com.bd/p/f82ff9ad61aea2bfe33078f5b6b0bb35.jpg,Crystal Cherry Figurine Glass Fruit Status Paperweight Home Decor Ornaments Tabletop Centerpiece - Multicolor,1,Y
VL-092,https://static-01.daraz.com.bd/p/b1a5053fca37615604786a8b2fa1dd16.jpg,Crystal Cherry Figurine Glass Fruit Status Paperweight Home Decor Ornaments Tabletop Centerpiece - Multicolor,2,Y
VL-092,https://static-01.daraz.com.bd/p/48697b313a95513dc16284f7982e53fa.jpg,Crystal Cherry Figurine Glass Fruit Status Paperweight Home Decor Ornaments Tabletop Centerpiece - Multicolor,3,Y
VL-092,https://static-01.daraz.com.bd/p/a8b43b00923f2f16960792afe4101528.jpg,Crystal Cherry Figurine Glass Fruit Status Paperweight Home Decor Ornaments Tabletop Centerpiece - Multicolor,4,Y
VL-092,https://static-01.daraz.com.bd/p/035085d303aaa060fbcd8a3be6b9d3a6.jpg,Crystal Cherry Figurine Glass Fruit Status Paperweight Home Decor Ornaments Tabletop Centerpiece - Multicolor,5,Y
VL-092,https://static-01.daraz.com.bd/p/ba7e472b10bb85a45fa34ff8a68ce65a.jpg,Crystal Cherry Figurine Glass Fruit Status Paperweight Home Decor Ornaments Tabletop Centerpiece - Multicolor,6,Y
VL-093,https://static-01.daraz.com.bd/p/b1a5053fca37615604786a8b2fa1dd16.jpg,Crystal Cherry Figurine Glass Fruit Status Paperweight Home Decor Ornaments Tabletop Centerpiece - Multicolor,1,Y
VL-093,https://static-01.daraz.com.bd/p/48697b313a95513dc16284f7982e53fa.jpg,Crystal Cherry Figurine Glass Fruit Status Paperweight Home Decor Ornaments Tabletop Centerpiece - Multicolor,2,Y
VL-093,https://static-01.daraz.com.bd/p/ba7e472b10bb85a45fa34ff8a68ce65a.jpg,Crystal Cherry Figurine Glass Fruit Status Paperweight Home Decor Ornaments Tabletop Centerpiece - Multicolor,3,Y
VL-093,https://static-01.daraz.com.bd/p/a8b43b00923f2f16960792afe4101528.jpg,Crystal Cherry Figurine Glass Fruit Status Paperweight Home Decor Ornaments Tabletop Centerpiece - Multicolor,4,Y
VL-094,https://static-01.daraz.com.bd/p/e2fc9582d66c2b89555de1cdcf6d0c52.jpg,"Crystal cherries, beautiful crystal crafts, home desktop decoration gifts, mascots",1,Y
VL-095,https://static-01.daraz.com.bd/p/d224f2b93351147b752c3e0a39850dc5.jpg,"Measures approx:2.2*2.2*2.4 NW:180g material: k9 glass crystal ,metal",1,Y
VL-095,https://static-01.daraz.com.bd/p/a577d3c8e35813155d977489e8318140.jpg,"Measures approx:2.2*2.2*2.4 NW:180g material: k9 glass crystal ,metal",2,Y
VL-095,https://static-01.daraz.com.bd/p/4ab2f5d51a4aee17b71cf18aa8503289.jpg,"Measures approx:2.2*2.2*2.4 NW:180g material: k9 glass crystal ,metal",3,Y
VL-095,https://static-01.daraz.com.bd/p/e60a9fe8e97de0de5792c7f746c3045f.jpg,"Measures approx:2.2*2.2*2.4 NW:180g material: k9 glass crystal ,metal",4,Y
VL-095,https://static-01.daraz.com.bd/p/f3dfa3c926fea22067b5bffb6ac4dd00.jpg,"Measures approx:2.2*2.2*2.4 NW:180g material: k9 glass crystal ,metal",5,Y
VL-095,https://static-01.daraz.com.bd/p/fd86df2ea752c4280eaf649a2f3c7094.jpg,"Measures approx:2.2*2.2*2.4 NW:180g material: k9 glass crystal ,metal",6,Y
VL-096,https://static-01.daraz.com.bd/p/3bd9aad65375d137aa1d222a588359ed.jpg,Crystal Glass Apple Paperweight Craft Decor (Apple-Set of 3),1,Y
VL-096,https://static-01.daraz.com.bd/p/d8409950178eced1aadf29cdf472cd5d.jpg,Crystal Glass Apple Paperweight Craft Decor (Apple-Set of 3),2,Y
VL-096,https://static-01.daraz.com.bd/p/a55a9f5ce6d5d0479cd7c71f94332303.jpg,Crystal Glass Apple Paperweight Craft Decor (Apple-Set of 3),3,Y
VL-096,https://static-01.daraz.com.bd/p/4988bbf545bdbe923965cb551d2b6441.jpg,Crystal Glass Apple Paperweight Craft Decor (Apple-Set of 3),4,Y
VL-096,https://static-01.daraz.com.bd/p/7a389208b7d8b4693c133263aab29050.jpg,Crystal Glass Apple Paperweight Craft Decor (Apple-Set of 3),5,Y
VL-097,https://static-01.daraz.com.bd/p/3898af59402dd891f3c7dda4bef17707.jpg,"Ansari Crafts Brown Wooden Desk Organizer/Table Storage Organizer Box, For Office",1,Y
VL-097,https://static-01.daraz.com.bd/p/3970846a16badee5bd563ea662fd42ed.jpg,"Ansari Crafts Brown Wooden Desk Organizer/Table Storage Organizer Box, For Office",2,Y
VL-098,https://static-01.daraz.com.bd/p/e664db1c31fa32beb4da8369d2b0cf19.jpg,"TRANBO Plastic File Folder with 12 Pockets, Handle, Index Tab, A4 Size, (Multicolor)",1,Y
VL-098,https://static-01.daraz.com.bd/p/7089f88ce2920dc6c56e30ed3dec64d4.jpg,"TRANBO Plastic File Folder with 12 Pockets, Handle, Index Tab, A4 Size, (Multicolor)",2,Y
VL-098,https://static-01.daraz.com.bd/p/d4222cc578322e284ea60c1c32d9ae8b.jpg,"TRANBO Plastic File Folder with 12 Pockets, Handle, Index Tab, A4 Size, (Multicolor)",3,Y
VL-098,https://static-01.daraz.com.bd/p/3d45ecae199059b5426a28b5207c9b48.jpg,"TRANBO Plastic File Folder with 12 Pockets, Handle, Index Tab, A4 Size, (Multicolor)",4,Y
VL-098,https://static-01.daraz.com.bd/p/5d3ae0c28d983f6a4d16e399dfa876c0.jpg,"TRANBO Plastic File Folder with 12 Pockets, Handle, Index Tab, A4 Size, (Multicolor)",5,Y
VL-098,https://static-01.daraz.com.bd/p/a6fc7fcaf7fddd6cfd690bbc753635c4.jpg,"TRANBO Plastic File Folder with 12 Pockets, Handle, Index Tab, A4 Size, (Multicolor)",6,Y
VL-098,https://static-01.daraz.com.bd/p/055cc1d6190fdd4d4b3d57689b456fa9.jpg,"TRANBO Plastic File Folder with 12 Pockets, Handle, Index Tab, A4 Size, (Multicolor)",7,Y
VL-098,https://static-01.daraz.com.bd/p/2fb03605e57494482d7579c6d7666c98.jpg,"TRANBO Plastic File Folder with 12 Pockets, Handle, Index Tab, A4 Size, (Multicolor)",8,Y
VL-099,https://static-01.daraz.com.bd/p/edd943d8fa10478df4f441d69d74dab6.jpg,Baby Bedding Set with Mosquito Net & Pillow – Comfortable Newborn Bed in Multiple Colors - Pink,1,Y
VL-099,https://static-01.daraz.com.bd/p/a9c0e1bb099241ede7fbc83c593dea96.jpg,Baby Bedding Set with Mosquito Net & Pillow – Comfortable Newborn Bed in Multiple Colors - Pink,2,Y
VL-100,https://static-01.daraz.com.bd/p/bcc681a285bf67194b330328d9f5c77d.png,Baby Bedding Set with Mosquito Net & Pillow – Comfortable Newborn Bed in Multiple Colors - Multicolor,1,Y
VL-100,https://static-01.daraz.com.bd/p/141d8b7f658b3f1d5162112ce95b6bc7.jpg,Baby Bedding Set with Mosquito Net & Pillow – Comfortable Newborn Bed in Multiple Colors - Multicolor,2,Y
VL-100,https://static-01.daraz.com.bd/p/0c7f6b77883ca44fdf7a925142a82928.jpg,Baby Bedding Set with Mosquito Net & Pillow – Comfortable Newborn Bed in Multiple Colors - Multicolor,3,Y
VL-100,https://static-01.daraz.com.bd/p/92a2ce44500d5ceb63aa372112f652c3.jpg,Baby Bedding Set with Mosquito Net & Pillow – Comfortable Newborn Bed in Multiple Colors - Multicolor,4,Y
VL-101,https://static-01.daraz.com.bd/p/38418704dca1dac57410a21fbb50b1a0.jpg,Ngel Super Hero Dance Hero I Bumblebee Dancing Light and Music Figure Revenge Robot Toy,1,Y
VL-101,https://static-01.daraz.com.bd/p/4bb79fe74174c4e94137c7ba1c494e7c.jpg,Ngel Super Hero Dance Hero I Bumblebee Dancing Light and Music Figure Revenge Robot Toy,2,Y
VL-101,https://static-01.daraz.com.bd/p/fd7f7bbcccdd873d4d193679851f8ca7.jpg,Ngel Super Hero Dance Hero I Bumblebee Dancing Light and Music Figure Revenge Robot Toy,3,Y
VL-101,https://static-01.daraz.com.bd/p/9efe6458d3247717fb9da82b735bf521.jpg,Ngel Super Hero Dance Hero I Bumblebee Dancing Light and Music Figure Revenge Robot Toy,4,Y
VL-101,https://static-01.daraz.com.bd/p/840b5666dcff22a769f19ca22ce0f4e6.jpg,Ngel Super Hero Dance Hero I Bumblebee Dancing Light and Music Figure Revenge Robot Toy,5,Y
VL-101,https://static-01.daraz.com.bd/p/40061c8ce07f9ff71e962c1b3915f29c.jpg,Ngel Super Hero Dance Hero I Bumblebee Dancing Light and Music Figure Revenge Robot Toy,6,Y
VL-101,https://static-01.daraz.com.bd/p/04d8dfedcbaafb5564a6c634edb1340c.jpg,Ngel Super Hero Dance Hero I Bumblebee Dancing Light and Music Figure Revenge Robot Toy,7,Y
VL-102,https://static-01.daraz.com.bd/p/e911464c2b099b0b32e3f30f87dcedc8.jpg,Extendable Wooden Desk Organiser - Customized with Logo,1,Y
VL-102,https://static-01.daraz.com.bd/p/61b3b7159c694bfbb45e6f00ec6b7889.jpg,Extendable Wooden Desk Organiser - Customized with Logo,2,Y
VL-103,https://static-01.daraz.com.bd/p/8f6b0bcaf41d9264af75187f6933e46c.jpg,"Portable Multi Function Powerful Rechargeable Battery Operated Personal High Speed Small Fans with LED Light,Table Fan, Home, Office,Study, Desk (Multi Colour)",1,Y
VL-103,https://static-01.daraz.com.bd/p/bbab3f02152a6a1b7ee2a169a83ad579.jpg,"Portable Multi Function Powerful Rechargeable Battery Operated Personal High Speed Small Fans with LED Light,Table Fan, Home, Office,Study, Desk (Multi Colour)",2,Y
VL-103,https://static-01.daraz.com.bd/p/ee8093227a79a7f39851f46cf8f9c4b2.jpg,"Portable Multi Function Powerful Rechargeable Battery Operated Personal High Speed Small Fans with LED Light,Table Fan, Home, Office,Study, Desk (Multi Colour)",3,Y
VL-103,https://static-01.daraz.com.bd/p/c6ea0f9eba936bbacf333780c694a64e.jpg,"Portable Multi Function Powerful Rechargeable Battery Operated Personal High Speed Small Fans with LED Light,Table Fan, Home, Office,Study, Desk (Multi Colour)",4,Y
VL-103,https://static-01.daraz.com.bd/p/9d519d304adb74edbe83a9a9f277e32d.jpg,"Portable Multi Function Powerful Rechargeable Battery Operated Personal High Speed Small Fans with LED Light,Table Fan, Home, Office,Study, Desk (Multi Colour)",5,Y
VL-104,https://static-01.daraz.com.bd/p/74e2f8d35387a2122e475517792b2f33.jpg,E39264-DELI CALCULATOR 14 DIGI T 150STEPS,1,Y
VL-104,https://static-01.daraz.com.bd/p/09be11b2fddb4e24dcece67cec4dae05.jpg,E39264-DELI CALCULATOR 14 DIGI T 150STEPS,2,Y
VL-104,https://static-01.daraz.com.bd/p/bcadf1678a934f44edbe76cc1fd63266.png,E39264-DELI CALCULATOR 14 DIGI T 150STEPS,3,Y
VL-104,https://static-01.daraz.com.bd/p/1972cdbb09a07c0e172f69612b806b26.jpg,E39264-DELI CALCULATOR 14 DIGI T 150STEPS,4,Y
VL-105,https://static-01.daraz.com.bd/p/15e3374ef3e387f95d54227d258543c7.jpg,"Rotating remote control holder, pen holder for desk,Wooden remote storage Organizer,TV remote control caddy@YCL872R Pen container",1,Y
VL-105,https://static-01.daraz.com.bd/p/da01aa53cf2be5a4e406bd10cc0b9b11.jpg,"Rotating remote control holder, pen holder for desk,Wooden remote storage Organizer,TV remote control caddy@YCL872R Pen container",2,Y
VL-105,https://static-01.daraz.com.bd/p/b445f30e52f0c324c22366d21313b3b8.jpg,"Rotating remote control holder, pen holder for desk,Wooden remote storage Organizer,TV remote control caddy@YCL872R Pen container",3,Y
VL-105,https://static-01.daraz.com.bd/p/a49bb53372b13e2ab21214a7ce2427c0.jpg,"Rotating remote control holder, pen holder for desk,Wooden remote storage Organizer,TV remote control caddy@YCL872R Pen container",4,Y
VL-105,https://static-01.daraz.com.bd/p/c9408f4ac15bda95b9904b28233d16f6.jpg,"Rotating remote control holder, pen holder for desk,Wooden remote storage Organizer,TV remote control caddy@YCL872R Pen container",5,Y
VL-106,https://static-01.daraz.com.bd/p/db0b8b9c231af84680d98b2f1f1622d2.jpg,"ofixo paperweight globe design acrylic paper weight with globe inside, great piece for desk decor.- Multi color",1,Y
VL-106,https://static-01.daraz.com.bd/p/c41f20d77cdf4bfea124b13dd2b9082a.jpg,"ofixo paperweight globe design acrylic paper weight with globe inside, great piece for desk decor.- Multi color",2,Y
VL-106,https://static-01.daraz.com.bd/p/52d8d15cf7aabf4c2491c121a0eb5395.jpg,"ofixo paperweight globe design acrylic paper weight with globe inside, great piece for desk decor.- Multi color",3,Y
VL-106,https://static-01.daraz.com.bd/p/eb991e9964a3f66a63f72e10fbb560d3.jpg,"ofixo paperweight globe design acrylic paper weight with globe inside, great piece for desk decor.- Multi color",4,Y
VL-107,https://static-01.daraz.com.bd/p/d1eb4c841df27bddc346df43b9b92659.jpg,Rivet Hand Riveter HR-702 And Heavy Duty Rivet,1,Y
VL-107,https://static-01.daraz.com.bd/p/d2eb35db557fa8cf893b215b3769fc66.jpg,Rivet Hand Riveter HR-702 And Heavy Duty Rivet,2,Y
VL-107,https://static-01.daraz.com.bd/p/7cc45b692c56a343e5ed68fc397ae2a1.jpg,Rivet Hand Riveter HR-702 And Heavy Duty Rivet,3,Y
VL-108,https://static-01.daraz.com.bd/p/0c30ef842b893937edadc6edb0ebb36a.jpg,Paper Weight Globe - Multicolor,1,Y
VL-109,https://static-01.daraz.com.bd/p/a3b4da1a30d44aa88544ab47900e6ff3.jpg,Led Light Multi Function Powerful Rechargeable Table Desk Fan - (MULTI COLOUR) Assorted,1,Y
VL-109,https://static-01.daraz.com.bd/p/441a8c7c4d3889b26ed5b3f6c8a21ffc.jpg,Led Light Multi Function Powerful Rechargeable Table Desk Fan - (MULTI COLOUR) Assorted,2,Y
VL-109,https://static-01.daraz.com.bd/p/fcb9f7bb33372a21fbae7fd4faf2a5dc.jpg,Led Light Multi Function Powerful Rechargeable Table Desk Fan - (MULTI COLOUR) Assorted,3,Y
VL-109,https://static-01.daraz.com.bd/p/5d901141c573bb66d8d600ac78aeca7f.jpg,Led Light Multi Function Powerful Rechargeable Table Desk Fan - (MULTI COLOUR) Assorted,4,Y
VL-110,https://static-01.daraz.com.bd/p/a7dc7c73154b70d10055687597e161fe.png,Paper Weight Globe - Multicolor,1,Y
VL-111,https://static-01.daraz.com.bd/p/78a650b6da57095ee3678ae05219cc39.jpg,"Diamond Shaped Crystal Paperweight, Clear Crystal Diamond Jewel Paperweight Sparkling Glass Gem Centerpieces Decoration with Gift Box for Home Office Wedding Decor - Multicolor",1,Y
VL-111,https://static-01.daraz.com.bd/p/b57fb0ef10f9421bff8017dfa1d9d9f0.jpg,"Diamond Shaped Crystal Paperweight, Clear Crystal Diamond Jewel Paperweight Sparkling Glass Gem Centerpieces Decoration with Gift Box for Home Office Wedding Decor - Multicolor",2,Y
VL-111,https://static-01.daraz.com.bd/p/b7b5c2cf80e0ddddf6a8406ebcd52c63.jpg,"Diamond Shaped Crystal Paperweight, Clear Crystal Diamond Jewel Paperweight Sparkling Glass Gem Centerpieces Decoration with Gift Box for Home Office Wedding Decor - Multicolor",3,Y
VL-111,https://static-01.daraz.com.bd/p/02b968fe25f1a7f11955703902e6c7ed.jpg,"Diamond Shaped Crystal Paperweight, Clear Crystal Diamond Jewel Paperweight Sparkling Glass Gem Centerpieces Decoration with Gift Box for Home Office Wedding Decor - Multicolor",4,Y
VL-111,https://static-01.daraz.com.bd/p/931095eb487a5fd572f4fafde8de50ea.jpg,"Diamond Shaped Crystal Paperweight, Clear Crystal Diamond Jewel Paperweight Sparkling Glass Gem Centerpieces Decoration with Gift Box for Home Office Wedding Decor - Multicolor",5,Y
VL-111,https://static-01.daraz.com.bd/p/3e6092d01c323637f21c1ba4dc8a7144.jpg,"Diamond Shaped Crystal Paperweight, Clear Crystal Diamond Jewel Paperweight Sparkling Glass Gem Centerpieces Decoration with Gift Box for Home Office Wedding Decor - Multicolor",6,Y
VL-112,https://static-01.daraz.com.bd/p/8fc99eec107f43c366836254f1fe116e.jpg,"Collectible  Metal & Crystal Taj Mahal Showpiece, Medium, Multicolour - Multicolor",1,Y
VL-112,https://static-01.daraz.com.bd/p/a6c2efa37ef13c46ddbc16cae9330d65.jpg,"Collectible  Metal & Crystal Taj Mahal Showpiece, Medium, Multicolour - Multicolor",2,Y
VL-112,https://static-01.daraz.com.bd/p/33078f66590429b08bd1c828172db75d.jpg,"Collectible  Metal & Crystal Taj Mahal Showpiece, Medium, Multicolour - Multicolor",3,Y
VL-113,https://static-01.daraz.com.bd/p/4c8f465266b0d9a8f4fe0c2a67f9d7dc.jpg,"Diamond Shaped Crystal Paperweight, Clear Crystal Diamond Jewel Paperweight Sparkling Glass Gem Centerpieces Decoration with Gift Box for Home Office Wedding Decor - Multicolor",1,Y
VL-113,https://static-01.daraz.com.bd/p/0abe970eea13470f3e2c87b108de7fb0.jpg,"Diamond Shaped Crystal Paperweight, Clear Crystal Diamond Jewel Paperweight Sparkling Glass Gem Centerpieces Decoration with Gift Box for Home Office Wedding Decor - Multicolor",2,Y
VL-113,https://static-01.daraz.com.bd/p/bc361b596ff517a63c99be2e9628ce04.jpg,"Diamond Shaped Crystal Paperweight, Clear Crystal Diamond Jewel Paperweight Sparkling Glass Gem Centerpieces Decoration with Gift Box for Home Office Wedding Decor - Multicolor",3,Y
VL-114,https://static-01.daraz.com.bd/p/09be11b2fddb4e24dcece67cec4dae05.jpg,DELI 39264 CALCULATOR 14 DIGI T 150STEPS (MODEL - E39264),1,Y
VL-114,https://static-01.daraz.com.bd/p/bcadf1678a934f44edbe76cc1fd63266.png,DELI 39264 CALCULATOR 14 DIGI T 150STEPS (MODEL - E39264),2,Y
VL-114,https://static-01.daraz.com.bd/p/1972cdbb09a07c0e172f69612b806b26.jpg,DELI 39264 CALCULATOR 14 DIGI T 150STEPS (MODEL - E39264),3,Y
VL-115,https://static-01.daraz.com.bd/p/9b6186a845c7c64fa094ed5086b0be75.jpg,"80mm Faceted Crystal Ball, Clear Prism Sphere Glass Sphere Ball Water Prism Clear Cut Translucent Faceted Gazing Ball for Office Home Hotel Decor",1,Y
VL-116,https://static-01.daraz.com.bd/p/3d155e10a7b23419b36ed334a73435a4.jpg,Air Compressor Air Duster GunCompressed Air BlowGun Air Nozzle Blower Air Clean Up Tool Duster BlowerGun Air BlowGun,1,Y
VL-116,https://static-01.daraz.com.bd/p/0ee0bbf5e562515d33921918d1467aa8.jpg,Air Compressor Air Duster GunCompressed Air BlowGun Air Nozzle Blower Air Clean Up Tool Duster BlowerGun Air BlowGun,2,Y
VL-116,https://static-01.daraz.com.bd/p/dca5dcfcb38a2dc91007447319f86b24.jpg,Air Compressor Air Duster GunCompressed Air BlowGun Air Nozzle Blower Air Clean Up Tool Duster BlowerGun Air BlowGun,3,Y
VL-116,https://static-01.daraz.com.bd/p/0a006d92145e1abfa8a09a68ad3de5aa.jpg,Air Compressor Air Duster GunCompressed Air BlowGun Air Nozzle Blower Air Clean Up Tool Duster BlowerGun Air BlowGun,4,Y
VL-117,https://static-01.daraz.com.bd/p/fb3c9976351f0dfce33707ffd32e1b81.jpg,Deli 120 steps check function Tax Calculator Business office finance destop 12 digit dual power solar Black EM01020,1,Y
VL-117,https://static-01.daraz.com.bd/p/3471406936aa32d1bd6b547cdcf803c5.jpg,Deli 120 steps check function Tax Calculator Business office finance destop 12 digit dual power solar Black EM01020,2,Y
VL-117,https://static-01.daraz.com.bd/p/2f1f6be080e1a5849e4ae5b761e55fe9.jpg,Deli 120 steps check function Tax Calculator Business office finance destop 12 digit dual power solar Black EM01020,3,Y
VL-117,https://static-01.daraz.com.bd/p/4c0be7b0ea0ea313242ae8c09f752bb5.jpg,Deli 120 steps check function Tax Calculator Business office finance destop 12 digit dual power solar Black EM01020,4,Y
VL-118,https://static-01.daraz.com.bd/p/c9ecff2d80e11f393568cf7b70984546.jpg,Deli Calculator M19810 - Black and White,1,Y
VL-118,https://static-01.daraz.com.bd/p/8fb4dce77e9dc30d92476a4a114c9e64.jpg,Deli Calculator M19810 - Black and White,2,Y
VL-118,https://static-01.daraz.com.bd/p/aa4b021ed54476e70904056477ad4fc2.jpg,Deli Calculator M19810 - Black and White,3,Y
VL-118,https://static-01.daraz.com.bd/p/68c2d701d9a74ed006d2532d56ab9a7f.jpg,Deli Calculator M19810 - Black and White,4,Y
VL-118,https://static-01.daraz.com.bd/p/4ff23802753a81daf105069a18848ce0.jpg,Deli Calculator M19810 - Black and White,5,Y
VL-118,https://static-01.daraz.com.bd/p/26d621204eaa9eb3d7b9801d06b378fe.jpg,Deli Calculator M19810 - Black and White,6,Y
VL-118,https://static-01.daraz.com.bd/p/d77ce92f709b2810146e84537aebe463.jpg,Deli Calculator M19810 - Black and White,7,Y
VL-119,https://static-01.daraz.com.bd/p/eb8a22922dd7fcf93975c370648fa8e8.jpg,Deli Calculator M01010 - White,1,Y
VL-119,https://static-01.daraz.com.bd/p/9be0962cd4ec0e75070aa95599b7556a.jpg,Deli Calculator M01010 - White,2,Y
VL-119,https://static-01.daraz.com.bd/p/3c8f5eadcc587278a23d877af06c8b60.jpg,Deli Calculator M01010 - White,3,Y
VL-119,https://static-01.daraz.com.bd/p/04f809e030d6c2fc0d0aa750bd94460c.jpg,Deli Calculator M01010 - White,4,Y
VL-119,https://static-01.daraz.com.bd/p/e8fc1c5456c00f99c5ad470a5f4e52bd.jpg,Deli Calculator M01010 - White,5,Y
VL-120,https://static-01.daraz.com.bd/p/a60662480b806ea38df0f3317a06001c.jpg,Handmade Crystal Glass New Model Honda Car HOME DECOR,1,Y
VL-120,https://static-01.daraz.com.bd/p/e1faec18eb0101c8ce39331cb30fafbf.jpg,Handmade Crystal Glass New Model Honda Car HOME DECOR,2,Y
VL-121,https://static-01.daraz.com.bd/p/bc361b596ff517a63c99be2e9628ce04.jpg,"Diamond Shaped Crystal Paperweight, Clear Crystal Diamond Jewel Paperweight Sparkling Glass Gem Centerpieces Decoration with Gift Box for Home Office Wedding Decor - Multicolor",1,Y
VL-121,https://static-01.daraz.com.bd/p/4c8f465266b0d9a8f4fe0c2a67f9d7dc.jpg,"Diamond Shaped Crystal Paperweight, Clear Crystal Diamond Jewel Paperweight Sparkling Glass Gem Centerpieces Decoration with Gift Box for Home Office Wedding Decor - Multicolor",2,Y
VL-121,https://static-01.daraz.com.bd/p/0abe970eea13470f3e2c87b108de7fb0.jpg,"Diamond Shaped Crystal Paperweight, Clear Crystal Diamond Jewel Paperweight Sparkling Glass Gem Centerpieces Decoration with Gift Box for Home Office Wedding Decor - Multicolor",3,Y
VL-122,https://static-01.daraz.com.bd/p/b6b7baad7029bc5a24fbd507321a0a10.jpg,8 Digits Deli E7508 Deli Numbering Machine Very clear number marking with integrated ink pad E7508,1,Y
VL-123,https://static-01.daraz.com.bd/p/ae21a39211d6b4e40a066a3df50b1588.jpg,2 PCS Reap Aluminum Name Badge Holder Vertical ID Card holder,1,Y
VL-123,https://static-01.daraz.com.bd/p/b4556cf67a8470978e88c146f9d7574f.jpg,2 PCS Reap Aluminum Name Badge Holder Vertical ID Card holder,2,Y
VL-123,https://static-01.daraz.com.bd/p/d98b6f745c2a77146b8fb918ccb97dfe.jpg,2 PCS Reap Aluminum Name Badge Holder Vertical ID Card holder,3,Y
VL-123,https://static-01.daraz.com.bd/p/67a6f11bf942e6f39c4112a6ecd9abd7.jpg,2 PCS Reap Aluminum Name Badge Holder Vertical ID Card holder,4,Y
VL-123,https://static-01.daraz.com.bd/p/392403e9b80f0c6cc519d69da64571ab.jpg,2 PCS Reap Aluminum Name Badge Holder Vertical ID Card holder,5,Y
VL-123,https://static-01.daraz.com.bd/p/d5d2024ba9f4b1bdc208ac730dd550bc.jpg,2 PCS Reap Aluminum Name Badge Holder Vertical ID Card holder,6,Y
VL-123,https://static-01.daraz.com.bd/p/c8902d5cba298bc585659ec80816b163.jpg,2 PCS Reap Aluminum Name Badge Holder Vertical ID Card holder,7,Y
VL-123,https://static-01.daraz.com.bd/p/4ac9e29aa08bf422686bf07dd0603d07.jpg,2 PCS Reap Aluminum Name Badge Holder Vertical ID Card holder,8,Y
VL-124,https://static-01.daraz.com.bd/p/cce099655cbfc05b00913a3c9ab4329d.jpg,"Rotating pen holder for desk,Wooden Organizer Pen container - Multicolor",1,Y
VL-125,https://static-01.daraz.com.bd/p/e4e5da0594173f8d08662ed6a4cee529.jpg,24-Piece Stainless Steel Cutlery Set with Stand WR4000-24PL,1,Y
VL-125,https://static-01.daraz.com.bd/p/a98d3e79c59732f35f4cb3b50cf9d5c8.jpg,24-Piece Stainless Steel Cutlery Set with Stand WR4000-24PL,2,Y
VL-125,https://static-01.daraz.com.bd/p/3453677cefb92d4980e876591442dc59.jpg,24-Piece Stainless Steel Cutlery Set with Stand WR4000-24PL,3,Y
VL-125,https://static-01.daraz.com.bd/p/c05e283eb9fd553a76d4bbc48e3860aa.jpg,24-Piece Stainless Steel Cutlery Set with Stand WR4000-24PL,4,Y
VL-125,https://static-01.daraz.com.bd/p/c195a2c4829bee6563155ccf72a7bbe4.jpg,24-Piece Stainless Steel Cutlery Set with Stand WR4000-24PL,5,Y
VL-126,https://static-01.daraz.com.bd/p/0ebb0d32fe13b4f040c8d5fc2435a47d.jpg,Deli 10 Digit Automatic Numbering Machine - 7510,1,Y
VL-126,https://static-01.daraz.com.bd/p/8970c97ba4f3b8541925378ce510b943.png,Deli 10 Digit Automatic Numbering Machine - 7510,2,Y
VL-127,https://static-01.daraz.com.bd/p/b4556cf67a8470978e88c146f9d7574f.jpg,6 PCS Reap 6851S Vertical Name badge holder Aluminum Alloy Business Card Badge Holder,1,Y
VL-127,https://static-01.daraz.com.bd/p/ae21a39211d6b4e40a066a3df50b1588.jpg,6 PCS Reap 6851S Vertical Name badge holder Aluminum Alloy Business Card Badge Holder,2,Y
VL-127,https://static-01.daraz.com.bd/p/392403e9b80f0c6cc519d69da64571ab.jpg,6 PCS Reap 6851S Vertical Name badge holder Aluminum Alloy Business Card Badge Holder,3,Y
VL-127,https://static-01.daraz.com.bd/p/4ac9e29aa08bf422686bf07dd0603d07.jpg,6 PCS Reap 6851S Vertical Name badge holder Aluminum Alloy Business Card Badge Holder,4,Y
VL-127,https://static-01.daraz.com.bd/p/d98b6f745c2a77146b8fb918ccb97dfe.jpg,6 PCS Reap 6851S Vertical Name badge holder Aluminum Alloy Business Card Badge Holder,5,Y
VL-127,https://static-01.daraz.com.bd/p/c8902d5cba298bc585659ec80816b163.jpg,6 PCS Reap 6851S Vertical Name badge holder Aluminum Alloy Business Card Badge Holder,6,Y
VL-127,https://static-01.daraz.com.bd/p/d5d2024ba9f4b1bdc208ac730dd550bc.jpg,6 PCS Reap 6851S Vertical Name badge holder Aluminum Alloy Business Card Badge Holder,7,Y
VL-127,https://static-01.daraz.com.bd/p/67a6f11bf942e6f39c4112a6ecd9abd7.jpg,6 PCS Reap 6851S Vertical Name badge holder Aluminum Alloy Business Card Badge Holder,8,Y
VL-128,https://static-01.daraz.com.bd/p/ded652e96a6031c70641586ccf62d2e4.png,4 Lamps of Tiffin Carrier in Square,1,Y
VL-128,https://static-01.daraz.com.bd/p/7ca76fd116af0f9537734e78f0e2227d.png,4 Lamps of Tiffin Carrier in Square,2,Y
VL-128,https://static-01.daraz.com.bd/p/3559aa48afb6c86940388224ce7348fa.jpg,4 Lamps of Tiffin Carrier in Square,3,Y
VL-129,https://static-01.daraz.com.bd/p/adcbb4485b8fcd93b8c4454eadb74bac.jpg,"Remote Control Organizer with Drawer, Makeup Organizers,Office Pencil Holder for Desk,Wooden Multifunctional Tabletop Storage case YCL828",1,Y
VL-129,https://static-01.daraz.com.bd/p/7db2552f5c8b41026af15d9157ce8ef5.jpg,"Remote Control Organizer with Drawer, Makeup Organizers,Office Pencil Holder for Desk,Wooden Multifunctional Tabletop Storage case YCL828",2,Y
VL-129,https://static-01.daraz.com.bd/p/64d972a6e2d767e610cdee1d6e00ae75.jpg,"Remote Control Organizer with Drawer, Makeup Organizers,Office Pencil Holder for Desk,Wooden Multifunctional Tabletop Storage case YCL828",3,Y
VL-130,https://static-01.daraz.com.bd/p/de15542577935a75552e2c2796faaeb0.jpg,Deli 7506 automatic numbering machine 6 digit manual coding tumarking 2 bit 3 bit paper this book page marking Is,1,Y
VL-130,https://static-01.daraz.com.bd/p/36551e9ee32e847e93a714c9104cfe65.jpg,Deli 7506 automatic numbering machine 6 digit manual coding tumarking 2 bit 3 bit paper this book page marking Is,2,Y
VL-131,https://static-01.daraz.com.bd/p/ae21a39211d6b4e40a066a3df50b1588.jpg,1 PCS Reap Aluminum Name Badge Holder Vertical ID Card holder,1,Y
VL-131,https://static-01.daraz.com.bd/p/d98b6f745c2a77146b8fb918ccb97dfe.jpg,1 PCS Reap Aluminum Name Badge Holder Vertical ID Card holder,2,Y
VL-131,https://static-01.daraz.com.bd/p/392403e9b80f0c6cc519d69da64571ab.jpg,1 PCS Reap Aluminum Name Badge Holder Vertical ID Card holder,3,Y
VL-131,https://static-01.daraz.com.bd/p/4ac9e29aa08bf422686bf07dd0603d07.jpg,1 PCS Reap Aluminum Name Badge Holder Vertical ID Card holder,4,Y
VL-131,https://static-01.daraz.com.bd/p/67a6f11bf942e6f39c4112a6ecd9abd7.jpg,1 PCS Reap Aluminum Name Badge Holder Vertical ID Card holder,5,Y
VL-131,https://static-01.daraz.com.bd/p/b4556cf67a8470978e88c146f9d7574f.jpg,1 PCS Reap Aluminum Name Badge Holder Vertical ID Card holder,6,Y
VL-131,https://static-01.daraz.com.bd/p/c8902d5cba298bc585659ec80816b163.jpg,1 PCS Reap Aluminum Name Badge Holder Vertical ID Card holder,7,Y
VL-132,https://static-01.daraz.com.bd/p/251f31d9a5c60b42b1c4776ea5a64b8d.jpg,Educational Computer ABC and 123 Learning Kids Laptop with LED Display and Music,1,Y
VL-132,https://static-01.daraz.com.bd/p/5257b1c9ff4bb1a8589189f7b9690518.jpg,Educational Computer ABC and 123 Learning Kids Laptop with LED Display and Music,2,Y
VL-133,https://static-01.daraz.com.bd/p/1b3383704a3316747d723a7c41fe3be0.jpg,Antique Skeleton quartz analogue type wall mounted clock,1,Y
VL-134,https://static-01.daraz.com.bd/p/f2e208cfa41e73a246caf49bbe94475d.jpg,"Elegant, Traditional, Decorative, Hand Painted Modern Grandfather Wall Clock Fancy Ethnic Luxury Handmade Decoration, Swinging Pendulum for New Room or Office. Large. 29.5 Inch. coloured gaze gold - Glaze gold",1,Y
VL-134,https://static-01.daraz.com.bd/p/6b647aa8a1e865732359466a3d48cf21.jpg,"Elegant, Traditional, Decorative, Hand Painted Modern Grandfather Wall Clock Fancy Ethnic Luxury Handmade Decoration, Swinging Pendulum for New Room or Office. Large. 29.5 Inch. coloured gaze gold - Glaze gold",2,Y
VL-134,https://static-01.daraz.com.bd/p/9d9d4adae31b5638dd883d526ea2cacd.jpg,"Elegant, Traditional, Decorative, Hand Painted Modern Grandfather Wall Clock Fancy Ethnic Luxury Handmade Decoration, Swinging Pendulum for New Room or Office. Large. 29.5 Inch. coloured gaze gold - Glaze gold",3,Y
VL-134,https://static-01.daraz.com.bd/p/b3e30301ba712c9eb68c38053e8bfba3.jpg,"Elegant, Traditional, Decorative, Hand Painted Modern Grandfather Wall Clock Fancy Ethnic Luxury Handmade Decoration, Swinging Pendulum for New Room or Office. Large. 29.5 Inch. coloured gaze gold - Glaze gold",4,Y
VL-134,https://static-01.daraz.com.bd/p/cc35cca35e13fbb86d20d4c4b9aa7357.jpg,"Elegant, Traditional, Decorative, Hand Painted Modern Grandfather Wall Clock Fancy Ethnic Luxury Handmade Decoration, Swinging Pendulum for New Room or Office. Large. 29.5 Inch. coloured gaze gold - Glaze gold",5,Y
VL-135,https://static-01.daraz.com.bd/p/0bfc3a3d453aa3a248e4b6f1cb95508f.jpg,"Elegant, Traditional, Decorative, Hand Painted Modern Grandfather Wall Clock Fancy Ethnic Luxury Handmade Decoration, Swinging Pendulum for New Room or Office. Large. 29.5 Inch. coloured gaze gold - Gold",1,Y
VL-136,https://static-01.daraz.com.bd/p/fa5c2af464b4e8cd6e8260bed281094c.jpg,"Elegant, Traditional, Decorative, Hand Painted Modern Grandfather Wall Clock Fancy Ethnic Luxury Handmade Decoration, Swinging Pendulum for New Room or Office. Large. 29.5 Inch. coloured gaze gold - Multicolor",1,Y
VL-137,https://static-01.daraz.com.bd/p/ec0fd7c2ac766ce6488b1759061cbfac.jpg,Vintage Metal Wall Clock Pendulum Brown Decorative Carved Rustic - Multicolor,1,Y
VL-138,https://static-01.daraz.com.bd/p/8eacd363247d94f39f56b7fa0df743bd.jpg,Vintage Metal Wall Clock Pendulum Brown Decorative Carved Rustic - Multicolor,1,Y
VL-138,https://static-01.daraz.com.bd/p/0337bbde5b4020dd1f77b686cd0ff970.jpg,Vintage Metal Wall Clock Pendulum Brown Decorative Carved Rustic - Multicolor,2,Y
VL-139,https://static-01.daraz.com.bd/p/7d3c35b779a9b4b2b59f54f20a462091.jpg,Desk Pen 0.5mm Gel Pen Business Black Desk Counter Table Gel pens for bank Elegant plastic pen for writing Office Stationery - Multicolor,1,Y
VL-140,https://static-01.daraz.com.bd/p/a6a3b5a1d8692ed6c2e24edc15dcdde6.jpg,Desk Pen 0.5mm Gel Pen Business Black Desk Counter Table Gel pens for bank Elegant plastic pen for writing Office Stationery - Black,1,Y
VL-141,https://static-01.daraz.com.bd/p/ec0fd7c2ac766ce6488b1759061cbfac.jpg,Vintage Metal Wall Clock Pendulum Brown Decorative Carved Rustic - Multicolor,1,Y
VL-142,https://static-01.daraz.com.bd/p/f9b97893e2c08787edb8cd4613fad636.jpg,Oven Proof Glass Serving Dish with Glass Lid - Transparent - Multicolor,1,Y
VL-142,https://static-01.daraz.com.bd/p/31067850176d973f660a16fd0f49ce8d.jpg,Oven Proof Glass Serving Dish with Glass Lid - Transparent - Multicolor,2,Y
VL-143,https://static-01.daraz.com.bd/p/a96bbd8865391c6ecc7e636a20251373.png,6 Cups Carbon steel Mini Muffin Bun Pan non-stick Cupcake Baking,1,Y
VL-143,https://static-01.daraz.com.bd/p/4f3f3a030865f8acc115b5e9f7574475.jpg,6 Cups Carbon steel Mini Muffin Bun Pan non-stick Cupcake Baking,2,Y
VL-144,https://static-01.daraz.com.bd/p/535a47e818e44131f35c1cb43c6caea5.jpg,Oven Proof Glass Serving Dish - Transparent 3 Pcs Set,1,Y
VL-144,https://static-01.daraz.com.bd/p/b3fdfa689d02bb5f1aafbbbd5648de63.jpg,Oven Proof Glass Serving Dish - Transparent 3 Pcs Set,2,Y
VL-144,https://static-01.daraz.com.bd/p/e3897be1d161d9290c36e04ead7ebccd.jpg,Oven Proof Glass Serving Dish - Transparent 3 Pcs Set,3,Y
VL-144,https://static-01.daraz.com.bd/p/e478e7d7edcd54005481181cb401a0e3.jpg,Oven Proof Glass Serving Dish - Transparent 3 Pcs Set,4,Y
VL-145,https://static-01.daraz.com.bd/p/a0d14d9d34f41ab0e699116a67c90e80.png,Antique Skeleton quartz analogue type clock  (Size: 15cm x 10cm),1,Y
VL-146,https://static-01.daraz.com.bd/p/d5a0ab8de04843c97a35c999e773af6e.jpg,MILTON 2800 ML H.POT,1,Y
VL-146,https://static-01.daraz.com.bd/p/23339e1285607614fa5705a4960e5a8e.jpg,MILTON 2800 ML H.POT,2,Y
VL-147,https://static-01.daraz.com.bd/p/2bb1ac3f2b804b8b5bac1d7333c73420.png,"Brass Desk Clock with Pen Holder – Analog Table Clock for Office Desk, Study Table & Gift Use - Black",1,Y
VL-147,https://static-01.daraz.com.bd/p/d3437dd6ff7f4569074fa55ae1b433e4.jpg,"Brass Desk Clock with Pen Holder – Analog Table Clock for Office Desk, Study Table & Gift Use - Black",2,Y
VL-148,https://static-01.daraz.com.bd/p/6dabab0c050ced44fa009eacbbfd15fd.jpg,"Brass Desk Clock with Pen Holder – Analog Table Clock for Office Desk, Study Table & Gift Use - Gold",1,Y
VL-148,https://static-01.daraz.com.bd/p/98fd071ea6b04adadbb25c314e683849.png,"Brass Desk Clock with Pen Holder – Analog Table Clock for Office Desk, Study Table & Gift Use - Gold",2,Y
VL-148,https://static-01.daraz.com.bd/p/c64f5286d3031d75f74fd2c594175c87.png,"Brass Desk Clock with Pen Holder – Analog Table Clock for Office Desk, Study Table & Gift Use - Gold",3,Y
VL-149,https://static-01.daraz.com.bd/p/c64f5286d3031d75f74fd2c594175c87.png,Desk Clock and Pen Holder Brass Pen Holder Clock Analog Dial Desk Clock Office Table Clock & Pen Holder - Gold,1,Y
VL-149,https://static-01.daraz.com.bd/p/98fd071ea6b04adadbb25c314e683849.png,Desk Clock and Pen Holder Brass Pen Holder Clock Analog Dial Desk Clock Office Table Clock & Pen Holder - Gold,2,Y
VL-149,https://static-01.daraz.com.bd/p/6dabab0c050ced44fa009eacbbfd15fd.jpg,Desk Clock and Pen Holder Brass Pen Holder Clock Analog Dial Desk Clock Office Table Clock & Pen Holder - Gold,3,Y
VL-150,https://static-01.daraz.com.bd/p/2bb1ac3f2b804b8b5bac1d7333c73420.png,Desk Clock and Pen Holder Brass Pen Holder Clock Analog Dial Desk Clock Office Table Clock & Pen Holder - Black,1,Y
VL-150,https://static-01.daraz.com.bd/p/d3437dd6ff7f4569074fa55ae1b433e4.jpg,Desk Clock and Pen Holder Brass Pen Holder Clock Analog Dial Desk Clock Office Table Clock & Pen Holder - Black,2,Y
VL-151,https://static-01.daraz.com.bd/p/9d2b07fede0a304620cf709639fbcd0b.jpg,DELI E0395 Heavy Duty Stapler 210 sheets Easy staple durable stapler stationery office supply staples office accessories - Multicolor,1,Y
VL-151,https://static-01.daraz.com.bd/p/45a419a62c630d9ec5c5ab7f28e507b8.jpg,DELI E0395 Heavy Duty Stapler 210 sheets Easy staple durable stapler stationery office supply staples office accessories - Multicolor,2,Y
VL-151,https://static-01.daraz.com.bd/p/b26653c4615b13ee522a6eb31c6f876b.jpg,DELI E0395 Heavy Duty Stapler 210 sheets Easy staple durable stapler stationery office supply staples office accessories - Multicolor,3,Y
VL-151,https://static-01.daraz.com.bd/p/54954abe94bb2b9af2a2d4178ae06f2e.jpg,DELI E0395 Heavy Duty Stapler 210 sheets Easy staple durable stapler stationery office supply staples office accessories - Multicolor,4,Y
VL-151,https://static-01.daraz.com.bd/p/1ffffb97c4c783070b89e1f93b1c4c40.jpg,DELI E0395 Heavy Duty Stapler 210 sheets Easy staple durable stapler stationery office supply staples office accessories - Multicolor,5,Y
VL-151,https://static-01.daraz.com.bd/p/2583f0525d0f23ffb4367f2d778e3e30.jpg,DELI E0395 Heavy Duty Stapler 210 sheets Easy staple durable stapler stationery office supply staples office accessories - Multicolor,6,Y
VL-151,https://static-01.daraz.com.bd/p/729af3b2c23adebdba3abe35093a466e.jpg,DELI E0395 Heavy Duty Stapler 210 sheets Easy staple durable stapler stationery office supply staples office accessories - Multicolor,7,Y
VL-152,https://static-01.daraz.com.bd/p/ba073c77e223f4dbae11e7851483262d.jpg,DELI E0395 Heavy Duty Stapler 210 sheets Easy staple durable stapler stationery office supply staples office accessories - Multicolor,1,Y
VL-152,https://static-01.daraz.com.bd/p/df16ee35d21c5e23cf90e506427cb000.jpg,DELI E0395 Heavy Duty Stapler 210 sheets Easy staple durable stapler stationery office supply staples office accessories - Multicolor,2,Y
VL-152,https://static-01.daraz.com.bd/p/b26653c4615b13ee522a6eb31c6f876b.jpg,DELI E0395 Heavy Duty Stapler 210 sheets Easy staple durable stapler stationery office supply staples office accessories - Multicolor,3,Y
VL-152,https://static-01.daraz.com.bd/p/1ffffb97c4c783070b89e1f93b1c4c40.jpg,DELI E0395 Heavy Duty Stapler 210 sheets Easy staple durable stapler stationery office supply staples office accessories - Multicolor,4,Y
VL-152,https://static-01.daraz.com.bd/p/3b7106572582c1855ad96273397ea77b.jpg,DELI E0395 Heavy Duty Stapler 210 sheets Easy staple durable stapler stationery office supply staples office accessories - Multicolor,5,Y
VL-152,https://static-01.daraz.com.bd/p/2583f0525d0f23ffb4367f2d778e3e30.jpg,DELI E0395 Heavy Duty Stapler 210 sheets Easy staple durable stapler stationery office supply staples office accessories - Multicolor,6,Y
VL-153,https://static-01.daraz.com.bd/p/7f6616218ab75c9c22fd4aaad5fd28d4.jpg,standard stapler staples stapler long arm,1,Y
VL-153,https://static-01.daraz.com.bd/p/e7884baaedce0c758e7949f60ecdcd6c.jpg,standard stapler staples stapler long arm,2,Y
VL-154,https://static-01.daraz.com.bd/p/8639d7cd426f5f786299f6dfdaf9500f.jpg,ier Metal Mesh Document Tray - Desk Organizer - Black,1,Y
VL-154,https://static-01.daraz.com.bd/p/8228202bf89f9926ee38edb211b326aa.jpg,ier Metal Mesh Document Tray - Desk Organizer - Black,2,Y
VL-154,https://static-01.daraz.com.bd/p/d9ce50a95cd15a98ee46f39fe36ca1af.jpg,ier Metal Mesh Document Tray - Desk Organizer - Black,3,Y
VL-154,https://static-01.daraz.com.bd/p/4c0060ee298ca0526169d3ac9ffb6aac.jpg,ier Metal Mesh Document Tray - Desk Organizer - Black,4,Y
VL-154,https://static-01.daraz.com.bd/p/ed9db061c6ed40dbd2eaa54057c2b1b8.jpg,ier Metal Mesh Document Tray - Desk Organizer - Black,5,Y
VL-154,https://static-01.daraz.com.bd/p/a35787cd5f9a5852481142c0564c43ef.jpg,ier Metal Mesh Document Tray - Desk Organizer - Black,6,Y
VL-154,https://static-01.daraz.com.bd/p/de135a2c6f3b760dfd528f4b155a69fb.jpg,ier Metal Mesh Document Tray - Desk Organizer - Black,7,Y
VL-155,https://bd-live-21.slatic.net/kf/S83c327d3abf146c982fcf64d5a480c069.jpg,15 Minutes / 10 Minutes Glass Hourglass Wood Frame Wooden Frame Sandglass Home Kitchen Timer Clock - 5m,1,Y
VL-156,https://bd-live-21.slatic.net/kf/S26e1d51137b84e4f9e4c0df502cfc44dD.jpg,15 Minutes / 10 Minutes Glass Hourglass Wood Frame Wooden Frame Sandglass Home Kitchen Timer Clock - 15m,1,Y
VL-157,https://bd-live-21.slatic.net/kf/Sfe87e37ca67a48b6a02e82c45a5fc7d6E.jpg,15 Minutes / 10 Minutes Glass Hourglass Wood Frame Wooden Frame Sandglass Home Kitchen Timer Clock - 10m,1,Y
VL-158,https://bd-live-21.slatic.net/kf/Sba04bf410d544ee3b5eb3567ce0e1e87K.jpg,15 Minutes / 10 Minutes Glass Hourglass Wood Frame Wooden Frame Sandglass Home Kitchen Timer Clock - Multicolor,1,Y
VL-159,https://static-01.daraz.com.bd/p/0bfc3a3d453aa3a248e4b6f1cb95508f.jpg,"Elegant, Traditional, Decorative, Hand Painted Modern Grandfather Wall Clock Fancy Ethnic Luxury Handmade Decoration, Swinging Pendulum for New Room or Office. Large. 29.5 Inch.",1,Y
VL-160,https://static-01.daraz.com.bd/p/1b6f60c49559f8d60a8ca0e73902c6e7.jpg,"Elegant, traditional, ornate, hand painted modern grandfather wall clock for new home or office fancy ethnic luxury handmade decoration, swing pendulum large 29.5 inches.  - wall clock",1,Y
VL-160,https://static-01.daraz.com.bd/p/6b647aa8a1e865732359466a3d48cf21.jpg,"Elegant, traditional, ornate, hand painted modern grandfather wall clock for new home or office fancy ethnic luxury handmade decoration, swing pendulum large 29.5 inches.  - wall clock",2,Y
VL-160,https://static-01.daraz.com.bd/p/90a876efc9df4840f20d4f06580456e6.jpg,"Elegant, traditional, ornate, hand painted modern grandfather wall clock for new home or office fancy ethnic luxury handmade decoration, swing pendulum large 29.5 inches.  - wall clock",3,Y
VL-161,https://static-01.daraz.com.bd/p/ecebe0d553380607996d26ecb8b38d0c.jpg,Advanced inspiring - Exceotional Quality - Quartz Oreva Decorative Retro Anchor Wall Clock - Vintage Choice - Expression of Yourself,1,Y
VL-161,https://static-01.daraz.com.bd/p/72bb04b0782886a92f08c1ab68afb44e.jpg,Advanced inspiring - Exceotional Quality - Quartz Oreva Decorative Retro Anchor Wall Clock - Vintage Choice - Expression of Yourself,2,Y
VL-162,https://static-01.daraz.com.bd/p/f4fc606b7fc8a5a7a25100f69957077b.jpg,Quartz Oreva Decorative Retro Anchor Wall Clock - Bronze,1,Y
VL-162,https://static-01.daraz.com.bd/p/44a38ce8f5e3f0a44d5db883ad4e226e.jpg,Quartz Oreva Decorative Retro Anchor Wall Clock - Bronze,2,Y
VL-162,https://static-01.daraz.com.bd/p/3ff554e3559d877fafaf91ae226b5973.jpg,Quartz Oreva Decorative Retro Anchor Wall Clock - Bronze,3,Y
VL-162,https://static-01.daraz.com.bd/p/eaee440cc08203cb1b77b2f4231312bf.jpg,Quartz Oreva Decorative Retro Anchor Wall Clock - Bronze,4,Y
VL-163,https://static-01.daraz.com.bd/p/7522cfffce1b4bf66f7c502f3777c2c9.jpg,Quartz Oreva Decorative Retro Anchor Wall Clock - Ancient Silver,1,Y
VL-163,https://static-01.daraz.com.bd/p/b3a15f0c959eed377fa78d1ba7d093f0.jpg,Quartz Oreva Decorative Retro Anchor Wall Clock - Ancient Silver,2,Y
VL-163,https://static-01.daraz.com.bd/p/a2e0dabf24c85f98b9ce0d800c8a5565.jpg,Quartz Oreva Decorative Retro Anchor Wall Clock - Ancient Silver,3,Y
VL-163,https://static-01.daraz.com.bd/p/5b481e522f46dc50334063903420c725.jpg,Quartz Oreva Decorative Retro Anchor Wall Clock - Ancient Silver,4,Y
VL-164,https://static-01.daraz.com.bd/p/7522cfffce1b4bf66f7c502f3777c2c9.jpg,Quartz Oreva Decorative Retro Anchor Wall Clock - Multicolor,1,Y
VL-164,https://static-01.daraz.com.bd/p/a2e0dabf24c85f98b9ce0d800c8a5565.jpg,Quartz Oreva Decorative Retro Anchor Wall Clock - Multicolor,2,Y
VL-164,https://static-01.daraz.com.bd/p/eaee440cc08203cb1b77b2f4231312bf.jpg,Quartz Oreva Decorative Retro Anchor Wall Clock - Multicolor,3,Y
VL-165,https://static-01.daraz.com.bd/p/a4fad4673ed1bfef5f994d95c17e4b33.jpg,Teddy Shape Inflatable Chair for Kids PVC Teddy Sofa for Toddlers Plastic Air Chair for Children 3 to 8 Years - Multicolor,1,Y
VL-165,https://static-01.daraz.com.bd/p/34e437722206f53548aac8b3f9460b1e.jpg,Teddy Shape Inflatable Chair for Kids PVC Teddy Sofa for Toddlers Plastic Air Chair for Children 3 to 8 Years - Multicolor,2,Y
VL-165,https://static-01.daraz.com.bd/p/4f9f650089cb68f4dcf9daa48685ae0d.jpg,Teddy Shape Inflatable Chair for Kids PVC Teddy Sofa for Toddlers Plastic Air Chair for Children 3 to 8 Years - Multicolor,3,Y
VL-165,https://static-01.daraz.com.bd/p/eb78b4b02dfa8f475d4fa0e82a71ec7a.jpg,Teddy Shape Inflatable Chair for Kids PVC Teddy Sofa for Toddlers Plastic Air Chair for Children 3 to 8 Years - Multicolor,4,Y
VL-165,https://static-01.daraz.com.bd/p/2e13cb915a02ab984e052bdd122d2c93.jpg,Teddy Shape Inflatable Chair for Kids PVC Teddy Sofa for Toddlers Plastic Air Chair for Children 3 to 8 Years - Multicolor,5,Y
VL-165,https://static-01.daraz.com.bd/p/a3041be0be32f763e48a59da9d7106c1.jpg,Teddy Shape Inflatable Chair for Kids PVC Teddy Sofa for Toddlers Plastic Air Chair for Children 3 to 8 Years - Multicolor,6,Y
VL-165,https://static-01.daraz.com.bd/p/b2def1d8c372a3672084548dda10a3df.jpg,Teddy Shape Inflatable Chair for Kids PVC Teddy Sofa for Toddlers Plastic Air Chair for Children 3 to 8 Years - Multicolor,7,Y
VL-166,https://static-01.daraz.com.bd/p/23d18fe1599426a9d463a7f9e0cf746c.jpg,Iris 50cm Cartoon Shape Inflatable Chair for Kids | PVC Sofa for Toddlers | Inflatable Pool Float Seat Summer Pool Raft Lounge Beach Party Water Toy for Children 3 to 8 Years (Blue) Inflatable Pool Accessory,1,Y
VL-166,https://static-01.daraz.com.bd/p/47bda0865db2f7b3534d94f38817d711.jpg,Iris 50cm Cartoon Shape Inflatable Chair for Kids | PVC Sofa for Toddlers | Inflatable Pool Float Seat Summer Pool Raft Lounge Beach Party Water Toy for Children 3 to 8 Years (Blue) Inflatable Pool Accessory,2,Y
VL-166,https://static-01.daraz.com.bd/p/5fa1d26d57a573ca81db2f92214ad97f.jpg,Iris 50cm Cartoon Shape Inflatable Chair for Kids | PVC Sofa for Toddlers | Inflatable Pool Float Seat Summer Pool Raft Lounge Beach Party Water Toy for Children 3 to 8 Years (Blue) Inflatable Pool Accessory,3,Y
VL-166,https://static-01.daraz.com.bd/p/98798881a2f1e320f9401b060b39a8d5.jpg,Iris 50cm Cartoon Shape Inflatable Chair for Kids | PVC Sofa for Toddlers | Inflatable Pool Float Seat Summer Pool Raft Lounge Beach Party Water Toy for Children 3 to 8 Years (Blue) Inflatable Pool Accessory,4,Y
VL-166,https://static-01.daraz.com.bd/p/2084e1ab3d57409bc2b538644b8d9f1e.jpg,Iris 50cm Cartoon Shape Inflatable Chair for Kids | PVC Sofa for Toddlers | Inflatable Pool Float Seat Summer Pool Raft Lounge Beach Party Water Toy for Children 3 to 8 Years (Blue) Inflatable Pool Accessory,5,Y
VL-166,https://static-01.daraz.com.bd/p/61083058e06b2584323a2d152b458288.jpg,Iris 50cm Cartoon Shape Inflatable Chair for Kids | PVC Sofa for Toddlers | Inflatable Pool Float Seat Summer Pool Raft Lounge Beach Party Water Toy for Children 3 to 8 Years (Blue) Inflatable Pool Accessory,6,Y
VL-166,https://static-01.daraz.com.bd/p/e6d1e731f8356aef0fd88bddda18d903.jpg,Iris 50cm Cartoon Shape Inflatable Chair for Kids | PVC Sofa for Toddlers | Inflatable Pool Float Seat Summer Pool Raft Lounge Beach Party Water Toy for Children 3 to 8 Years (Blue) Inflatable Pool Accessory,7,Y
VL-166,https://static-01.daraz.com.bd/p/6bcd24c8eed9e4b477bf0fde53de9609.jpg,Iris 50cm Cartoon Shape Inflatable Chair for Kids | PVC Sofa for Toddlers | Inflatable Pool Float Seat Summer Pool Raft Lounge Beach Party Water Toy for Children 3 to 8 Years (Blue) Inflatable Pool Accessory,8,Y
VL-167,https://static-01.daraz.com.bd/p/b2ab618f59f3d2aa082fecfe511105c6.jpg,"Transform Robot Racing Car to Car Automatically,Robot car Toy, with Light and Sound for Kids",1,Y
VL-167,https://static-01.daraz.com.bd/p/abab19516cb669d9e457b05797933fc8.jpg,"Transform Robot Racing Car to Car Automatically,Robot car Toy, with Light and Sound for Kids",2,Y
VL-167,https://static-01.daraz.com.bd/p/ed103cf95233b336f80580f5dd785b67.jpg,"Transform Robot Racing Car to Car Automatically,Robot car Toy, with Light and Sound for Kids",3,Y
VL-168,https://static-01.daraz.com.bd/p/71af77796519476be825e949e5a457c7.jpg,Decorative nordic modern luxurious unique bedroom bedside usb ceramic fabric table lamp - Multicolor,1,Y
VL-168,https://static-01.daraz.com.bd/p/820583451b724425bf241fb6e851bcce.jpg,Decorative nordic modern luxurious unique bedroom bedside usb ceramic fabric table lamp - Multicolor,2,Y
VL-168,https://static-01.daraz.com.bd/p/abf52158b06e2b922ef368825340548b.jpg,Decorative nordic modern luxurious unique bedroom bedside usb ceramic fabric table lamp - Multicolor,3,Y
VL-169,https://static-01.daraz.com.bd/p/1e20a36946141ec6d56c38788726b9b9.jpg,"Universal Vertical Multi Socket 220V Electrical Tower Extension Outlet with USB Ports 3M Cord and UK-Plug Power Strip Multi Charging Station (3 Layers Multi Plug With USB Port, Gray)",1,Y
VL-169,https://static-01.daraz.com.bd/p/f8f692ba5714818cdc8ae035470ffe21.jpg,"Universal Vertical Multi Socket 220V Electrical Tower Extension Outlet with USB Ports 3M Cord and UK-Plug Power Strip Multi Charging Station (3 Layers Multi Plug With USB Port, Gray)",2,Y
VL-169,https://static-01.daraz.com.bd/p/6bbe715cb2621a406816a8acfd22c1cd.jpg,"Universal Vertical Multi Socket 220V Electrical Tower Extension Outlet with USB Ports 3M Cord and UK-Plug Power Strip Multi Charging Station (3 Layers Multi Plug With USB Port, Gray)",3,Y
VL-169,https://static-01.daraz.com.bd/p/c2b5ac9c8c61c6957c5c881556664a3c.jpg,"Universal Vertical Multi Socket 220V Electrical Tower Extension Outlet with USB Ports 3M Cord and UK-Plug Power Strip Multi Charging Station (3 Layers Multi Plug With USB Port, Gray)",4,Y
VL-170,https://static-01.daraz.com.bd/p/8ad9f369880cf3e9a38abbc64f47db5b.jpg,3 Layer Multi Plug Adapter Tower Electric USB Extension Socket Universal Outlet,1,Y
VL-170,https://static-01.daraz.com.bd/p/ba8988a7ca661151ef1785e0e5aec8ee.jpg,3 Layer Multi Plug Adapter Tower Electric USB Extension Socket Universal Outlet,2,Y
VL-170,https://static-01.daraz.com.bd/p/2c2f916582d694c503386387ccc6962e.jpg,3 Layer Multi Plug Adapter Tower Electric USB Extension Socket Universal Outlet,3,Y
VL-170,https://static-01.daraz.com.bd/p/1e20a36946141ec6d56c38788726b9b9.jpg,3 Layer Multi Plug Adapter Tower Electric USB Extension Socket Universal Outlet,4,Y
VL-171,https://static-01.daraz.com.bd/p/988b34675e684c3fd2bf278168d1a022.jpg,"Twin Bell Table Clock.Loud Alarm Clock. for Home, Office, Decor, Showpiece Item Best for Kids & Students - Multicolor",1,Y
VL-171,https://static-01.daraz.com.bd/p/1d0f77f94e2c60b16645c723afdd5ea3.jpg,"Twin Bell Table Clock.Loud Alarm Clock. for Home, Office, Decor, Showpiece Item Best for Kids & Students - Multicolor",2,Y
VL-171,https://static-01.daraz.com.bd/p/d913acb9d53f4861c4c56f25c6ac6af0.jpg,"Twin Bell Table Clock.Loud Alarm Clock. for Home, Office, Decor, Showpiece Item Best for Kids & Students - Multicolor",3,Y
VL-171,https://static-01.daraz.com.bd/p/cc0bdd1ef24a3bebb0cf5cc249f6f7a8.jpg,"Twin Bell Table Clock.Loud Alarm Clock. for Home, Office, Decor, Showpiece Item Best for Kids & Students - Multicolor",4,Y
VL-171,https://static-01.daraz.com.bd/p/e9125701af46d1c35d47b76aa56e6f8f.jpg,"Twin Bell Table Clock.Loud Alarm Clock. for Home, Office, Decor, Showpiece Item Best for Kids & Students - Multicolor",5,Y
VL-171,https://static-01.daraz.com.bd/p/07b2eda94f2f97d166d9d77b9769985a.jpg,"Twin Bell Table Clock.Loud Alarm Clock. for Home, Office, Decor, Showpiece Item Best for Kids & Students - Multicolor",6,Y
VL-171,https://static-01.daraz.com.bd/p/88e7c597dee20d140e1efd5d3f64cb02.jpg,"Twin Bell Table Clock.Loud Alarm Clock. for Home, Office, Decor, Showpiece Item Best for Kids & Students - Multicolor",7,Y
VL-171,https://static-01.daraz.com.bd/p/c58c9400e36c966d9e90b987053db69d.jpg,"Twin Bell Table Clock.Loud Alarm Clock. for Home, Office, Decor, Showpiece Item Best for Kids & Students - Multicolor",8,Y
VL-172,https://static-01.daraz.com.bd/p/1749106a003528d6a68857157a0302d5.jpg,"1.0L Vacuum Flask - Coffee Heat Insulated Thermos for Keeping Hot/Cold Long Hour Heat/Cold Retention, Multi-Walled Vacuum for Coffee, Hot Water, Tea, Beverage",1,Y
VL-172,https://static-01.daraz.com.bd/p/8e515f4ff1a8cfca03d3334b3349c384.jpg,"1.0L Vacuum Flask - Coffee Heat Insulated Thermos for Keeping Hot/Cold Long Hour Heat/Cold Retention, Multi-Walled Vacuum for Coffee, Hot Water, Tea, Beverage",2,Y
VL-172,https://static-01.daraz.com.bd/p/23f1950f4402ceab59733f08c472ab91.jpg,"1.0L Vacuum Flask - Coffee Heat Insulated Thermos for Keeping Hot/Cold Long Hour Heat/Cold Retention, Multi-Walled Vacuum for Coffee, Hot Water, Tea, Beverage",3,Y
VL-173,https://static-01.daraz.com.bd/p/8e3ab6db9fb9032786bd7ac09cf73535.jpg,প্রোডাক্টের বিবরণ : Kiam নন স্টিক 7 পিস কুক ওয়্যার সেট,1,Y
VL-174,https://static-01.daraz.com.bd/p/b22939b2eb36f125c2dfd2028ac59d4c.jpg,Aquatic Glass jug Pitcher with Lid 1.8 LTR,1,Y
VL-174,https://static-01.daraz.com.bd/p/3a2d9798048bdb5d9b14c6323cbfd8a1.jpg,Aquatic Glass jug Pitcher with Lid 1.8 LTR,2,Y
VL-174,https://static-01.daraz.com.bd/p/e2535198283bd8f43907ddb0e36407bf.jpg,Aquatic Glass jug Pitcher with Lid 1.8 LTR,3,Y
VL-175,https://static-01.daraz.com.bd/p/081d8d29d1ff477007ecabdcf311b11c.jpg,Product details of Oven Proof Glass Serving Dish With Lid- Transparent,1,Y
VL-176,https://static-01.daraz.com.bd/p/c7b94c463c1d0a4ef9908026d29e4ea6.jpg,"Cups with Saucers, Demitasse Clear Glass Drinkware, Set of 6 Cups and 6 Saucers for Coffee, Tea and Espresso Lover",1,Y
VL-176,https://static-01.daraz.com.bd/p/48f36ac4ba850b6c57360e029496d0a7.jpg,"Cups with Saucers, Demitasse Clear Glass Drinkware, Set of 6 Cups and 6 Saucers for Coffee, Tea and Espresso Lover",2,Y
VL-176,https://static-01.daraz.com.bd/p/018023ad384f6f93fffe5a9d239037ac.jpg,"Cups with Saucers, Demitasse Clear Glass Drinkware, Set of 6 Cups and 6 Saucers for Coffee, Tea and Espresso Lover",3,Y
VL-177,https://static-01.daraz.com.bd/p/e7e25de8f5c18ca054a2f6f89bf8f57b.jpg,"winging Classical Elegant Wall Clock, Living Room Bedroom Restaurant Creative Silent Quartz Clock, Home Decor Nordic Clock, 37x63cm - Multicolor",1,Y
VL-178,https://static-01.daraz.com.bd/p/56ad9362a3da3119a279e12a7cef466b.jpg,Home Wall Clocks European Style Clock Home Creative Wall Clock Living Room Bedroom Wall Hanging Table Mute Living Room Clock 21 Inch Home Office Decorations Brand: XIANGGUI 1983,1,Y
VL-178,https://static-01.daraz.com.bd/p/3691b231a46bf392b623b6f78f217486.jpg,Home Wall Clocks European Style Clock Home Creative Wall Clock Living Room Bedroom Wall Hanging Table Mute Living Room Clock 21 Inch Home Office Decorations Brand: XIANGGUI 1983,2,Y
VL-178,https://static-01.daraz.com.bd/p/9bbe7304e3deb90e63fa17dd9fb9db36.jpg,Home Wall Clocks European Style Clock Home Creative Wall Clock Living Room Bedroom Wall Hanging Table Mute Living Room Clock 21 Inch Home Office Decorations Brand: XIANGGUI 1983,3,Y
VL-178,https://static-01.daraz.com.bd/p/bbfba577bf6089c8b0578fffc1e11a83.jpg,Home Wall Clocks European Style Clock Home Creative Wall Clock Living Room Bedroom Wall Hanging Table Mute Living Room Clock 21 Inch Home Office Decorations Brand: XIANGGUI 1983,4,Y
VL-178,https://static-01.daraz.com.bd/p/ae7f8dbb4e500a011f1f25db9bef7a69.jpg,Home Wall Clocks European Style Clock Home Creative Wall Clock Living Room Bedroom Wall Hanging Table Mute Living Room Clock 21 Inch Home Office Decorations Brand: XIANGGUI 1983,5,Y
VL-179,https://static-01.daraz.com.bd/p/cfa28cfc718162f9fec06ea2bf4985ae.jpg,Vintage Swing Clock Wall Clocks Home Decor Living Room Hanging Tables 3d Bedroom Silent Quartz Watch Mechanism Reloj Gift,1,Y
VL-179,https://static-01.daraz.com.bd/p/cdc49743d2f2ad62653580c36b38c7a6.jpg,Vintage Swing Clock Wall Clocks Home Decor Living Room Hanging Tables 3d Bedroom Silent Quartz Watch Mechanism Reloj Gift,2,Y
VL-179,https://static-01.daraz.com.bd/p/2aa24480477395feb3c302df86db0ba4.jpg,Vintage Swing Clock Wall Clocks Home Decor Living Room Hanging Tables 3d Bedroom Silent Quartz Watch Mechanism Reloj Gift,3,Y
VL-179,https://static-01.daraz.com.bd/p/1b6828297d6d552d2793f472ee439a9e.jpg,Vintage Swing Clock Wall Clocks Home Decor Living Room Hanging Tables 3d Bedroom Silent Quartz Watch Mechanism Reloj Gift,4,Y
VL-179,https://static-01.daraz.com.bd/p/c27c6d793e873cbedf8eefc0e40eac1b.jpg,Vintage Swing Clock Wall Clocks Home Decor Living Room Hanging Tables 3d Bedroom Silent Quartz Watch Mechanism Reloj Gift,5,Y
VL-180,https://static-01.daraz.com.bd/p/32ab66d04133011623403346e49714fa.png,"1.8 Litre Green Apple Deli Glassware Crystal Clear Glass Water Jug And Juice Jug And Pitcher With Plastic Lid,Water Jug/ glass juice jar",1,Y
VL-180,https://static-01.daraz.com.bd/p/82b1d50cd18760900fbf9ad4cf5be572.png,"1.8 Litre Green Apple Deli Glassware Crystal Clear Glass Water Jug And Juice Jug And Pitcher With Plastic Lid,Water Jug/ glass juice jar",2,Y
VL-180,https://static-01.daraz.com.bd/p/d8ed4120e2805ff7807814b091c5ce58.png,"1.8 Litre Green Apple Deli Glassware Crystal Clear Glass Water Jug And Juice Jug And Pitcher With Plastic Lid,Water Jug/ glass juice jar",3,Y
VL-180,https://static-01.daraz.com.bd/p/bdd7fac400ffcd9c65b5e75296ea9c95.png,"1.8 Litre Green Apple Deli Glassware Crystal Clear Glass Water Jug And Juice Jug And Pitcher With Plastic Lid,Water Jug/ glass juice jar",4,Y
VL-180,https://static-01.daraz.com.bd/p/2b1b08d5c7725251e6663b8cf496d7d9.png,"1.8 Litre Green Apple Deli Glassware Crystal Clear Glass Water Jug And Juice Jug And Pitcher With Plastic Lid,Water Jug/ glass juice jar",5,Y
VL-180,https://static-01.daraz.com.bd/p/a0af711ffe381e789efaa1d5df88c316.png,"1.8 Litre Green Apple Deli Glassware Crystal Clear Glass Water Jug And Juice Jug And Pitcher With Plastic Lid,Water Jug/ glass juice jar",6,Y
VL-181,https://static-01.daraz.com.bd/p/cce099655cbfc05b00913a3c9ab4329d.jpg,"360 Degree Rotation Multi-Functional Wooden Pen Stand, Card Holder - 8017",1,Y
VL-181,https://static-01.daraz.com.bd/p/1862ede63ed191caada1cb6bfc1fb38a.jpg,"360 Degree Rotation Multi-Functional Wooden Pen Stand, Card Holder - 8017",2,Y
VL-181,https://static-01.daraz.com.bd/p/9bc32c1bc55e7cf11c35ec1a89d335ab.jpg,"360 Degree Rotation Multi-Functional Wooden Pen Stand, Card Holder - 8017",3,Y
VL-182,https://static-01.daraz.com.bd/p/1cc772de5973fff566aa977d8f12fac7.jpg,"Wall clock, antique wall clock, silent movement, vintage wall clock, antique frame, 59.5cm-34cm - Multicolor",1,Y
VL-182,https://static-01.daraz.com.bd/p/a21ebe8f2e80e895d46c08c8cbba9b6e.jpg,"Wall clock, antique wall clock, silent movement, vintage wall clock, antique frame, 59.5cm-34cm - Multicolor",2,Y
VL-183,https://static-01.daraz.com.bd/p/44ae97db78f82ad51828c8c3f99ed775.jpg,"Luxury Wall Clock Fancy Ethnic Luxury Handmade Decoration, Swinging Pendulum for Room or Office. Large. 29.5 Inch.",1,Y
VL-183,https://static-01.daraz.com.bd/p/b3e30301ba712c9eb68c38053e8bfba3.jpg,"Luxury Wall Clock Fancy Ethnic Luxury Handmade Decoration, Swinging Pendulum for Room or Office. Large. 29.5 Inch.",2,Y
VL-183,https://static-01.daraz.com.bd/p/1e5e038946ea6b1e7e5209e072ba309c.jpg,"Luxury Wall Clock Fancy Ethnic Luxury Handmade Decoration, Swinging Pendulum for Room or Office. Large. 29.5 Inch.",3,Y
VL-183,https://static-01.daraz.com.bd/p/3755ed6c8ed2ed829ba52a14d2d89980.jpg,"Luxury Wall Clock Fancy Ethnic Luxury Handmade Decoration, Swinging Pendulum for Room or Office. Large. 29.5 Inch.",4,Y
VL-183,https://static-01.daraz.com.bd/p/b47bd9097fd9b2d054f0a1ba1bab9a91.jpg,"Luxury Wall Clock Fancy Ethnic Luxury Handmade Decoration, Swinging Pendulum for Room or Office. Large. 29.5 Inch.",5,Y
VL-184,https://static-01.daraz.com.bd/p/ce86d2e70dedf229bc0e930245270d60.jpg,"Pocket Compass. Pocket Size 1.97in (D) × 0.63in (H), Portable compass to carry when you go out.",1,Y
VL-184,https://static-01.daraz.com.bd/p/08bb03fba546bbb981a185bce651fcb1.jpg,"Pocket Compass. Pocket Size 1.97in (D) × 0.63in (H), Portable compass to carry when you go out.",2,Y
VL-184,https://static-01.daraz.com.bd/p/739d65f4e53b715a542582a4fb772877.jpg,"Pocket Compass. Pocket Size 1.97in (D) × 0.63in (H), Portable compass to carry when you go out.",3,Y
VL-184,https://static-01.daraz.com.bd/p/b966e701546ca67771c7d90adbffc11c.jpg,"Pocket Compass. Pocket Size 1.97in (D) × 0.63in (H), Portable compass to carry when you go out.",4,Y
VL-184,https://static-01.daraz.com.bd/p/2c58e76dac37a89502f9e9fe00f9a1f9.jpg,"Pocket Compass. Pocket Size 1.97in (D) × 0.63in (H), Portable compass to carry when you go out.",5,Y
VL-184,https://static-01.daraz.com.bd/p/efdf8add6805682827149ed537ba19bd.jpg,"Pocket Compass. Pocket Size 1.97in (D) × 0.63in (H), Portable compass to carry when you go out.",6,Y
VL-184,https://static-01.daraz.com.bd/p/52f434e28a0ca9846e90041dc6008ea8.jpg,"Pocket Compass. Pocket Size 1.97in (D) × 0.63in (H), Portable compass to carry when you go out.",7,Y
VL-184,https://static-01.daraz.com.bd/p/756e94239e86877a38e56ba17699e7f2.jpg,"Pocket Compass. Pocket Size 1.97in (D) × 0.63in (H), Portable compass to carry when you go out.",8,Y
VL-185,https://static-01.daraz.com.bd/p/e016b30b49e080a0a6b40ae1ffe49300.jpg,champion trophy alarm clock creative,1,Y
VL-185,https://static-01.daraz.com.bd/p/ee1bec122a028f02045dcf7d648fac36.jpg,champion trophy alarm clock creative,2,Y
VL-185,https://static-01.daraz.com.bd/p/492d63b29d82e6871030f3f8a0ba6092.jpg,champion trophy alarm clock creative,3,Y
VL-185,https://static-01.daraz.com.bd/p/0b2d39f7619b82c0d960348cd9c03ba8.jpg,champion trophy alarm clock creative,4,Y
VL-185,https://static-01.daraz.com.bd/p/a44f7d91c15bfdd32bea59b34455e24f.jpg,champion trophy alarm clock creative,5,Y
VL-185,https://static-01.daraz.com.bd/p/f5638aee4e03d13c6572e4ff580172b4.jpg,champion trophy alarm clock creative,6,Y
VL-186,https://static-01.daraz.com.bd/p/a23a33c3c41fae35288c529094c62a2f.jpg,Shape: round,1,Y
VL-186,https://static-01.daraz.com.bd/p/e61977d37af44410e1110fb5e4e92114.jpg,Shape: round,2,Y
VL-186,https://static-01.daraz.com.bd/p/a82a45adce4cec9631a29c5242b18f68.jpg,Shape: round,3,Y
VL-186,https://static-01.daraz.com.bd/p/2ead340555e8be27dd0633c2db23a3f8.jpg,Shape: round,4,Y
VL-186,https://static-01.daraz.com.bd/p/523ebaa49ab90002acd404670d37e125.jpg,Shape: round,5,Y
VL-187,https://static-01.daraz.com.bd/p/b433a96a53b2fe3d21566cbc75c1367e.jpg,Ship Table Clock Showpiece - Multicolor,1,Y
VL-187,https://static-01.daraz.com.bd/p/265d12fc7af1156bde98bf2dee26443c.jpg,Ship Table Clock Showpiece - Multicolor,2,Y
VL-187,https://static-01.daraz.com.bd/p/0bec48831b10fc72c38bbde83c04b169.jpg,Ship Table Clock Showpiece - Multicolor,3,Y
VL-188,https://static-01.daraz.com.bd/p/cce099655cbfc05b00913a3c9ab4329d.jpg,"Rotating pen holder for desk,Wooden Organizer Pen container - Multicolor",1,Y
VL-188,https://static-01.daraz.com.bd/p/e0cdf10265268aeaf6873674df28a6b0.jpg,"Rotating pen holder for desk,Wooden Organizer Pen container - Multicolor",2,Y
VL-188,https://static-01.daraz.com.bd/p/aa480b2dfad1d011d6660461780f1c4a.jpg,"Rotating pen holder for desk,Wooden Organizer Pen container - Multicolor",3,Y
VL-189,https://static-01.daraz.com.bd/p/7ce67378508177783f6a09331f02a83d.jpg,"Basics Wire Mesh Pen Cup, Black",1,Y
VL-189,https://static-01.daraz.com.bd/p/8730593a690ad108291948e5a8a3bbf9.jpg,"Basics Wire Mesh Pen Cup, Black",2,Y
VL-189,https://static-01.daraz.com.bd/p/7bf7629211d427845ca6966b9cb3769c.jpg,"Basics Wire Mesh Pen Cup, Black",3,Y
VL-189,https://static-01.daraz.com.bd/p/9a2c61a811350609401495b8c727174f.jpg,"Basics Wire Mesh Pen Cup, Black",4,Y
VL-189,https://static-01.daraz.com.bd/p/920c24888137c29939165ae15d02456d.jpg,"Basics Wire Mesh Pen Cup, Black",5,Y
VL-190,https://static-01.daraz.com.bd/p/a49bb53372b13e2ab21214a7ce2427c0.jpg,"Rotating Multi-Function Wooden pen holder for desk,Rotating Organizer,control caddy,home articles,wood pencil container",1,Y
VL-190,https://static-01.daraz.com.bd/p/9f0ced852e4f3df5c1ac733ee54bbb24.png,"Rotating Multi-Function Wooden pen holder for desk,Rotating Organizer,control caddy,home articles,wood pencil container",2,Y
VL-190,https://static-01.daraz.com.bd/p/a8d36498135169f76ed313f8898ea48b.jpg,"Rotating Multi-Function Wooden pen holder for desk,Rotating Organizer,control caddy,home articles,wood pencil container",3,Y
VL-190,https://static-01.daraz.com.bd/p/da01aa53cf2be5a4e406bd10cc0b9b11.jpg,"Rotating Multi-Function Wooden pen holder for desk,Rotating Organizer,control caddy,home articles,wood pencil container",4,Y
VL-191,https://static-01.daraz.com.bd/p/79b09173c924e302703208b8379f9414.jpg,"Wooden pen holder for desk,Rotating Organizer,control caddy,home articles,wood pencil container",1,Y
VL-192,https://static-01.daraz.com.bd/p/6aaabd11908c85404e32b6a9145881cf.jpg,Babies Bloom Baby Mosquito  Sleeping Bags ( Package Content:  Mosquito Sleeping Bags) - Multicolor,1,Y
VL-192,https://static-01.daraz.com.bd/p/c979cd3c4fbe73269353ad9345fc93c2.jpg,Babies Bloom Baby Mosquito  Sleeping Bags ( Package Content:  Mosquito Sleeping Bags) - Multicolor,2,Y
VL-192,https://static-01.daraz.com.bd/p/3b109e52eeb384bcbf9f1fe42b7f90f7.jpg,Babies Bloom Baby Mosquito  Sleeping Bags ( Package Content:  Mosquito Sleeping Bags) - Multicolor,3,Y
VL-192,https://static-01.daraz.com.bd/p/1737444287dd7bfc318553ccfec401ea.jpg,Babies Bloom Baby Mosquito  Sleeping Bags ( Package Content:  Mosquito Sleeping Bags) - Multicolor,4,Y
VL-192,https://static-01.daraz.com.bd/p/4a75c7881476613f79533c5dc1b115d9.jpg,Babies Bloom Baby Mosquito  Sleeping Bags ( Package Content:  Mosquito Sleeping Bags) - Multicolor,5,Y
VL-192,https://static-01.daraz.com.bd/p/a4a459ab3a44170cfe52d141fb7e0dad.jpg,Babies Bloom Baby Mosquito  Sleeping Bags ( Package Content:  Mosquito Sleeping Bags) - Multicolor,6,Y
VL-193,https://static-01.daraz.com.bd/p/fc20e74216fe85dbd5d6a665af84d95a.jpg,Quartz Oreva Decorative Retro Anchor Wall Clocks,1,Y
VL-193,https://static-01.daraz.com.bd/p/4206593f3e78f33238845f471a7ac9e2.jpg,Quartz Oreva Decorative Retro Anchor Wall Clocks,2,Y
VL-193,https://static-01.daraz.com.bd/p/eaee440cc08203cb1b77b2f4231312bf.jpg,Quartz Oreva Decorative Retro Anchor Wall Clocks,3,Y
VL-193,https://static-01.daraz.com.bd/p/44a38ce8f5e3f0a44d5db883ad4e226e.jpg,Quartz Oreva Decorative Retro Anchor Wall Clocks,4,Y
VL-193,https://static-01.daraz.com.bd/p/a2e0dabf24c85f98b9ce0d800c8a5565.jpg,Quartz Oreva Decorative Retro Anchor Wall Clocks,5,Y
VL-194,https://static-01.daraz.com.bd/p/081d8d29d1ff477007ecabdcf311b11c.jpg,"3Pcs Oven Proof Glass Serving Dish With Lid- Transparent 3 Pcs Set With Lid. Oven Use And Serving Dish And Bakeware,Oven Proof Glass Serving Dish. - Multicolor",1,Y
VL-195,https://static-01.daraz.com.bd/p/9d9d4adae31b5638dd883d526ea2cacd.jpg,"Elegant, Traditional, Decorative, Hand Painted Modern Grandfather Wall Clock Fancy Ethnic Luxury Handmade Decoration, Swinging Pendulum for  Room or Office. Large. 28.5 Inch.",1,Y
VL-195,https://static-01.daraz.com.bd/p/90a876efc9df4840f20d4f06580456e6.jpg,"Elegant, Traditional, Decorative, Hand Painted Modern Grandfather Wall Clock Fancy Ethnic Luxury Handmade Decoration, Swinging Pendulum for  Room or Office. Large. 28.5 Inch.",2,Y
VL-195,https://static-01.daraz.com.bd/p/3755ed6c8ed2ed829ba52a14d2d89980.jpg,"Elegant, Traditional, Decorative, Hand Painted Modern Grandfather Wall Clock Fancy Ethnic Luxury Handmade Decoration, Swinging Pendulum for  Room or Office. Large. 28.5 Inch.",3,Y
VL-195,https://static-01.daraz.com.bd/p/c0bff47f52ea76186271bd8b53e1a13c.jpg,"Elegant, Traditional, Decorative, Hand Painted Modern Grandfather Wall Clock Fancy Ethnic Luxury Handmade Decoration, Swinging Pendulum for  Room or Office. Large. 28.5 Inch.",4,Y
VL-196,https://static-01.daraz.com.bd/p/31067850176d973f660a16fd0f49ce8d.jpg,Oven Proof Glass Serving Dish with Glass Lid - Transparent - Multicolor,1,Y
VL-197,https://static-01.daraz.com.bd/p/05f5ee38ac99b717408373a5cb8a5a9b.jpg,Wet Hand Apparatus cute finger wetted tool for office financial analyst file arrange supply round ball desk paper mate,1,Y
VL-197,https://static-01.daraz.com.bd/p/85e6c2bde1345dd5050a0e931ff1004d.jpg,Wet Hand Apparatus cute finger wetted tool for office financial analyst file arrange supply round ball desk paper mate,2,Y
VL-197,https://static-01.daraz.com.bd/p/583ca4dbca9b56ded6cf08c8378a4d9f.jpg,Wet Hand Apparatus cute finger wetted tool for office financial analyst file arrange supply round ball desk paper mate,3,Y
VL-198,https://static-01.daraz.com.bd/p/49f30f19a771f5b5a25d55c70c584bdd.png,5-Pieces Die cast METAL CAR set for kids Vehicle Gift Packs,1,Y
VL-198,https://static-01.daraz.com.bd/p/55ccabc3b502c4781aa7230651a3bd3c.png,5-Pieces Die cast METAL CAR set for kids Vehicle Gift Packs,2,Y
VL-198,https://static-01.daraz.com.bd/p/47b26733c30a4ef43d97c1700d03709d.jpg,5-Pieces Die cast METAL CAR set for kids Vehicle Gift Packs,3,Y
VL-198,https://static-01.daraz.com.bd/p/e20cdd4374fb7f4f0a56d26a62907dad.jpg,5-Pieces Die cast METAL CAR set for kids Vehicle Gift Packs,4,Y
VL-198,https://static-01.daraz.com.bd/p/beafec5c4d9d9718122b1bb14dd999c6.jpg,5-Pieces Die cast METAL CAR set for kids Vehicle Gift Packs,5,Y
VL-198,https://static-01.daraz.com.bd/p/f574711848de7dab571999ee1ab057df.jpg,5-Pieces Die cast METAL CAR set for kids Vehicle Gift Packs,6,Y
VL-199,https://static-01.daraz.com.bd/p/55ccabc3b502c4781aa7230651a3bd3c.png,5pcs  Die Cast Metal Construction Vehicles Models Mini Yellow Truck Tractor Cars Toy Set for Kids Toddlers Boys (Styles May Vary),1,Y
VL-199,https://static-01.daraz.com.bd/p/49f30f19a771f5b5a25d55c70c584bdd.png,5pcs  Die Cast Metal Construction Vehicles Models Mini Yellow Truck Tractor Cars Toy Set for Kids Toddlers Boys (Styles May Vary),2,Y
VL-199,https://static-01.daraz.com.bd/p/47b26733c30a4ef43d97c1700d03709d.jpg,5pcs  Die Cast Metal Construction Vehicles Models Mini Yellow Truck Tractor Cars Toy Set for Kids Toddlers Boys (Styles May Vary),3,Y
VL-199,https://static-01.daraz.com.bd/p/e20cdd4374fb7f4f0a56d26a62907dad.jpg,5pcs  Die Cast Metal Construction Vehicles Models Mini Yellow Truck Tractor Cars Toy Set for Kids Toddlers Boys (Styles May Vary),4,Y
VL-199,https://static-01.daraz.com.bd/p/f574711848de7dab571999ee1ab057df.jpg,5pcs  Die Cast Metal Construction Vehicles Models Mini Yellow Truck Tractor Cars Toy Set for Kids Toddlers Boys (Styles May Vary),5,Y
VL-199,https://static-01.daraz.com.bd/p/beafec5c4d9d9718122b1bb14dd999c6.jpg,5pcs  Die Cast Metal Construction Vehicles Models Mini Yellow Truck Tractor Cars Toy Set for Kids Toddlers Boys (Styles May Vary),6,Y
VL-200,https://static-01.daraz.com.bd/p/47b26733c30a4ef43d97c1700d03709d.jpg,Die cast METAL CAR set for kids Vehicle Gift Pack 5-Pieces - Car Toy,1,Y
VL-200,https://static-01.daraz.com.bd/p/49f30f19a771f5b5a25d55c70c584bdd.png,Die cast METAL CAR set for kids Vehicle Gift Pack 5-Pieces - Car Toy,2,Y
VL-200,https://static-01.daraz.com.bd/p/55ccabc3b502c4781aa7230651a3bd3c.png,Die cast METAL CAR set for kids Vehicle Gift Pack 5-Pieces - Car Toy,3,Y
VL-200,https://static-01.daraz.com.bd/p/e20cdd4374fb7f4f0a56d26a62907dad.jpg,Die cast METAL CAR set for kids Vehicle Gift Pack 5-Pieces - Car Toy,4,Y
VL-200,https://static-01.daraz.com.bd/p/f574711848de7dab571999ee1ab057df.jpg,Die cast METAL CAR set for kids Vehicle Gift Pack 5-Pieces - Car Toy,5,Y
VL-200,https://static-01.daraz.com.bd/p/beafec5c4d9d9718122b1bb14dd999c6.jpg,Die cast METAL CAR set for kids Vehicle Gift Pack 5-Pieces - Car Toy,6,Y
VL-201,https://static-01.daraz.com.bd/p/62124a19b827b4139e6e06a49343b54b.jpg,Construction Little Machines 5 Pack - Great Cake Toppers - Car Toy,1,Y
VL-201,https://static-01.daraz.com.bd/p/1c526387430d7cec26dff8e5f19f351c.jpg,Construction Little Machines 5 Pack - Great Cake Toppers - Car Toy,2,Y
VL-201,https://static-01.daraz.com.bd/p/7809768c10fa40220e589b229ce12588.jpg,Construction Little Machines 5 Pack - Great Cake Toppers - Car Toy,3,Y
VL-201,https://static-01.daraz.com.bd/p/63b86b02ebd02e8dfd8e8df7fbd01a7d.jpg,Construction Little Machines 5 Pack - Great Cake Toppers - Car Toy,4,Y
VL-201,https://static-01.daraz.com.bd/p/984710678ebc1b84f16bfecc2f37acba.jpg,Construction Little Machines 5 Pack - Great Cake Toppers - Car Toy,5,Y
VL-201,https://static-01.daraz.com.bd/p/15b784cf419eb66f7f4d991019f80c9d.jpg,Construction Little Machines 5 Pack - Great Cake Toppers - Car Toy,6,Y
VL-201,https://static-01.daraz.com.bd/p/a8c5b6185ff842216473c18d13d56f58.jpg,Construction Little Machines 5 Pack - Great Cake Toppers - Car Toy,7,Y
VL-202,https://static-01.daraz.com.bd/p/b7a8ce1dfae9b865bddcfab84d7b03c5.jpg,5pcs Assorted Construction Toys Die Cast Metal Construction Vehicles Models Mini Yellow Truck Tractor Cars Toy Set for Kids Toddlers Boys (Styles May Vary) - Car Toy,1,Y
VL-202,https://static-01.daraz.com.bd/p/632fa7b92ef28630193f6b5145823835.jpg,5pcs Assorted Construction Toys Die Cast Metal Construction Vehicles Models Mini Yellow Truck Tractor Cars Toy Set for Kids Toddlers Boys (Styles May Vary) - Car Toy,2,Y
VL-202,https://static-01.daraz.com.bd/p/eea63553a3fde75babd6a536b1619226.jpg,5pcs Assorted Construction Toys Die Cast Metal Construction Vehicles Models Mini Yellow Truck Tractor Cars Toy Set for Kids Toddlers Boys (Styles May Vary) - Car Toy,3,Y
VL-202,https://static-01.daraz.com.bd/p/00273b63e958d1b71825e0cbfa98a0e6.jpg,5pcs Assorted Construction Toys Die Cast Metal Construction Vehicles Models Mini Yellow Truck Tractor Cars Toy Set for Kids Toddlers Boys (Styles May Vary) - Car Toy,4,Y
VL-202,https://static-01.daraz.com.bd/p/e2bbdf6412bd9d516cc3ee0fc3945d96.jpg,5pcs Assorted Construction Toys Die Cast Metal Construction Vehicles Models Mini Yellow Truck Tractor Cars Toy Set for Kids Toddlers Boys (Styles May Vary) - Car Toy,5,Y
VL-202,https://static-01.daraz.com.bd/p/980a50a3aa8859adef649b0eceecfce6.jpg,5pcs Assorted Construction Toys Die Cast Metal Construction Vehicles Models Mini Yellow Truck Tractor Cars Toy Set for Kids Toddlers Boys (Styles May Vary) - Car Toy,6,Y
VL-203,https://static-01.daraz.com.bd/p/034d619377297fd4c6e6d98d1cd03a73.jpg,20cm Blue Ocean World Globe Map With Swivel Stand Geography Educational Toy Gift - Multicolor,1,Y
VL-203,https://static-01.daraz.com.bd/p/0d5f6b4cada5ed5c115b9551a24acb23.jpg,20cm Blue Ocean World Globe Map With Swivel Stand Geography Educational Toy Gift - Multicolor,2,Y
VL-203,https://static-01.daraz.com.bd/p/f0f93489932b5d0d113eec30f0e3fcb6.jpg,20cm Blue Ocean World Globe Map With Swivel Stand Geography Educational Toy Gift - Multicolor,3,Y
VL-203,https://static-01.daraz.com.bd/p/4d3e0a43e1b9a4ac644ad72cd07ad559.jpg,20cm Blue Ocean World Globe Map With Swivel Stand Geography Educational Toy Gift - Multicolor,4,Y
VL-203,https://static-01.daraz.com.bd/p/70b01cf1d741d88db57a4c8acff61eea.jpg,20cm Blue Ocean World Globe Map With Swivel Stand Geography Educational Toy Gift - Multicolor,5,Y
VL-203,https://static-01.daraz.com.bd/p/76d948ba44e55bba9b78cd719764cccc.jpg,20cm Blue Ocean World Globe Map With Swivel Stand Geography Educational Toy Gift - Multicolor,6,Y
VL-204,https://static-01.daraz.com.bd/p/580dd9c18ffdb50d64440077b6cf5ea1.jpg,20cm Blue Ocean World Globe Map With Swivel Stand Geography Educational Toy Gift - Multicolor,1,Y
VL-204,https://static-01.daraz.com.bd/p/034d619377297fd4c6e6d98d1cd03a73.jpg,20cm Blue Ocean World Globe Map With Swivel Stand Geography Educational Toy Gift - Multicolor,2,Y
VL-204,https://static-01.daraz.com.bd/p/0d5f6b4cada5ed5c115b9551a24acb23.jpg,20cm Blue Ocean World Globe Map With Swivel Stand Geography Educational Toy Gift - Multicolor,3,Y
VL-204,https://static-01.daraz.com.bd/p/f0f93489932b5d0d113eec30f0e3fcb6.jpg,20cm Blue Ocean World Globe Map With Swivel Stand Geography Educational Toy Gift - Multicolor,4,Y
VL-204,https://static-01.daraz.com.bd/p/70b01cf1d741d88db57a4c8acff61eea.jpg,20cm Blue Ocean World Globe Map With Swivel Stand Geography Educational Toy Gift - Multicolor,5,Y
VL-204,https://static-01.daraz.com.bd/p/fbdd9e06e97e2fcb0398922ce7da31a9.jpg,20cm Blue Ocean World Globe Map With Swivel Stand Geography Educational Toy Gift - Multicolor,6,Y
VL-204,https://static-01.daraz.com.bd/p/76d948ba44e55bba9b78cd719764cccc.jpg,20cm Blue Ocean World Globe Map With Swivel Stand Geography Educational Toy Gift - Multicolor,7,Y
VL-204,https://static-01.daraz.com.bd/p/d3e1a6e2e9ddaebf96250deca4657b43.jpg,20cm Blue Ocean World Globe Map With Swivel Stand Geography Educational Toy Gift - Multicolor,8,Y
VL-205,https://static-01.daraz.com.bd/p/ff1fe68777f1fccc74e781ee91526132.jpg,30cm World Globe Educational Political Map Swivel Rotating Desk Top Globe - Geography Learning Home School Office Decoration - Diameter 32cm,1,Y
VL-205,https://static-01.daraz.com.bd/p/92141076e6fa79d4a4c45fdc2e9af0e3.jpg,30cm World Globe Educational Political Map Swivel Rotating Desk Top Globe - Geography Learning Home School Office Decoration - Diameter 32cm,2,Y
VL-205,https://static-01.daraz.com.bd/p/6b6f8ca4ef58b71bdd85a5d03da725b3.jpg,30cm World Globe Educational Political Map Swivel Rotating Desk Top Globe - Geography Learning Home School Office Decoration - Diameter 32cm,3,Y
VL-206,https://static-01.daraz.com.bd/p/66ff3698df082745fe0e68797f33cd6c.jpg,21.4cm Rotating World Earth Globe Atlas Map Geography Education Toy Desktop Decor,1,Y
VL-207,https://static-01.daraz.com.bd/p/b6c95eef2feebfad5b5b7449a3e8b13e.jpg,14cm Globe World Earth Atlas Map Stand Geography School Kids Early Learning bangbanghouse Toys Games education bumi,1,Y
VL-207,https://static-01.daraz.com.bd/p/e68ec29815b7a5926c81d5cb6ad6ec2d.jpg,14cm Globe World Earth Atlas Map Stand Geography School Kids Early Learning bangbanghouse Toys Games education bumi,2,Y
VL-207,https://static-01.daraz.com.bd/p/8e65c6e510ed6ce98a4814f3d79198f3.jpg,14cm Globe World Earth Atlas Map Stand Geography School Kids Early Learning bangbanghouse Toys Games education bumi,3,Y
VL-207,https://static-01.daraz.com.bd/p/f256715d8abe2e42180efc081068d57c.jpg,14cm Globe World Earth Atlas Map Stand Geography School Kids Early Learning bangbanghouse Toys Games education bumi,4,Y
VL-207,https://static-01.daraz.com.bd/p/826bb59c6dd004a2028ce9f2302feb95.jpg,14cm Globe World Earth Atlas Map Stand Geography School Kids Early Learning bangbanghouse Toys Games education bumi,5,Y
VL-208,https://static-01.daraz.com.bd/p/5e96017ee9c4d224d4d08224022dd06c.jpg,360° Rotating 14cm Earth Globe World Map With Stand Geography Education Toy Home Decoration Office Ornament Kids Gift,1,Y
VL-208,https://static-01.daraz.com.bd/p/c822b74082b24ac72085fe4175776f99.jpg,360° Rotating 14cm Earth Globe World Map With Stand Geography Education Toy Home Decoration Office Ornament Kids Gift,2,Y
VL-208,https://static-01.daraz.com.bd/p/517a8dffe4f8d0f932dbf40b5b88cfd0.jpg,360° Rotating 14cm Earth Globe World Map With Stand Geography Education Toy Home Decoration Office Ornament Kids Gift,3,Y
VL-208,https://static-01.daraz.com.bd/p/b6350090927db966e8b646e4e742cdf9.jpg,360° Rotating 14cm Earth Globe World Map With Stand Geography Education Toy Home Decoration Office Ornament Kids Gift,4,Y
VL-209,https://static-01.daraz.com.bd/p/d5497c31a6b53cb9a2eaa588ade9ae29.jpg,360° Rotating 14CM Earth Globe World Map With Stand Geography Education Toy Home Decoration Office Ornament Kids Gift,1,Y
VL-209,https://static-01.daraz.com.bd/p/b6350090927db966e8b646e4e742cdf9.jpg,360° Rotating 14CM Earth Globe World Map With Stand Geography Education Toy Home Decoration Office Ornament Kids Gift,2,Y
VL-209,https://static-01.daraz.com.bd/p/b494f0eefc81cb548405c6ff90560472.jpg,360° Rotating 14CM Earth Globe World Map With Stand Geography Education Toy Home Decoration Office Ornament Kids Gift,3,Y
VL-209,https://static-01.daraz.com.bd/p/517a8dffe4f8d0f932dbf40b5b88cfd0.jpg,360° Rotating 14CM Earth Globe World Map With Stand Geography Education Toy Home Decoration Office Ornament Kids Gift,4,Y
VL-210,https://static-01.daraz.com.bd/p/152b3b62a23bfd4b84b730de5045770f.jpg,25cm World Globe Educational Political Map Swivel Rotating Desk Top Globe - Geography Learning Home School Office Decoration - Diameter 25cm,1,Y
VL-210,https://static-01.daraz.com.bd/p/d5b49ac9f89e9c81900e64fa71b7c9bc.jpg,25cm World Globe Educational Political Map Swivel Rotating Desk Top Globe - Geography Learning Home School Office Decoration - Diameter 25cm,2,Y
VL-210,https://static-01.daraz.com.bd/p/11d93dd4051cb4e917816ee838955086.jpg,25cm World Globe Educational Political Map Swivel Rotating Desk Top Globe - Geography Learning Home School Office Decoration - Diameter 25cm,3,Y
VL-210,https://static-01.daraz.com.bd/p/3a219f0736c645bf644ba4ddd6ee77f6.jpg,25cm World Globe Educational Political Map Swivel Rotating Desk Top Globe - Geography Learning Home School Office Decoration - Diameter 25cm,4,Y
VL-210,https://static-01.daraz.com.bd/p/f3f1cedb8f78b9d89a1a5cee8fd3699c.jpg,25cm World Globe Educational Political Map Swivel Rotating Desk Top Globe - Geography Learning Home School Office Decoration - Diameter 25cm,5,Y
VL-210,https://static-01.daraz.com.bd/p/09c0bdd396ea97227dd2fc23f18f9fb3.jpg,25cm World Globe Educational Political Map Swivel Rotating Desk Top Globe - Geography Learning Home School Office Decoration - Diameter 25cm,6,Y
VL-211,https://static-01.daraz.com.bd/p/d1c0bdda6d77e48fad53a68cb9306bac.jpg,20cm Political District Plastic Ruler Globe globe map of the world Geography Educational Toy Gift,1,Y
VL-211,https://static-01.daraz.com.bd/p/ee7698a7d9021de933c37b929247af2f.jpg,20cm Political District Plastic Ruler Globe globe map of the world Geography Educational Toy Gift,2,Y
VL-211,https://static-01.daraz.com.bd/p/46c81e32042a0fe07667bda577b83680.jpg,20cm Political District Plastic Ruler Globe globe map of the world Geography Educational Toy Gift,3,Y
VL-211,https://static-01.daraz.com.bd/p/0a932b29e88fcca659edc92a21301c15.jpg,20cm Political District Plastic Ruler Globe globe map of the world Geography Educational Toy Gift,4,Y
VL-211,https://static-01.daraz.com.bd/p/fcb3a0c7447271148606dd1bcf1c0b47.jpg,20cm Political District Plastic Ruler Globe globe map of the world Geography Educational Toy Gift,5,Y
VL-211,https://static-01.daraz.com.bd/p/4673ea798cb769522029b72777e83c70.jpg,20cm Political District Plastic Ruler Globe globe map of the world Geography Educational Toy Gift,6,Y
VL-212,https://static-01.daraz.com.bd/p/fa07096d8f8dd16e401a73531bfb6361.jpg,360° Rotating 20cm Earth Globe World Map With Stand Geography Education Toy Home Decoration Office Ornament Kids Gift - Multicolor,1,Y
VL-212,https://static-01.daraz.com.bd/p/a9cd4d5ac22368d248970f662bb4e7ad.jpg,360° Rotating 20cm Earth Globe World Map With Stand Geography Education Toy Home Decoration Office Ornament Kids Gift - Multicolor,2,Y
VL-212,https://static-01.daraz.com.bd/p/ec8ff83a55251cd48b52c5284f433e28.jpg,360° Rotating 20cm Earth Globe World Map With Stand Geography Education Toy Home Decoration Office Ornament Kids Gift - Multicolor,3,Y
VL-212,https://static-01.daraz.com.bd/p/5e96017ee9c4d224d4d08224022dd06c.jpg,360° Rotating 20cm Earth Globe World Map With Stand Geography Education Toy Home Decoration Office Ornament Kids Gift - Multicolor,4,Y
VL-212,https://static-01.daraz.com.bd/p/c822b74082b24ac72085fe4175776f99.jpg,360° Rotating 20cm Earth Globe World Map With Stand Geography Education Toy Home Decoration Office Ornament Kids Gift - Multicolor,5,Y
VL-212,https://static-01.daraz.com.bd/p/0565c7d97a79c67c0822a68a375455ac.jpg,360° Rotating 20cm Earth Globe World Map With Stand Geography Education Toy Home Decoration Office Ornament Kids Gift - Multicolor,6,Y
VL-212,https://static-01.daraz.com.bd/p/664fc348121e3f75b1c779a0362ac36c.jpg,360° Rotating 20cm Earth Globe World Map With Stand Geography Education Toy Home Decoration Office Ornament Kids Gift - Multicolor,7,Y
VL-213,https://static-01.daraz.com.bd/p/f85dddb1fda49af3750a425fa394e5b0.jpg,360° Rotating 20cm Earth Globe World Map With Stand Geography Education Toy Home Decoration Office Ornament Kids Gift - Multicolor,1,Y
VL-213,https://static-01.daraz.com.bd/p/ec8ff83a55251cd48b52c5284f433e28.jpg,360° Rotating 20cm Earth Globe World Map With Stand Geography Education Toy Home Decoration Office Ornament Kids Gift - Multicolor,2,Y
VL-213,https://static-01.daraz.com.bd/p/a9cd4d5ac22368d248970f662bb4e7ad.jpg,360° Rotating 20cm Earth Globe World Map With Stand Geography Education Toy Home Decoration Office Ornament Kids Gift - Multicolor,3,Y
VL-213,https://static-01.daraz.com.bd/p/fa07096d8f8dd16e401a73531bfb6361.jpg,360° Rotating 20cm Earth Globe World Map With Stand Geography Education Toy Home Decoration Office Ornament Kids Gift - Multicolor,4,Y
VL-213,https://static-01.daraz.com.bd/p/c37e23b84bcb1144e8fb802c593ed573.jpg,360° Rotating 20cm Earth Globe World Map With Stand Geography Education Toy Home Decoration Office Ornament Kids Gift - Multicolor,5,Y
VL-213,https://static-01.daraz.com.bd/p/c822b74082b24ac72085fe4175776f99.jpg,360° Rotating 20cm Earth Globe World Map With Stand Geography Education Toy Home Decoration Office Ornament Kids Gift - Multicolor,6,Y
VL-214,https://static-01.daraz.com.bd/p/61603ce45955857da50742698f336a9a.png,KIAM Karai 26 cm Non Stick Germany Quality Cookware,1,Y
VL-215,https://static-01.daraz.com.bd/p/fd5c4058f1380ccc157b28baa4019d99.jpg,Kiam Non-Stick 7 Pieces Cookware Set.,1,Y
VL-215,https://static-01.daraz.com.bd/p/e96a8adaaa114212e7744369abfd3fe7.jpg,Kiam Non-Stick 7 Pieces Cookware Set.,2,Y
VL-215,https://static-01.daraz.com.bd/p/e8c10b6daaa5eeba009909df34a346f6.jpg,Kiam Non-Stick 7 Pieces Cookware Set.,3,Y
VL-216,https://static-01.daraz.com.bd/p/50c6a3acf491a54b834a45c1578ce8dd.jpg,1/18 RC Car 2 in 1 Transformation Robots Model remote control Car Racing Car Toys Fighting Toys Gift,1,Y
VL-216,https://static-01.daraz.com.bd/p/d849b07b64d31d94c45139e4475b4c88.jpg,1/18 RC Car 2 in 1 Transformation Robots Model remote control Car Racing Car Toys Fighting Toys Gift,2,Y
VL-216,https://static-01.daraz.com.bd/p/f8b2e568e1f3eb9398fdf9b431d06696.jpg,1/18 RC Car 2 in 1 Transformation Robots Model remote control Car Racing Car Toys Fighting Toys Gift,3,Y
VL-216,https://static-01.daraz.com.bd/p/0b1cc334d15e8c6e7a9c1fcaa05d042d.jpg,1/18 RC Car 2 in 1 Transformation Robots Model remote control Car Racing Car Toys Fighting Toys Gift,4,Y
VL-217,https://static-01.daraz.com.bd/p/20a708eae33c6665d8c38c6f2dc43ae1.jpg,Hurricane Lantern Lamp Vintage Style Kerosene Lamp Classic Retro Oil Lamp Kerosene Citronella  Lamp Classic - Multicolor,1,Y
VL-218,https://static-01.daraz.com.bd/p/8317540982f90e096d7918d07509ce57.jpg,Modern Transparent Bedroom K9 Crystal Table Lamp Lights Desk Bedside Lamperus De Mesa 110-240v Height 40cm Wide 21cm Warm light - Option 1,1,Y
VL-218,https://static-01.daraz.com.bd/p/4201749f064dd55860a8f59995b69b3b.jpg,Modern Transparent Bedroom K9 Crystal Table Lamp Lights Desk Bedside Lamperus De Mesa 110-240v Height 40cm Wide 21cm Warm light - Option 1,2,Y
VL-218,https://static-01.daraz.com.bd/p/2c403e3e0dd93df1c92d00f1378245df.jpg,Modern Transparent Bedroom K9 Crystal Table Lamp Lights Desk Bedside Lamperus De Mesa 110-240v Height 40cm Wide 21cm Warm light - Option 1,3,Y
VL-218,https://static-01.daraz.com.bd/p/c35f862b177e779236c008097a1ba196.jpg,Modern Transparent Bedroom K9 Crystal Table Lamp Lights Desk Bedside Lamperus De Mesa 110-240v Height 40cm Wide 21cm Warm light - Option 1,4,Y
VL-219,https://static-01.daraz.com.bd/p/e04a9fafcd47dd7e16627c6f662edc97.jpg,Modern Transparent Bedroom K9 Crystal Table Lamp Lights Desk Bedside Lamperus De Mesa 110-240v Height 40cm Wide 21cm Warm light - M2,1,Y
VL-220,https://static-01.daraz.com.bd/p/249afabec9005fb5d693e111310e913b.jpg,Modern Transparent Bedroom K9 Crystal Table Lamp Lights Desk Bedside Lamperus De Mesa 110-240v Height 40cm Wide 21cm Warm light - Multicolor,1,Y
VL-221,https://static-01.daraz.com.bd/p/7c180ed891ca0656bfc20011fe2db2e9.jpg,Modern Style Crystal Table Lamp - Decorative Lamp for Living Room Bedroom - Add Elegance to Your Space - Elegant Sparkling Glamorous,1,Y
VL-221,https://static-01.daraz.com.bd/p/f8bb37adbfe16c97ae876bbc3a712a76.jpg,Modern Style Crystal Table Lamp - Decorative Lamp for Living Room Bedroom - Add Elegance to Your Space - Elegant Sparkling Glamorous,2,Y
VL-221,https://static-01.daraz.com.bd/p/fec653c091b23f6f9af70bd34f214449.jpg,Modern Style Crystal Table Lamp - Decorative Lamp for Living Room Bedroom - Add Elegance to Your Space - Elegant Sparkling Glamorous,3,Y
VL-222,https://static-01.daraz.com.bd/p/b05352a8823450aeefef4a2b1e757e23.jpg,"Traditional, Decorative, Hand Painted ModernWall Clock Fancy Ethnic Luxury Handmade Decoration",1,Y
VL-222,https://static-01.daraz.com.bd/p/6424f4c6e198bb32e6a193806cc52b94.jpg,"Traditional, Decorative, Hand Painted ModernWall Clock Fancy Ethnic Luxury Handmade Decoration",2,Y
VL-222,https://static-01.daraz.com.bd/p/46bcf590e1c3ffbf6f8ed11c5d049dfb.jpg,"Traditional, Decorative, Hand Painted ModernWall Clock Fancy Ethnic Luxury Handmade Decoration",3,Y
VL-222,https://static-01.daraz.com.bd/p/84d9cadfa49d409fe378387a585fe308.jpg,"Traditional, Decorative, Hand Painted ModernWall Clock Fancy Ethnic Luxury Handmade Decoration",4,Y
VL-223,https://static-01.daraz.com.bd/p/1d0a8e561cf523778f4da65ac4276709.jpg,Modern Style Crystal Table Lamp Decorative Table Lamp for Living Room Bedroom Lamp - Multicolor,1,Y
VL-223,https://static-01.daraz.com.bd/p/c853ddb702de6025976d21039b6960ba.jpg,Modern Style Crystal Table Lamp Decorative Table Lamp for Living Room Bedroom Lamp - Multicolor,2,Y
VL-224,https://static-01.daraz.com.bd/p/e04a9fafcd47dd7e16627c6f662edc97.jpg,Crystal Table Lamp Modern Style Decorative Table Lamp for Living Room Bedroom Lamp - Lamp,1,Y
VL-225,https://static-01.daraz.com.bd/p/fd13b2cfc7e8d1bf2002a0b3c8c556c8.jpg,Europe Metal Makeup Brush Storage Holder Test Tube Eyebrow Pencil Organizer Bead Crystal Jar Jewelry Diamond Cosmetic Box lw037 - Multicolor,1,Y
VL-225,https://static-01.daraz.com.bd/p/001f68ec43184b9f5c124ae9acc3d279.jpg,Europe Metal Makeup Brush Storage Holder Test Tube Eyebrow Pencil Organizer Bead Crystal Jar Jewelry Diamond Cosmetic Box lw037 - Multicolor,2,Y
VL-225,https://static-01.daraz.com.bd/p/d154724739dd6f913f5a2e494216d4f1.jpg,Europe Metal Makeup Brush Storage Holder Test Tube Eyebrow Pencil Organizer Bead Crystal Jar Jewelry Diamond Cosmetic Box lw037 - Multicolor,3,Y
VL-226,https://static-01.daraz.com.bd/p/5d050ac53d7473f31640e1a56bd59d33.jpg,Luxury Crystal Metal Makeup Brush Holder Storage Tube | Glittering Diamond Cosmetic Brushes Organizer Box for Elegant Makeup Tools Arrangement,1,Y
VL-226,https://static-01.daraz.com.bd/p/a405c94b7c0f9132f403ff1a26587059.jpg,Luxury Crystal Metal Makeup Brush Holder Storage Tube | Glittering Diamond Cosmetic Brushes Organizer Box for Elegant Makeup Tools Arrangement,2,Y
VL-227,https://static-01.daraz.com.bd/p/38451a5b4f83360bedc2161166127e10.jpg,Makeup Brush Storage Container Round Pen Holder Sundries Desktop Storage Box (Silver) for Women and Girls',1,Y
VL-227,https://static-01.daraz.com.bd/p/b1dfd558bb2c037143fba5a7718f2f6c.jpg,Makeup Brush Storage Container Round Pen Holder Sundries Desktop Storage Box (Silver) for Women and Girls',2,Y
VL-227,https://static-01.daraz.com.bd/p/9fe0398cd284ba1fd568f478c7735b08.jpg,Makeup Brush Storage Container Round Pen Holder Sundries Desktop Storage Box (Silver) for Women and Girls',3,Y
VL-227,https://static-01.daraz.com.bd/p/71a9e61e2dbbeadb9a924202a066f95d.jpg,Makeup Brush Storage Container Round Pen Holder Sundries Desktop Storage Box (Silver) for Women and Girls',4,Y
VL-227,https://static-01.daraz.com.bd/p/c1aa3dd3bd15fc33e0b7b42e9d2dbdc8.jpg,Makeup Brush Storage Container Round Pen Holder Sundries Desktop Storage Box (Silver) for Women and Girls',5,Y
VL-228,https://static-01.daraz.com.bd/p/fcc3634f90a82f2fb9ee67e3735ee283.jpg,Feyarl Crystal Makeup Brush Holder Cosmetics Tools Organizer Container Pen Pencil Holder Storage Candle Holder,1,Y
VL-228,https://static-01.daraz.com.bd/p/5e194c98cbca88eb6d9b2a0da4204871.jpg,Feyarl Crystal Makeup Brush Holder Cosmetics Tools Organizer Container Pen Pencil Holder Storage Candle Holder,2,Y
VL-228,https://static-01.daraz.com.bd/p/b7c9420fdea822d5a264fb8830176a7f.jpg,Feyarl Crystal Makeup Brush Holder Cosmetics Tools Organizer Container Pen Pencil Holder Storage Candle Holder,3,Y
VL-228,https://static-01.daraz.com.bd/p/7dc5900b35f6ecbcbfe3179523565310.jpg,Feyarl Crystal Makeup Brush Holder Cosmetics Tools Organizer Container Pen Pencil Holder Storage Candle Holder,4,Y
VL-228,https://static-01.daraz.com.bd/p/64d4216f1a02e131085af9175040904d.jpg,Feyarl Crystal Makeup Brush Holder Cosmetics Tools Organizer Container Pen Pencil Holder Storage Candle Holder,5,Y
VL-228,https://static-01.daraz.com.bd/p/1a8f83b6d25c4052fc7e96a4f3490e3d.jpg,Feyarl Crystal Makeup Brush Holder Cosmetics Tools Organizer Container Pen Pencil Holder Storage Candle Holder,6,Y
VL-228,https://static-01.daraz.com.bd/p/eacbdec7fd30e46c450f82186aff2cd0.jpg,Feyarl Crystal Makeup Brush Holder Cosmetics Tools Organizer Container Pen Pencil Holder Storage Candle Holder,7,Y
VL-228,https://static-01.daraz.com.bd/p/dba4411dcabfe217ab1d159932735e26.jpg,Feyarl Crystal Makeup Brush Holder Cosmetics Tools Organizer Container Pen Pencil Holder Storage Candle Holder,8,Y
VL-229,https://static-01.daraz.com.bd/p/c623a0c975beb82109d60b1383f252c2.jpg,Luxurious Crystal Metal Makeup Cosmetic Organizer Brush Bucket Jewelry Storage Box Tube Eyebrow Pencil Holder Container,1,Y
VL-229,https://static-01.daraz.com.bd/p/c1aa3dd3bd15fc33e0b7b42e9d2dbdc8.jpg,Luxurious Crystal Metal Makeup Cosmetic Organizer Brush Bucket Jewelry Storage Box Tube Eyebrow Pencil Holder Container,2,Y
VL-229,https://static-01.daraz.com.bd/p/c69d75d9350fbefc22b28e26e6921f3b.jpg,Luxurious Crystal Metal Makeup Cosmetic Organizer Brush Bucket Jewelry Storage Box Tube Eyebrow Pencil Holder Container,3,Y
VL-229,https://static-01.daraz.com.bd/p/ad445376b503e936a241d51c95e0902d.jpg,Luxurious Crystal Metal Makeup Cosmetic Organizer Brush Bucket Jewelry Storage Box Tube Eyebrow Pencil Holder Container,4,Y
VL-229,https://static-01.daraz.com.bd/p/b1dfd558bb2c037143fba5a7718f2f6c.jpg,Luxurious Crystal Metal Makeup Cosmetic Organizer Brush Bucket Jewelry Storage Box Tube Eyebrow Pencil Holder Container,5,Y
VL-230,https://static-01.daraz.com.bd/p/bc16caea36ead7817da5d2397f9e6791.jpg,"European Crystal Pen Holder: A Chic Makeup and Beauty Organizer for Eyebrow Pens, Brushes, and More, Elevating Your Desktop Aesthetic",1,Y
VL-230,https://static-01.daraz.com.bd/p/49b374229dd492d20fa9e9477efc0cde.jpg,"European Crystal Pen Holder: A Chic Makeup and Beauty Organizer for Eyebrow Pens, Brushes, and More, Elevating Your Desktop Aesthetic",2,Y
VL-230,https://static-01.daraz.com.bd/p/957822d7eea9732ab111bfa93f248ca5.jpg,"European Crystal Pen Holder: A Chic Makeup and Beauty Organizer for Eyebrow Pens, Brushes, and More, Elevating Your Desktop Aesthetic",3,Y
VL-230,https://static-01.daraz.com.bd/p/265e82c09cc033f9051fae415ca152ef.jpg,"European Crystal Pen Holder: A Chic Makeup and Beauty Organizer for Eyebrow Pens, Brushes, and More, Elevating Your Desktop Aesthetic",4,Y
VL-230,https://static-01.daraz.com.bd/p/b5edbaa84f7052daef559d344b8514a3.jpg,"European Crystal Pen Holder: A Chic Makeup and Beauty Organizer for Eyebrow Pens, Brushes, and More, Elevating Your Desktop Aesthetic",5,Y
VL-230,https://static-01.daraz.com.bd/p/9ea1d4de2d6b1cd411cd777f9380de08.jpg,"European Crystal Pen Holder: A Chic Makeup and Beauty Organizer for Eyebrow Pens, Brushes, and More, Elevating Your Desktop Aesthetic",6,Y
VL-230,https://static-01.daraz.com.bd/p/b90952a3e463493a9d54fdc5b5630c97.jpg,"European Crystal Pen Holder: A Chic Makeup and Beauty Organizer for Eyebrow Pens, Brushes, and More, Elevating Your Desktop Aesthetic",7,Y
VL-230,https://static-01.daraz.com.bd/p/c1ce8b65bcb27adecfc7186eb9bc0155.jpg,"European Crystal Pen Holder: A Chic Makeup and Beauty Organizer for Eyebrow Pens, Brushes, and More, Elevating Your Desktop Aesthetic",8,Y
VL-231,https://static-01.daraz.com.bd/p/64d4216f1a02e131085af9175040904d.jpg,Crystal Makeup Brush Holder Cosmetics Tools Organizer Container Pen Pencil Holder Storage Candle Holder - Multicolor,1,Y
VL-231,https://static-01.daraz.com.bd/p/dba4411dcabfe217ab1d159932735e26.jpg,Crystal Makeup Brush Holder Cosmetics Tools Organizer Container Pen Pencil Holder Storage Candle Holder - Multicolor,2,Y
VL-231,https://static-01.daraz.com.bd/p/fcc3634f90a82f2fb9ee67e3735ee283.jpg,Crystal Makeup Brush Holder Cosmetics Tools Organizer Container Pen Pencil Holder Storage Candle Holder - Multicolor,3,Y
VL-231,https://static-01.daraz.com.bd/p/eacbdec7fd30e46c450f82186aff2cd0.jpg,Crystal Makeup Brush Holder Cosmetics Tools Organizer Container Pen Pencil Holder Storage Candle Holder - Multicolor,4,Y
VL-231,https://static-01.daraz.com.bd/p/1a8f83b6d25c4052fc7e96a4f3490e3d.jpg,Crystal Makeup Brush Holder Cosmetics Tools Organizer Container Pen Pencil Holder Storage Candle Holder - Multicolor,5,Y
VL-231,https://static-01.daraz.com.bd/p/5e194c98cbca88eb6d9b2a0da4204871.jpg,Crystal Makeup Brush Holder Cosmetics Tools Organizer Container Pen Pencil Holder Storage Candle Holder - Multicolor,6,Y
VL-232,https://static-01.daraz.com.bd/p/9fe0398cd284ba1fd568f478c7735b08.jpg,"Organizador de Maquillaje de cristal, caja de almacenamiento de Metal para brochas de maquillaje, lápiz de cejas, cuentas de cristal para joyería",1,Y
VL-232,https://static-01.daraz.com.bd/p/1ee1ef43c26a5bee81754a80ffe75f38.jpg,"Organizador de Maquillaje de cristal, caja de almacenamiento de Metal para brochas de maquillaje, lápiz de cejas, cuentas de cristal para joyería",2,Y
VL-232,https://static-01.daraz.com.bd/p/001f68ec43184b9f5c124ae9acc3d279.jpg,"Organizador de Maquillaje de cristal, caja de almacenamiento de Metal para brochas de maquillaje, lápiz de cejas, cuentas de cristal para joyería",3,Y
VL-232,https://static-01.daraz.com.bd/p/71a9e61e2dbbeadb9a924202a066f95d.jpg,"Organizador de Maquillaje de cristal, caja de almacenamiento de Metal para brochas de maquillaje, lápiz de cejas, cuentas de cristal para joyería",4,Y
VL-232,https://static-01.daraz.com.bd/p/38451a5b4f83360bedc2161166127e10.jpg,"Organizador de Maquillaje de cristal, caja de almacenamiento de Metal para brochas de maquillaje, lápiz de cejas, cuentas de cristal para joyería",5,Y
VL-232,https://static-01.daraz.com.bd/p/f4588307ca547d9e52c6eef9b88f9d3f.jpg,"Organizador de Maquillaje de cristal, caja de almacenamiento de Metal para brochas de maquillaje, lápiz de cejas, cuentas de cristal para joyería",6,Y
VL-232,https://static-01.daraz.com.bd/p/c2286a09f92f2fff8fa2117a907a44cc.jpg,"Organizador de Maquillaje de cristal, caja de almacenamiento de Metal para brochas de maquillaje, lápiz de cejas, cuentas de cristal para joyería",7,Y
VL-232,https://static-01.daraz.com.bd/p/c69d75d9350fbefc22b28e26e6921f3b.jpg,"Organizador de Maquillaje de cristal, caja de almacenamiento de Metal para brochas de maquillaje, lápiz de cejas, cuentas de cristal para joyería",8,Y
VL-233,https://static-01.daraz.com.bd/p/87a2b582fce9746b5031d48e2b2bfd62.jpg,Large Metal Capacity Makeup Brush Holder Transparent Storage Organizer Tube for Home,1,Y
VL-233,https://static-01.daraz.com.bd/p/cc6629edec2e61fce1077bcbad1257d7.jpg,Large Metal Capacity Makeup Brush Holder Transparent Storage Organizer Tube for Home,2,Y
VL-233,https://static-01.daraz.com.bd/p/f970cc6fe36d5209aba2d152a3fb65a9.jpg,Large Metal Capacity Makeup Brush Holder Transparent Storage Organizer Tube for Home,3,Y
VL-233,https://static-01.daraz.com.bd/p/99279bba86aac8c3f65fdf491ddab6d0.jpg,Large Metal Capacity Makeup Brush Holder Transparent Storage Organizer Tube for Home,4,Y
VL-233,https://static-01.daraz.com.bd/p/1b9850a6ccb81f65a8b310fe4f34276d.jpg,Large Metal Capacity Makeup Brush Holder Transparent Storage Organizer Tube for Home,5,Y
VL-234,https://static-01.daraz.com.bd/p/aa6123a65febcace351900527218ebb7.jpg,✅【Easy to Hang Wall】: Don't need to be assembled.Our wall clock could be used directly after putting,1,Y
VL-234,https://static-01.daraz.com.bd/p/d2f545f4754396b1c37ebaedc21bdce1.jpg,✅【Easy to Hang Wall】: Don't need to be assembled.Our wall clock could be used directly after putting,2,Y
VL-234,https://static-01.daraz.com.bd/p/822c45fda26dea1e07004470859f1b85.jpg,✅【Easy to Hang Wall】: Don't need to be assembled.Our wall clock could be used directly after putting,3,Y
VL-234,https://static-01.daraz.com.bd/p/0791925e8f5f8d7c659b2ca56d331892.jpg,✅【Easy to Hang Wall】: Don't need to be assembled.Our wall clock could be used directly after putting,4,Y
VL-234,https://static-01.daraz.com.bd/p/90580d1f522691481e1db911f2c29755.jpg,✅【Easy to Hang Wall】: Don't need to be assembled.Our wall clock could be used directly after putting,5,Y
VL-235,https://static-01.daraz.com.bd/p/2401ab01a3e42142cc849edccedc0c94.jpg,"Bernhard Products Extra Large Wall Clock 18 Inch Quality Quartz Silent Non Ticking, Battery Operated for Home/Living Room/Over Fireplace Beautiful Decorative Roman Numeral Stylish Clock, Dark Brown",1,Y
VL-235,https://static-01.daraz.com.bd/p/974bbd67581f7f4cd301ee5227c10f52.jpg,"Bernhard Products Extra Large Wall Clock 18 Inch Quality Quartz Silent Non Ticking, Battery Operated for Home/Living Room/Over Fireplace Beautiful Decorative Roman Numeral Stylish Clock, Dark Brown",2,Y
VL-235,https://static-01.daraz.com.bd/p/b97a255468cbe28b052aab92737124e1.jpg,"Bernhard Products Extra Large Wall Clock 18 Inch Quality Quartz Silent Non Ticking, Battery Operated for Home/Living Room/Over Fireplace Beautiful Decorative Roman Numeral Stylish Clock, Dark Brown",3,Y
VL-235,https://static-01.daraz.com.bd/p/7519bd0e2568394fd220509b3f3bafbd.jpg,"Bernhard Products Extra Large Wall Clock 18 Inch Quality Quartz Silent Non Ticking, Battery Operated for Home/Living Room/Over Fireplace Beautiful Decorative Roman Numeral Stylish Clock, Dark Brown",4,Y
VL-235,https://static-01.daraz.com.bd/p/7110fc11d702cad06ab9582b848116e8.jpg,"Bernhard Products Extra Large Wall Clock 18 Inch Quality Quartz Silent Non Ticking, Battery Operated for Home/Living Room/Over Fireplace Beautiful Decorative Roman Numeral Stylish Clock, Dark Brown",5,Y
VL-236,https://static-01.daraz.com.bd/p/f96ead0a0fe684a51fbd426d1d320547.jpg,Holiday decoration sliver gold wooden resin earth world globe with bell figurine,1,Y
VL-236,https://static-01.daraz.com.bd/p/5633402666c90507bf5555d5f822f1ae.jpg,Holiday decoration sliver gold wooden resin earth world globe with bell figurine,2,Y
VL-236,https://static-01.daraz.com.bd/p/23a78ef71215820a7670a6f461ba3cd3.jpg,Holiday decoration sliver gold wooden resin earth world globe with bell figurine,3,Y
VL-236,https://static-01.daraz.com.bd/p/7bcc0e11475b21feba92be8a09d05981.jpg,Holiday decoration sliver gold wooden resin earth world globe with bell figurine,4,Y
VL-236,https://static-01.daraz.com.bd/p/69c542eadd6dd63d070e5cc90672fb26.jpg,Holiday decoration sliver gold wooden resin earth world globe with bell figurine,5,Y
VL-237,https://static-01.daraz.com.bd/p/b5f75a2fdbe0694b81ef8827c82a63ca.jpg,Crystal Makeup Brush Holder Cosmetics Tools Organizer Container Pen Pencil Holder Storage Candle Holder - Multicolor,1,Y
VL-237,https://static-01.daraz.com.bd/p/6dac9ea799e1cb0dd5928298809efeef.jpg,Crystal Makeup Brush Holder Cosmetics Tools Organizer Container Pen Pencil Holder Storage Candle Holder - Multicolor,2,Y
VL-237,https://static-01.daraz.com.bd/p/394ecf7f4d2bc2937761f2b5011de801.jpg,Crystal Makeup Brush Holder Cosmetics Tools Organizer Container Pen Pencil Holder Storage Candle Holder - Multicolor,3,Y
VL-237,https://static-01.daraz.com.bd/p/2cd1351138fbee8a7446d57bd59ab354.jpg,Crystal Makeup Brush Holder Cosmetics Tools Organizer Container Pen Pencil Holder Storage Candle Holder - Multicolor,4,Y
VL-238,https://static-01.daraz.com.bd/p/8ee7be3b9cdf02763168b8d2a939319c.jpg,Crystal Organizer  Makeup Brush Holder Cosmetics Tools Organizer Container Pen Pencil Holder Storage Candle Holder - Multicolor,1,Y
VL-238,https://static-01.daraz.com.bd/p/adef6c189b11a9002933d371801b108f.jpg,Crystal Organizer  Makeup Brush Holder Cosmetics Tools Organizer Container Pen Pencil Holder Storage Candle Holder - Multicolor,2,Y
VL-238,https://static-01.daraz.com.bd/p/203e4d7e04ee831382d601295cb9a3ef.jpg,Crystal Organizer  Makeup Brush Holder Cosmetics Tools Organizer Container Pen Pencil Holder Storage Candle Holder - Multicolor,3,Y
VL-239,https://static-01.daraz.com.bd/p/5332cee0f71f40d61acf56c9369dfd95.jpg,Crystal Table Lamp Modern Style Decorative Table Lamp for Living Room Bedroom Lamp - Multicolor,1,Y
VL-240,https://static-01.daraz.com.bd/p/fa5f488920300391e370a21fbfecc2b7.jpg,Modern Style Crystal Table Lamp Decorative Table Lamp for Living Room Bedroom Lamp - Multicolor,1,Y
VL-241,https://static-01.daraz.com.bd/p/e6fabc65814c6f89baaf870d211845b8.jpg,Modern Style Crystal Table Lamp Decorative Table Lamp for Living Room Bedroom Lamp - Multicolor,1,Y
VL-241,https://static-01.daraz.com.bd/p/36780e244bebe02eeb0ba2f5ce2f3a72.jpg,Modern Style Crystal Table Lamp Decorative Table Lamp for Living Room Bedroom Lamp - Multicolor,2,Y
VL-242,https://static-01.daraz.com.bd/p/1d0f77f94e2c60b16645c723afdd5ea3.jpg,"Twin Bell Table Clock.Loud Alarm Clock. for Home, Office, Decor, Showpiece Item Best for Kids & Students - Multicolor",1,Y
VL-242,https://static-01.daraz.com.bd/p/39bf6a823d017d1bb64901acef02ba5e.jpg,"Twin Bell Table Clock.Loud Alarm Clock. for Home, Office, Decor, Showpiece Item Best for Kids & Students - Multicolor",2,Y
VL-242,https://static-01.daraz.com.bd/p/3831e2ccb7445cd8b6acb5b96db62203.jpg,"Twin Bell Table Clock.Loud Alarm Clock. for Home, Office, Decor, Showpiece Item Best for Kids & Students - Multicolor",3,Y
VL-242,https://static-01.daraz.com.bd/p/cc0bdd1ef24a3bebb0cf5cc249f6f7a8.jpg,"Twin Bell Table Clock.Loud Alarm Clock. for Home, Office, Decor, Showpiece Item Best for Kids & Students - Multicolor",4,Y
VL-242,https://static-01.daraz.com.bd/p/bfeaff45c3df9c03cd284cf39bb6eafc.jpg,"Twin Bell Table Clock.Loud Alarm Clock. for Home, Office, Decor, Showpiece Item Best for Kids & Students - Multicolor",5,Y
VL-242,https://static-01.daraz.com.bd/p/c92786f465f3088ffa9a0b31926792fc.jpg,"Twin Bell Table Clock.Loud Alarm Clock. for Home, Office, Decor, Showpiece Item Best for Kids & Students - Multicolor",6,Y
VL-242,https://static-01.daraz.com.bd/p/59bff93a4fe2954ba879913d220df836.jpg,"Twin Bell Table Clock.Loud Alarm Clock. for Home, Office, Decor, Showpiece Item Best for Kids & Students - Multicolor",7,Y
VL-243,https://static-01.daraz.com.bd/p/63319be8a8b2579f289313b6ed669e18.jpg,Modern Style Crystal Table Lamp Decorative Table Lamp for Living Room Bedroom Lamp - Multicolor,1,Y
VL-243,https://static-01.daraz.com.bd/p/2120a76c53fe466da32c9a4e16db4a72.jpg,Modern Style Crystal Table Lamp Decorative Table Lamp for Living Room Bedroom Lamp - Multicolor,2,Y
VL-244,https://static-01.daraz.com.bd/p/65caf7cde38dd9857cb84e4c243b0446.jpg,"Alarm Clock/Twin Bell Table Clock.Loud Alarm Clock. for Home, Office, Decor, Showpiece Item Best for Kids & Students",1,Y
VL-244,https://static-01.daraz.com.bd/p/a2ac7b26898cb581e989ffc355d46664.jpg,"Alarm Clock/Twin Bell Table Clock.Loud Alarm Clock. for Home, Office, Decor, Showpiece Item Best for Kids & Students",2,Y
VL-245,https://static-01.daraz.com.bd/p/f2ec46e86a8d7b16a65e9d9687256176.jpg,Royal Designer Gold Plated Premium Wall Clock,1,Y
VL-245,https://static-01.daraz.com.bd/p/b117101bc0e686004137dfdd3ded6db6.jpg,Royal Designer Gold Plated Premium Wall Clock,2,Y
VL-246,https://static-01.daraz.com.bd/p/2658410741c3d0f3bc0c7876d3501fe4.jpg,"Elegant, Traditional, Decorative, Modern Wall Clock Fancy Ethnic Luxury Handmade Decoration, Swinging Pendulum for  Room or Office",1,Y
VL-246,https://static-01.daraz.com.bd/p/518c8215dcfe1e6e214919a7b87b4154.jpg,"Elegant, Traditional, Decorative, Modern Wall Clock Fancy Ethnic Luxury Handmade Decoration, Swinging Pendulum for  Room or Office",2,Y
VL-246,https://static-01.daraz.com.bd/p/cf4116e4f1b7015523b9635ead6512d0.jpg,"Elegant, Traditional, Decorative, Modern Wall Clock Fancy Ethnic Luxury Handmade Decoration, Swinging Pendulum for  Room or Office",3,Y
VL-246,https://static-01.daraz.com.bd/p/d1e54c370550917d5e508b31aa7e4e8c.jpg,"Elegant, Traditional, Decorative, Modern Wall Clock Fancy Ethnic Luxury Handmade Decoration, Swinging Pendulum for  Room or Office",4,Y
VL-247,https://static-01.daraz.com.bd/p/d1323ead86256aad93944b5115c7f137.jpg,3 in 1 Mini Hand Air Pump – Portable Pumper for Ball Balloons and Cycle Tyre,1,Y
VL-248,https://static-01.daraz.com.bd/p/88001ea91f6cf491be4bacf1cb5d931b.jpg,"cute cartoon PVC inflatable sofa pink blue mouse children inflatable seat children's toys 43* 43 * 65cm 2- 6 years old (Included Items: 1 x Inflatable Sofa, 1 x PUMPER)",1,Y
VL-249,https://static-01.daraz.com.bd/p/4016989cde5a5a6a1f818c099fef9295.jpg,"Party Propz Balloon Manual Hand Pump for Latex Foil, Helium Air Baloon/Airpump/Balloons Pumper (Multicolor)",1,Y
VL-249,https://static-01.daraz.com.bd/p/4d0c6c2c6211dc2da624210ddc15ce77.jpg,"Party Propz Balloon Manual Hand Pump for Latex Foil, Helium Air Baloon/Airpump/Balloons Pumper (Multicolor)",2,Y
VL-249,https://static-01.daraz.com.bd/p/a5e18243155a1e8c60f4df307233a7fa.jpg,"Party Propz Balloon Manual Hand Pump for Latex Foil, Helium Air Baloon/Airpump/Balloons Pumper (Multicolor)",3,Y
VL-249,https://static-01.daraz.com.bd/p/c9c66049d0c1be7b0015c67f70a1fb5d.jpg,"Party Propz Balloon Manual Hand Pump for Latex Foil, Helium Air Baloon/Airpump/Balloons Pumper (Multicolor)",4,Y
VL-249,https://static-01.daraz.com.bd/p/c757d31ccb3ea8f04ea49cdae633c8e4.jpg,"Party Propz Balloon Manual Hand Pump for Latex Foil, Helium Air Baloon/Airpump/Balloons Pumper (Multicolor)",5,Y
VL-249,https://static-01.daraz.com.bd/p/adfa1a8f22e2d644ce6443e9a5b91f00.jpg,"Party Propz Balloon Manual Hand Pump for Latex Foil, Helium Air Baloon/Airpump/Balloons Pumper (Multicolor)",6,Y
VL-250,https://static-01.daraz.com.bd/p/de6479b5d537a0a6deec9df5a99e1dc7.jpg,European-style classical luxury high-end tissue box gold-plated pumping tray gift tissue holder - Multicolor,1,Y
VL-250,https://static-01.daraz.com.bd/p/1870d4bcf40b382132161b8bfa0662f5.jpg,European-style classical luxury high-end tissue box gold-plated pumping tray gift tissue holder - Multicolor,2,Y
VL-250,https://static-01.daraz.com.bd/p/e5314f7d7ddea6b55ec03cb83335a0b4.jpg,European-style classical luxury high-end tissue box gold-plated pumping tray gift tissue holder - Multicolor,3,Y
VL-250,https://static-01.daraz.com.bd/p/b989dbb6ec847d37aa60dcd6545ace2e.jpg,European-style classical luxury high-end tissue box gold-plated pumping tray gift tissue holder - Multicolor,4,Y
VL-250,https://static-01.daraz.com.bd/p/980965d9b15ada418d0317d6a2350e9a.jpg,European-style classical luxury high-end tissue box gold-plated pumping tray gift tissue holder - Multicolor,5,Y
VL-250,https://static-01.daraz.com.bd/p/1118c05eabf26a41d424b8706f11cdbb.jpg,European-style classical luxury high-end tissue box gold-plated pumping tray gift tissue holder - Multicolor,6,Y
VL-250,https://static-01.daraz.com.bd/p/fff38d7803529e0c248270d070c6b9d2.jpg,European-style classical luxury high-end tissue box gold-plated pumping tray gift tissue holder - Multicolor,7,Y
VL-250,https://static-01.daraz.com.bd/p/f640a8f6df2ea499a255339529287dd1.jpg,European-style classical luxury high-end tissue box gold-plated pumping tray gift tissue holder - Multicolor,8,Y
VL-251,https://static-01.daraz.com.bd/p/dc71daf3fa863f2f3f4c2b8fc7fac85d.jpg,classical luxury European-style classical luxury high-end tissue box gold-plated pumping tray gift tissue holder - Multicolor,1,Y
VL-251,https://static-01.daraz.com.bd/p/7d3a81a43c0273c4733fada0e28f7343.jpg,classical luxury European-style classical luxury high-end tissue box gold-plated pumping tray gift tissue holder - Multicolor,2,Y
VL-251,https://static-01.daraz.com.bd/p/775208438d5c34cb18c8a1273de6e462.jpg,classical luxury European-style classical luxury high-end tissue box gold-plated pumping tray gift tissue holder - Multicolor,3,Y
VL-252,https://static-01.daraz.com.bd/p/e5314f7d7ddea6b55ec03cb83335a0b4.jpg,classical luxury European-style classical luxury high-end tissue box gold-plated pumping tray gift tissue holder - Multicolor,1,Y
VL-252,https://static-01.daraz.com.bd/p/1118c05eabf26a41d424b8706f11cdbb.jpg,classical luxury European-style classical luxury high-end tissue box gold-plated pumping tray gift tissue holder - Multicolor,2,Y
VL-252,https://static-01.daraz.com.bd/p/b989dbb6ec847d37aa60dcd6545ace2e.jpg,classical luxury European-style classical luxury high-end tissue box gold-plated pumping tray gift tissue holder - Multicolor,3,Y
VL-252,https://static-01.daraz.com.bd/p/1870d4bcf40b382132161b8bfa0662f5.jpg,classical luxury European-style classical luxury high-end tissue box gold-plated pumping tray gift tissue holder - Multicolor,4,Y
VL-252,https://static-01.daraz.com.bd/p/77e52a781edc4bfa459be5ca476009d1.jpg,classical luxury European-style classical luxury high-end tissue box gold-plated pumping tray gift tissue holder - Multicolor,5,Y
VL-253,https://static-01.daraz.com.bd/p/a494a73e7e438825402e7ed45799bf8d.jpg,European-style classical luxury high-end tissue box gold-plated pumping tray gift tissue holder - Multicolor,1,Y
VL-253,https://static-01.daraz.com.bd/p/e3c046f88814b1ffc95176259f38001e.jpg,European-style classical luxury high-end tissue box gold-plated pumping tray gift tissue holder - Multicolor,2,Y
VL-253,https://static-01.daraz.com.bd/p/3a2d4e77e2e85e0b06702011625bd1f4.jpg,European-style classical luxury high-end tissue box gold-plated pumping tray gift tissue holder - Multicolor,3,Y
VL-254,https://static-01.daraz.com.bd/p/eb790cf1b635d8bffc2066a52218d892.jpg,Tissue Box Paper Holder Home Hotel Decor,1,Y
VL-254,https://static-01.daraz.com.bd/p/51c44c01fd3e187e71480705f833f655.jpg,Tissue Box Paper Holder Home Hotel Decor,2,Y
VL-254,https://static-01.daraz.com.bd/p/918c911c9219eb9213dd3d5d20fe3174.jpg,Tissue Box Paper Holder Home Hotel Decor,3,Y
VL-254,https://static-01.daraz.com.bd/p/607a97feded61500d2487414059b0948.png,Tissue Box Paper Holder Home Hotel Decor,4,Y
VL-254,https://static-01.daraz.com.bd/p/9e8ca0159dbbbfaa31e4f0ebfa34be09.png,Tissue Box Paper Holder Home Hotel Decor,5,Y
VL-254,https://static-01.daraz.com.bd/p/5778fe847e33a30be8d23fa6ae117466.png,Tissue Box Paper Holder Home Hotel Decor,6,Y
VL-254,https://static-01.daraz.com.bd/p/7d36c9d7355c29f8adc4023a3e90cff7.jpg,Tissue Box Paper Holder Home Hotel Decor,7,Y
VL-255,https://static-01.daraz.com.bd/p/9e8ca0159dbbbfaa31e4f0ebfa34be09.png,Tissue Box  Paper  Holder Home Hotel Decor,1,Y
VL-255,https://static-01.daraz.com.bd/p/51c44c01fd3e187e71480705f833f655.jpg,Tissue Box  Paper  Holder Home Hotel Decor,2,Y
VL-255,https://static-01.daraz.com.bd/p/918c911c9219eb9213dd3d5d20fe3174.jpg,Tissue Box  Paper  Holder Home Hotel Decor,3,Y
VL-255,https://static-01.daraz.com.bd/p/eb790cf1b635d8bffc2066a52218d892.jpg,Tissue Box  Paper  Holder Home Hotel Decor,4,Y
VL-255,https://static-01.daraz.com.bd/p/89b6894f12b9dd37dfd1ac74dbecd809.jpg,Tissue Box  Paper  Holder Home Hotel Decor,5,Y
VL-255,https://static-01.daraz.com.bd/p/8e38c706becc6049b196791857f16de1.jpg,Tissue Box  Paper  Holder Home Hotel Decor,6,Y
VL-255,https://static-01.daraz.com.bd/p/607a97feded61500d2487414059b0948.png,Tissue Box  Paper  Holder Home Hotel Decor,7,Y
VL-255,https://static-01.daraz.com.bd/p/5778fe847e33a30be8d23fa6ae117466.png,Tissue Box  Paper  Holder Home Hotel Decor,8,Y
VL-256,https://static-01.daraz.com.bd/p/51c44c01fd3e187e71480705f833f655.jpg,Tissue Box Paper Holder Home Hotel Decor - Multicolor,1,Y
VL-256,https://static-01.daraz.com.bd/p/89b6894f12b9dd37dfd1ac74dbecd809.jpg,Tissue Box Paper Holder Home Hotel Decor - Multicolor,2,Y
VL-256,https://static-01.daraz.com.bd/p/9e8ca0159dbbbfaa31e4f0ebfa34be09.png,Tissue Box Paper Holder Home Hotel Decor - Multicolor,3,Y
VL-256,https://static-01.daraz.com.bd/p/8ea5c8b367261e289494a2bf92039f0e.png,Tissue Box Paper Holder Home Hotel Decor - Multicolor,4,Y
VL-256,https://static-01.daraz.com.bd/p/5778fe847e33a30be8d23fa6ae117466.png,Tissue Box Paper Holder Home Hotel Decor - Multicolor,5,Y
VL-256,https://static-01.daraz.com.bd/p/7d36c9d7355c29f8adc4023a3e90cff7.jpg,Tissue Box Paper Holder Home Hotel Decor - Multicolor,6,Y
VL-257,https://static-01.daraz.com.bd/p/64afc67e5d9d765e191f90beca68dee2.jpg,Tissue Box Paper Holder Home Hotel Decor - Red,1,Y
VL-258,https://static-01.daraz.com.bd/p/f7a4b85e998529187b8ae08f31a6220f.jpg,Tissue Box Paper Holder Home Hotel Decor - White,1,Y
VL-259,https://static-01.daraz.com.bd/p/6e017343a34826c707bc447f4fd283c8.jpg,Tissue Box Holder,1,Y
VL-259,https://static-01.daraz.com.bd/p/21edd4467b527fc45d6ccd460e3a8ccc.jpg,Tissue Box Holder,2,Y
VL-259,https://static-01.daraz.com.bd/p/a59a11b202474fcef107615a0c3d6b81.jpg,Tissue Box Holder,3,Y
VL-259,https://static-01.daraz.com.bd/p/b86ef59e98718556fe9f7639dc8d6f1c.jpg,Tissue Box Holder,4,Y
VL-259,https://static-01.daraz.com.bd/p/3abf666857dcc87b0893013e19f3aa4a.jpg,Tissue Box Holder,5,Y
VL-259,https://static-01.daraz.com.bd/p/1c49c99ea510d995e01c70c0e69c33cd.jpg,Tissue Box Holder,6,Y
VL-260,https://static-01.daraz.com.bd/p/a6482b4c85feb82e4664a624736698ee.jpg,GTS-1346 GREATNICE Wireless Speaker Extra Bass TWS 3'' EXTRA SUPER BASS CLEAR AND BIG SOUNDS PORTABLE WIRELESS BLUETOOTH SPEAKER WITH FM RAADIO/ SD CARD/ MP3 PLAYER,1,Y
VL-260,https://static-01.daraz.com.bd/p/5ff5c2651ee2bbe762ce88c489c42c54.jpg,GTS-1346 GREATNICE Wireless Speaker Extra Bass TWS 3'' EXTRA SUPER BASS CLEAR AND BIG SOUNDS PORTABLE WIRELESS BLUETOOTH SPEAKER WITH FM RAADIO/ SD CARD/ MP3 PLAYER,2,Y
VL-260,https://static-01.daraz.com.bd/p/51de08ce50e665e6b3d1461a7b8d56af.jpg,GTS-1346 GREATNICE Wireless Speaker Extra Bass TWS 3'' EXTRA SUPER BASS CLEAR AND BIG SOUNDS PORTABLE WIRELESS BLUETOOTH SPEAKER WITH FM RAADIO/ SD CARD/ MP3 PLAYER,3,Y
VL-260,https://static-01.daraz.com.bd/p/1abbdce7661a089186fa415d019aaa90.jpg,GTS-1346 GREATNICE Wireless Speaker Extra Bass TWS 3'' EXTRA SUPER BASS CLEAR AND BIG SOUNDS PORTABLE WIRELESS BLUETOOTH SPEAKER WITH FM RAADIO/ SD CARD/ MP3 PLAYER,4,Y
VL-260,https://static-01.daraz.com.bd/p/e52144c99c50da905de4fa4071e39dd1.jpg,GTS-1346 GREATNICE Wireless Speaker Extra Bass TWS 3'' EXTRA SUPER BASS CLEAR AND BIG SOUNDS PORTABLE WIRELESS BLUETOOTH SPEAKER WITH FM RAADIO/ SD CARD/ MP3 PLAYER,5,Y
VL-260,https://static-01.daraz.com.bd/p/649537599355fca89af68d2e9c62ddd5.jpg,GTS-1346 GREATNICE Wireless Speaker Extra Bass TWS 3'' EXTRA SUPER BASS CLEAR AND BIG SOUNDS PORTABLE WIRELESS BLUETOOTH SPEAKER WITH FM RAADIO/ SD CARD/ MP3 PLAYER,6,Y
VL-261,https://static-01.daraz.com.bd/p/184f958d2019f3acb0fea915cf7828ec.jpg,Creative Retro Vintage Bicycle Alarm Clock ABS Plastic Bike Table Clocks Fashion Pocket Watch Retro Bicycle Alarm Clock Creative Clock  Ornament Home Art Decorations - Antique,1,Y
VL-262,https://bd-live-21.slatic.net/kf/S16ebc9ca5a2c454aa2b5cbbb05b26cd5M.jpg,Creative Retro Vintage Bicycle Alarm Clock ABS Plastic Bike Table Clocks Fashion Pocket Watch Retro Bicycle Alarm Clock Creative Clock  Ornament Home Art Decorations - White,1,Y
VL-263,https://bd-live-21.slatic.net/kf/Sb66c8e48aaf3406e9aa465a0227a9581p.jpg,Creative Retro Vintage Bicycle Alarm Clock ABS Plastic Bike Table Clocks Fashion Pocket Watch Retro Bicycle Alarm Clock Creative Clock  Ornament Home Art Decorations - Blue,1,Y
VL-264,https://static-01.daraz.com.bd/p/5f3cc0fc4d111c4d0af0a332be2aa95e.jpg,Creative Retro Vintage Bicycle Alarm Clock ABS Plastic Bike Table Clocks Fashion Pocket Watch Retro Bicycle Alarm Clock Creative Clock  Ornament Home Art Decorations - Multicolor,1,Y
VL-264,https://static-01.daraz.com.bd/p/0088a5f62960cb25d26b51da27076d3f.jpg,Creative Retro Vintage Bicycle Alarm Clock ABS Plastic Bike Table Clocks Fashion Pocket Watch Retro Bicycle Alarm Clock Creative Clock  Ornament Home Art Decorations - Multicolor,2,Y
VL-264,https://static-01.daraz.com.bd/p/92df0d609f121aab8dfa24f213cd287d.jpg,Creative Retro Vintage Bicycle Alarm Clock ABS Plastic Bike Table Clocks Fashion Pocket Watch Retro Bicycle Alarm Clock Creative Clock  Ornament Home Art Decorations - Multicolor,3,Y
VL-264,https://static-01.daraz.com.bd/p/c9c4af082b47c38aebf44e7011de4395.jpg,Creative Retro Vintage Bicycle Alarm Clock ABS Plastic Bike Table Clocks Fashion Pocket Watch Retro Bicycle Alarm Clock Creative Clock  Ornament Home Art Decorations - Multicolor,4,Y
VL-264,https://static-01.daraz.com.bd/p/e37ed9ba6e08f339aca2ba90d13fbc3f.jpg,Creative Retro Vintage Bicycle Alarm Clock ABS Plastic Bike Table Clocks Fashion Pocket Watch Retro Bicycle Alarm Clock Creative Clock  Ornament Home Art Decorations - Multicolor,5,Y
VL-265,https://bd-live-21.slatic.net/kf/S136de9c8a9f749a199f835bde43eef9ey.jpg,Creative Retro Vintage Bicycle Alarm Clock ABS Plastic Bike Table Clocks Fashion Pocket Watch Retro Bicycle Alarm Clock Creative Clock  Ornament Home Art Decorations - Red,1,Y
VL-266,https://static-01.daraz.com.bd/p/d73492edb9d9a2f219f362ff9ae542de.jpg,Vintage Bicycle Alarm Clock ABS Plastic Bike Table Clocks Fashion Pocket Watch Retro Bicycle Alarm Clock Creative Clock  Ornament Home Art Decorations,1,Y
VL-266,https://static-01.daraz.com.bd/p/0088a5f62960cb25d26b51da27076d3f.jpg,Vintage Bicycle Alarm Clock ABS Plastic Bike Table Clocks Fashion Pocket Watch Retro Bicycle Alarm Clock Creative Clock  Ornament Home Art Decorations,2,Y
VL-266,https://static-01.daraz.com.bd/p/c9c4af082b47c38aebf44e7011de4395.jpg,Vintage Bicycle Alarm Clock ABS Plastic Bike Table Clocks Fashion Pocket Watch Retro Bicycle Alarm Clock Creative Clock  Ornament Home Art Decorations,3,Y
VL-266,https://static-01.daraz.com.bd/p/92df0d609f121aab8dfa24f213cd287d.jpg,Vintage Bicycle Alarm Clock ABS Plastic Bike Table Clocks Fashion Pocket Watch Retro Bicycle Alarm Clock Creative Clock  Ornament Home Art Decorations,4,Y
VL-266,https://static-01.daraz.com.bd/p/e37ed9ba6e08f339aca2ba90d13fbc3f.jpg,Vintage Bicycle Alarm Clock ABS Plastic Bike Table Clocks Fashion Pocket Watch Retro Bicycle Alarm Clock Creative Clock  Ornament Home Art Decorations,5,Y
VL-267,https://static-01.daraz.com.bd/p/ce4ec7a545294f46315b9e6943789931.jpg,Peacock with Clock Showpiece,1,Y
VL-267,https://static-01.daraz.com.bd/p/27d3ed48c73488140ec8f45c26e85f59.jpg,Peacock with Clock Showpiece,2,Y
VL-268,https://static-01.daraz.com.bd/p/f4503f1359465a5d74c719e559d8d0cd.jpg,TWS 3'' EXTRA SUPER BASS CLEAR AND BIG SOUNDS PORTABLE WIRELESS BLUETOOTH SPEAKER WITH FM RAADIO/ SD CARD/ MP3 PLAYER,1,Y
VL-268,https://static-01.daraz.com.bd/p/5ff5c2651ee2bbe762ce88c489c42c54.jpg,TWS 3'' EXTRA SUPER BASS CLEAR AND BIG SOUNDS PORTABLE WIRELESS BLUETOOTH SPEAKER WITH FM RAADIO/ SD CARD/ MP3 PLAYER,2,Y
VL-268,https://static-01.daraz.com.bd/p/649537599355fca89af68d2e9c62ddd5.jpg,TWS 3'' EXTRA SUPER BASS CLEAR AND BIG SOUNDS PORTABLE WIRELESS BLUETOOTH SPEAKER WITH FM RAADIO/ SD CARD/ MP3 PLAYER,3,Y
VL-268,https://static-01.daraz.com.bd/p/a6482b4c85feb82e4664a624736698ee.jpg,TWS 3'' EXTRA SUPER BASS CLEAR AND BIG SOUNDS PORTABLE WIRELESS BLUETOOTH SPEAKER WITH FM RAADIO/ SD CARD/ MP3 PLAYER,4,Y
VL-269,https://static-01.daraz.com.bd/p/65d01cef973a491b7a663dba7c389128.jpg,Creative Retro Vintage Peacock with Clock Showpiece,1,Y
VL-269,https://static-01.daraz.com.bd/p/ce4ec7a545294f46315b9e6943789931.jpg,Creative Retro Vintage Peacock with Clock Showpiece,2,Y
VL-270,https://static-01.daraz.com.bd/p/3aa40a607118389dee481a8dc83e61ce.jpg,"Duncan Toys Quick Cube 2 X 2, Brain Game Toy",1,Y
VL-270,https://static-01.daraz.com.bd/p/5a457975fc426aa3c1c04ee12be970ab.jpg,"Duncan Toys Quick Cube 2 X 2, Brain Game Toy",2,Y
VL-270,https://static-01.daraz.com.bd/p/e485d254eea8d3a84f5deebcb48977db.jpg,"Duncan Toys Quick Cube 2 X 2, Brain Game Toy",3,Y
VL-270,https://static-01.daraz.com.bd/p/1d921bec3e54b374eb66195f1ddf3715.jpg,"Duncan Toys Quick Cube 2 X 2, Brain Game Toy",4,Y
VL-270,https://static-01.daraz.com.bd/p/e634f285e91c75522b5bd41cc1dc15ce.jpg,"Duncan Toys Quick Cube 2 X 2, Brain Game Toy",5,Y
VL-271,https://static-01.daraz.com.bd/p/141983f58f010aa22d9bd97a670262ac.jpg,3X3 Rubics Cube,1,Y
VL-271,https://static-01.daraz.com.bd/p/4955bd7b12cbeb01df36368b095e66fc.jpg,3X3 Rubics Cube,2,Y
VL-271,https://static-01.daraz.com.bd/p/909b432434a7f61da6261e788564fd2b.jpg,3X3 Rubics Cube,3,Y
VL-271,https://static-01.daraz.com.bd/p/3f13e4d30ffc84b5cef02cd38220c338.jpg,3X3 Rubics Cube,4,Y
VL-272,https://static-01.daraz.com.bd/p/372cc2f44d6576bfc4365dce7406d092.jpg,Rubic Cube Toys 3/3 for Kids Brain Game,1,Y
VL-272,https://static-01.daraz.com.bd/p/23952b281bceee5e72433872c7346382.jpg,Rubic Cube Toys 3/3 for Kids Brain Game,2,Y
VL-272,https://static-01.daraz.com.bd/p/e513e8fae3ad07c98f5bed2f268d0634.jpg,Rubic Cube Toys 3/3 for Kids Brain Game,3,Y
VL-273,https://static-01.daraz.com.bd/p/23952b281bceee5e72433872c7346382.jpg,Rubics Cube 3x3 - Multicolor,1,Y
VL-273,https://static-01.daraz.com.bd/p/372cc2f44d6576bfc4365dce7406d092.jpg,Rubics Cube 3x3 - Multicolor,2,Y
VL-274,https://static-01.daraz.com.bd/p/e43a0429c4edfd351a4bd7ee55d8b4a8.jpg,Mirror Cube 3x3 Speed Cube 3x3x3 Mirror Blocks Unequal Puzzle Silver Black 57mm - Multicolor,1,Y
VL-274,https://static-01.daraz.com.bd/p/53cc25875337637d535068a1ee56aeb7.jpg,Mirror Cube 3x3 Speed Cube 3x3x3 Mirror Blocks Unequal Puzzle Silver Black 57mm - Multicolor,2,Y
VL-274,https://static-01.daraz.com.bd/p/04cd5cc97ebf937aa2f4d1b892f9ba9c.png,Mirror Cube 3x3 Speed Cube 3x3x3 Mirror Blocks Unequal Puzzle Silver Black 57mm - Multicolor,3,Y
VL-275,https://static-01.daraz.com.bd/p/04cd5cc97ebf937aa2f4d1b892f9ba9c.png,Mirror Cube 3x3 Speed Cube 3x3x3 Mirror Blocks Unequal Puzzle Silver Black 57mm - Multicolor,1,Y
VL-275,https://static-01.daraz.com.bd/p/e43a0429c4edfd351a4bd7ee55d8b4a8.jpg,Mirror Cube 3x3 Speed Cube 3x3x3 Mirror Blocks Unequal Puzzle Silver Black 57mm - Multicolor,2,Y
VL-275,https://static-01.daraz.com.bd/p/53cc25875337637d535068a1ee56aeb7.jpg,Mirror Cube 3x3 Speed Cube 3x3x3 Mirror Blocks Unequal Puzzle Silver Black 57mm - Multicolor,3,Y
VL-276,https://static-01.daraz.com.bd/p/e513e8fae3ad07c98f5bed2f268d0634.jpg,Rubics Cube 3x3 - Multicolor,1,Y
VL-276,https://static-01.daraz.com.bd/p/372cc2f44d6576bfc4365dce7406d092.jpg,Rubics Cube 3x3 - Multicolor,2,Y
VL-276,https://static-01.daraz.com.bd/p/23952b281bceee5e72433872c7346382.jpg,Rubics Cube 3x3 - Multicolor,3,Y
VL-277,https://static-01.daraz.com.bd/p/53cc25875337637d535068a1ee56aeb7.jpg,Mirror Cube 3x3 Speed Cube 3x3x3 Mirror Blocks Unequal Puzzle Silver Black 57mm - Multicolor,1,Y
VL-277,https://static-01.daraz.com.bd/p/04cd5cc97ebf937aa2f4d1b892f9ba9c.png,Mirror Cube 3x3 Speed Cube 3x3x3 Mirror Blocks Unequal Puzzle Silver Black 57mm - Multicolor,2,Y
VL-277,https://static-01.daraz.com.bd/p/e43a0429c4edfd351a4bd7ee55d8b4a8.jpg,Mirror Cube 3x3 Speed Cube 3x3x3 Mirror Blocks Unequal Puzzle Silver Black 57mm - Multicolor,3,Y
VL-278,https://static-01.daraz.com.bd/p/a0544d33e839b10eaf49e7baf92eb2a4.jpg,Delux DW-003 Full HD WebCam,1,Y
VL-279,https://static-01.daraz.com.bd/p/173c1a29a1c3757549351917ab3c7573.jpg,TX3 Mini Android 8.1 TV Box 4K TV Amlogic S905W Quad core H.265 Decoding 2.0GHz WiFi TV Box - 2GB/16GB,1,Y
VL-279,https://static-01.daraz.com.bd/p/e2e493f97dc91997f50c78cb2238fc9e.jpg,TX3 Mini Android 8.1 TV Box 4K TV Amlogic S905W Quad core H.265 Decoding 2.0GHz WiFi TV Box - 2GB/16GB,2,Y
VL-279,https://static-01.daraz.com.bd/p/107cf8f69f3c9d3cc5adab499c4772d4.jpg,TX3 Mini Android 8.1 TV Box 4K TV Amlogic S905W Quad core H.265 Decoding 2.0GHz WiFi TV Box - 2GB/16GB,3,Y
VL-279,https://static-01.daraz.com.bd/p/e82663688c0b2413764b92361c6b9f45.jpg,TX3 Mini Android 8.1 TV Box 4K TV Amlogic S905W Quad core H.265 Decoding 2.0GHz WiFi TV Box - 2GB/16GB,4,Y
VL-279,https://static-01.daraz.com.bd/p/ed5c20a7da8576f4c2a581a35f112176.jpg,TX3 Mini Android 8.1 TV Box 4K TV Amlogic S905W Quad core H.265 Decoding 2.0GHz WiFi TV Box - 2GB/16GB,5,Y
VL-279,https://static-01.daraz.com.bd/p/ea755261d0db8e4dfc51c27535d23eb6.jpg,TX3 Mini Android 8.1 TV Box 4K TV Amlogic S905W Quad core H.265 Decoding 2.0GHz WiFi TV Box - 2GB/16GB,6,Y
VL-279,https://static-01.daraz.com.bd/p/46750c1b84eaad44951da4d9a0ddda06.jpg,TX3 Mini Android 8.1 TV Box 4K TV Amlogic S905W Quad core H.265 Decoding 2.0GHz WiFi TV Box - 2GB/16GB,7,Y
VL-279,https://static-01.daraz.com.bd/p/33eb51fa449b545f1e5f17e58f3fbfbf.jpg,TX3 Mini Android 8.1 TV Box 4K TV Amlogic S905W Quad core H.265 Decoding 2.0GHz WiFi TV Box - 2GB/16GB,8,Y
VL-280,https://static-01.daraz.com.bd/p/5e21980796bc8cc5f4f45ecc94a2a9f6.jpg,Modern Transparent Bedroom K9 Crystal Table Lamps Lights Desk Bedside Standard Lighting Living Room Lamparas de Mesa 110-240V High 40CM* Wide 21CM Warm Light - Multicolor,1,Y
VL-280,https://static-01.daraz.com.bd/p/29743bad63b684dbadbd39913c7d8c5a.jpg,Modern Transparent Bedroom K9 Crystal Table Lamps Lights Desk Bedside Standard Lighting Living Room Lamparas de Mesa 110-240V High 40CM* Wide 21CM Warm Light - Multicolor,2,Y
VL-280,https://static-01.daraz.com.bd/p/197997e766ccef1b819daca4d93a71d2.jpg,Modern Transparent Bedroom K9 Crystal Table Lamps Lights Desk Bedside Standard Lighting Living Room Lamparas de Mesa 110-240V High 40CM* Wide 21CM Warm Light - Multicolor,3,Y
VL-281,https://static-01.daraz.com.bd/p/ff34f16d075a06a4f5419dae33c65a57.jpg,Decorative nordic modern luxurious unique bedroom bedside usb ceramic fabric table lamp - Multicolor,1,Y
VL-281,https://static-01.daraz.com.bd/p/71af77796519476be825e949e5a457c7.jpg,Decorative nordic modern luxurious unique bedroom bedside usb ceramic fabric table lamp - Multicolor,2,Y
VL-281,https://static-01.daraz.com.bd/p/abf52158b06e2b922ef368825340548b.jpg,Decorative nordic modern luxurious unique bedroom bedside usb ceramic fabric table lamp - Multicolor,3,Y
VL-282,https://static-01.daraz.com.bd/p/0c5ea600c1cdf7fb740591b064251526.jpg,Twin Bell Vintage Alarm Clock - Multicolor,1,Y
VL-282,https://static-01.daraz.com.bd/p/9f6ec61718411b828ae52195d5b8358f.jpg,Twin Bell Vintage Alarm Clock - Multicolor,2,Y
VL-282,https://static-01.daraz.com.bd/p/6e03bae36ebba6a9204443918427ea2f.jpg,Twin Bell Vintage Alarm Clock - Multicolor,3,Y
VL-283,https://static-01.daraz.com.bd/p/aa5209e83b5d7e97d74e77ca21ea6b6a.jpg,Twin Bell Vintage Alarm Clock - Multicolor,1,Y
VL-283,https://static-01.daraz.com.bd/p/0c5ea600c1cdf7fb740591b064251526.jpg,Twin Bell Vintage Alarm Clock - Multicolor,2,Y
VL-283,https://static-01.daraz.com.bd/p/9f6ec61718411b828ae52195d5b8358f.jpg,Twin Bell Vintage Alarm Clock - Multicolor,3,Y
VL-284,https://static-01.daraz.com.bd/p/f2e76d880afba76bc0bd548d3fcc64d6.jpg,Twin Bell Vintage Alarm Clock - Multicolor,1,Y
VL-284,https://static-01.daraz.com.bd/p/0c5ea600c1cdf7fb740591b064251526.jpg,Twin Bell Vintage Alarm Clock - Multicolor,2,Y
VL-284,https://static-01.daraz.com.bd/p/6e03bae36ebba6a9204443918427ea2f.jpg,Twin Bell Vintage Alarm Clock - Multicolor,3,Y
VL-284,https://static-01.daraz.com.bd/p/9f6ec61718411b828ae52195d5b8358f.jpg,Twin Bell Vintage Alarm Clock - Multicolor,4,Y
VL-285,https://static-01.daraz.com.bd/p/fed275c492e210324a6062a240fe386f.jpg,"Metal Analog QHK051R Seiko Alarm Clock, Shape: Round, Packaging Type: Box",1,Y
VL-285,https://static-01.daraz.com.bd/p/10c9750f26bb99fbfa8e1d9edd4e026e.jpg,"Metal Analog QHK051R Seiko Alarm Clock, Shape: Round, Packaging Type: Box",2,Y
VL-286,https://static-01.daraz.com.bd/p/b3b8e3be57f282b9ac015c5e900efb25.jpg,creative household items Retro style kerosene lamp alarm clock,1,Y
VL-286,https://static-01.daraz.com.bd/p/254545c211ddd972393206948c4c12c8.jpg,creative household items Retro style kerosene lamp alarm clock,2,Y
VL-286,https://static-01.daraz.com.bd/p/da0a482b2e2defa776baf3e1879f797d.jpg,creative household items Retro style kerosene lamp alarm clock,3,Y
VL-287,https://static-01.daraz.com.bd/p/ea1f9d21effd64d407c5c6f665ce9e68.jpg,Twin Bell Vintage Alarm Clock - Multicolor,1,Y
VL-287,https://static-01.daraz.com.bd/p/0c5ea600c1cdf7fb740591b064251526.jpg,Twin Bell Vintage Alarm Clock - Multicolor,2,Y
VL-287,https://static-01.daraz.com.bd/p/6e03bae36ebba6a9204443918427ea2f.jpg,Twin Bell Vintage Alarm Clock - Multicolor,3,Y
VL-288,https://static-01.daraz.com.bd/p/2781da01b6efb1f0169189dbb63b176f.jpg,"Antique Vintage Royal Clock Grand Central Station Extra Large 24'' X 35""-Inch Antique Classy Wall Clock - Clock",1,Y
VL-288,https://static-01.daraz.com.bd/p/9457374450b17f2abce6303581626e2f.jpg,"Antique Vintage Royal Clock Grand Central Station Extra Large 24'' X 35""-Inch Antique Classy Wall Clock - Clock",2,Y
VL-289,https://static-01.daraz.com.bd/p/860071c03a86f9f65bb4637addb9f926.jpg,Clock and Photo Frame Chocolate Dark Clock Table Watch - Wall Frame,1,Y
VL-289,https://static-01.daraz.com.bd/p/7ba5909cfed3a3bcea0a17c8b0997e21.jpg,Clock and Photo Frame Chocolate Dark Clock Table Watch - Wall Frame,2,Y
VL-289,https://static-01.daraz.com.bd/p/ff785c8027bd41d042bf2734290d1577.jpg,Clock and Photo Frame Chocolate Dark Clock Table Watch - Wall Frame,3,Y
VL-289,https://static-01.daraz.com.bd/p/3de7fdfef914ed9964a0c02b6e667966.jpg,Clock and Photo Frame Chocolate Dark Clock Table Watch - Wall Frame,4,Y
VL-290,https://static-01.daraz.com.bd/p/ff785c8027bd41d042bf2734290d1577.jpg,ঘড়ি এবং ফটো ফ্রেম চকোলেট ডার্ক ক্লক টেবেল ওয়াচ - Room Decoration,1,Y
VL-290,https://static-01.daraz.com.bd/p/7ba5909cfed3a3bcea0a17c8b0997e21.jpg,ঘড়ি এবং ফটো ফ্রেম চকোলেট ডার্ক ক্লক টেবেল ওয়াচ - Room Decoration,2,Y
VL-290,https://static-01.daraz.com.bd/p/860071c03a86f9f65bb4637addb9f926.jpg,ঘড়ি এবং ফটো ফ্রেম চকোলেট ডার্ক ক্লক টেবেল ওয়াচ - Room Decoration,3,Y
VL-291,https://static-01.daraz.com.bd/p/860071c03a86f9f65bb4637addb9f926.jpg,ঘড়ি এবং ফটো ফ্রেম চকোলেট ডার্ক ক্লক টেবেল ওয়াচ,1,Y
VL-291,https://static-01.daraz.com.bd/p/ff785c8027bd41d042bf2734290d1577.jpg,ঘড়ি এবং ফটো ফ্রেম চকোলেট ডার্ক ক্লক টেবেল ওয়াচ,2,Y
VL-291,https://static-01.daraz.com.bd/p/7ba5909cfed3a3bcea0a17c8b0997e21.jpg,ঘড়ি এবং ফটো ফ্রেম চকোলেট ডার্ক ক্লক টেবেল ওয়াচ,3,Y
VL-291,https://static-01.daraz.com.bd/p/3de7fdfef914ed9964a0c02b6e667966.jpg,ঘড়ি এবং ফটো ফ্রেম চকোলেট ডার্ক ক্লক টেবেল ওয়াচ,4,Y
VL-292,https://static-01.daraz.com.bd/p/b12e8bd9a84cd7d12ec7373869bf1290.jpg,Classic Antique Fiber Made Pendulum Wall Clock - wall clock,1,Y
VL-293,https://static-01.daraz.com.bd/p/254545c211ddd972393206948c4c12c8.jpg,ক্রিয়েটিভ ঘরোয়া আইটেম রেট্রো স্টাইল কেরোসিন ল্যাম্প অ্যালার্ম ক্লক,1,Y
VL-293,https://static-01.daraz.com.bd/p/da0a482b2e2defa776baf3e1879f797d.jpg,ক্রিয়েটিভ ঘরোয়া আইটেম রেট্রো স্টাইল কেরোসিন ল্যাম্প অ্যালার্ম ক্লক,2,Y
VL-293,https://static-01.daraz.com.bd/p/b3b8e3be57f282b9ac015c5e900efb25.jpg,ক্রিয়েটিভ ঘরোয়া আইটেম রেট্রো স্টাইল কেরোসিন ল্যাম্প অ্যালার্ম ক্লক,3,Y
VL-294,https://static-01.daraz.com.bd/p/de1af97c04a28746ff13b29fb1a15490.jpg,Creative Household Items - Vintage Retro Style Kerosene Lamp Alarm Clock - Combine Nostalgia and Functionality in Your Home,1,Y
VL-294,https://static-01.daraz.com.bd/p/254545c211ddd972393206948c4c12c8.jpg,Creative Household Items - Vintage Retro Style Kerosene Lamp Alarm Clock - Combine Nostalgia and Functionality in Your Home,2,Y
VL-294,https://static-01.daraz.com.bd/p/da0a482b2e2defa776baf3e1879f797d.jpg,Creative Household Items - Vintage Retro Style Kerosene Lamp Alarm Clock - Combine Nostalgia and Functionality in Your Home,3,Y
VL-295,https://static-01.daraz.com.bd/p/577412b7c20e01546d02af0a4a147fe8.jpg,60cm 3d রেট্রো ইন্ডাস্ট্রিয়াল বড় গিয়ার ওয়াল ক্লক দেস্টিক কাঠের লাক্সারি আর্ট ভিনটেজ হোম অফিস সজ্জা সরবরাহ,1,Y
VL-295,https://static-01.daraz.com.bd/p/bf9dbf11a633f572c53a31351d8c0235.jpg,60cm 3d রেট্রো ইন্ডাস্ট্রিয়াল বড় গিয়ার ওয়াল ক্লক দেস্টিক কাঠের লাক্সারি আর্ট ভিনটেজ হোম অফিস সজ্জা সরবরাহ,2,Y
VL-296,https://static-01.daraz.com.bd/p/bf9dbf11a633f572c53a31351d8c0235.jpg,60cm 3D Retro Industrial Large Gear Wall Clock Rustic Wooden Luxury Art Vintage Home Office Decoration Supplies,1,Y
VL-296,https://static-01.daraz.com.bd/p/095210f133138cbc12b7faacdb50a7b2.jpg,60cm 3D Retro Industrial Large Gear Wall Clock Rustic Wooden Luxury Art Vintage Home Office Decoration Supplies,2,Y
VL-297,https://static-01.daraz.com.bd/p/88fc9641a6507f453610ae0a313e3f67.jpg,Hurricane Lantern Lamp Vintage Style Kerosene Lamp Classic Retro Oil Lamp Kerosene Citronella  Lamp Classic - Multicolor,1,Y
VL-297,https://static-01.daraz.com.bd/p/8a4290a922b52f6ec03e1d7bc242a67a.jpg,Hurricane Lantern Lamp Vintage Style Kerosene Lamp Classic Retro Oil Lamp Kerosene Citronella  Lamp Classic - Multicolor,2,Y
VL-298,https://static-01.daraz.com.bd/p/d919af8faf7135a4c9f1f9d6af516f99.jpg,"গোল কালো হেমিকো রেইনবো টুইন বেল টেবিল অ্যালার্ম ঘড়ি সাথে নাইট led, সাইজ: 10-5-5 - Multicolor",1,Y
VL-298,https://static-01.daraz.com.bd/p/b8a5d19b18b7010702bf729e1cdc7148.jpg,"গোল কালো হেমিকো রেইনবো টুইন বেল টেবিল অ্যালার্ম ঘড়ি সাথে নাইট led, সাইজ: 10-5-5 - Multicolor",2,Y
VL-298,https://static-01.daraz.com.bd/p/604d14f5c4caa80853168955838df7ca.jpg,"গোল কালো হেমিকো রেইনবো টুইন বেল টেবিল অ্যালার্ম ঘড়ি সাথে নাইট led, সাইজ: 10-5-5 - Multicolor",3,Y
VL-298,https://static-01.daraz.com.bd/p/9c8c005da342f1a919f04c460f69cb1f.jpg,"গোল কালো হেমিকো রেইনবো টুইন বেল টেবিল অ্যালার্ম ঘড়ি সাথে নাইট led, সাইজ: 10-5-5 - Multicolor",4,Y
VL-299,https://static-01.daraz.com.bd/p/1584ca226153656f82772dcb15cafc4b.jpg,"গোল কালো হেমিকো রেইনবো টুইন বেল টেবিল অ্যালার্ম ঘড়ি সাথে নাইট led, সাইজ: 10-5-5 - Multicolor",1,Y
VL-299,https://static-01.daraz.com.bd/p/b8a5d19b18b7010702bf729e1cdc7148.jpg,"গোল কালো হেমিকো রেইনবো টুইন বেল টেবিল অ্যালার্ম ঘড়ি সাথে নাইট led, সাইজ: 10-5-5 - Multicolor",2,Y
VL-299,https://static-01.daraz.com.bd/p/d919af8faf7135a4c9f1f9d6af516f99.jpg,"গোল কালো হেমিকো রেইনবো টুইন বেল টেবিল অ্যালার্ম ঘড়ি সাথে নাইট led, সাইজ: 10-5-5 - Multicolor",3,Y
VL-299,https://static-01.daraz.com.bd/p/677dba5c7a278a0db8bf74514d179d2b.jpg,"গোল কালো হেমিকো রেইনবো টুইন বেল টেবিল অ্যালার্ম ঘড়ি সাথে নাইট led, সাইজ: 10-5-5 - Multicolor",4,Y
VL-299,https://static-01.daraz.com.bd/p/604d14f5c4caa80853168955838df7ca.jpg,"গোল কালো হেমিকো রেইনবো টুইন বেল টেবিল অ্যালার্ম ঘড়ি সাথে নাইট led, সাইজ: 10-5-5 - Multicolor",5,Y
VL-300,https://static-01.daraz.com.bd/p/9c8c005da342f1a919f04c460f69cb1f.jpg,"গোল কালো হেমিকো রেইনবো টুইন বেল টেবিল অ্যালার্ম ঘড়ি সাথে নাইট led, সাইজ: 10-5-5 - Multicolor",1,Y
VL-300,https://static-01.daraz.com.bd/p/d919af8faf7135a4c9f1f9d6af516f99.jpg,"গোল কালো হেমিকো রেইনবো টুইন বেল টেবিল অ্যালার্ম ঘড়ি সাথে নাইট led, সাইজ: 10-5-5 - Multicolor",2,Y
VL-300,https://static-01.daraz.com.bd/p/b8a5d19b18b7010702bf729e1cdc7148.jpg,"গোল কালো হেমিকো রেইনবো টুইন বেল টেবিল অ্যালার্ম ঘড়ি সাথে নাইট led, সাইজ: 10-5-5 - Multicolor",3,Y
VL-300,https://static-01.daraz.com.bd/p/1584ca226153656f82772dcb15cafc4b.jpg,"গোল কালো হেমিকো রেইনবো টুইন বেল টেবিল অ্যালার্ম ঘড়ি সাথে নাইট led, সাইজ: 10-5-5 - Multicolor",4,Y
VL-300,https://static-01.daraz.com.bd/p/604d14f5c4caa80853168955838df7ca.jpg,"গোল কালো হেমিকো রেইনবো টুইন বেল টেবিল অ্যালার্ম ঘড়ি সাথে নাইট led, সাইজ: 10-5-5 - Multicolor",5,Y
VL-301,https://static-01.daraz.com.bd/p/9f302075d8eb7942f376d23899318067.jpg,"Racing Car Musical Toys 360 Degrees Rotating Transparent Concept Racing Car With Music & 3D Flashing Lights For 2-5 Year Kids - Pack of 1, Multicolour - Multicolor",1,Y
VL-301,https://static-01.daraz.com.bd/p/e2a9fc568666fc562731989849b2065e.jpg,"Racing Car Musical Toys 360 Degrees Rotating Transparent Concept Racing Car With Music & 3D Flashing Lights For 2-5 Year Kids - Pack of 1, Multicolour - Multicolor",2,Y
VL-301,https://static-01.daraz.com.bd/p/1478f9df88c473f9605b56cf71656f17.jpg,"Racing Car Musical Toys 360 Degrees Rotating Transparent Concept Racing Car With Music & 3D Flashing Lights For 2-5 Year Kids - Pack of 1, Multicolour - Multicolor",3,Y
VL-301,https://static-01.daraz.com.bd/p/b3097779d19b9116cb38c27507ad9af6.jpg,"Racing Car Musical Toys 360 Degrees Rotating Transparent Concept Racing Car With Music & 3D Flashing Lights For 2-5 Year Kids - Pack of 1, Multicolour - Multicolor",4,Y
VL-301,https://static-01.daraz.com.bd/p/f35fb45b495ecc95f594af3a22b33c5c.jpg,"Racing Car Musical Toys 360 Degrees Rotating Transparent Concept Racing Car With Music & 3D Flashing Lights For 2-5 Year Kids - Pack of 1, Multicolour - Multicolor",5,Y
VL-302,https://static-01.daraz.com.bd/p/7a97773a915df4a0952bdef9a18e8865.jpg,New Born Baby Pillow Set (3 Pieces)-Multicolor,1,Y
VL-302,https://static-01.daraz.com.bd/p/ec53d35687106e9ae2f223c8bfc2d727.jpg,New Born Baby Pillow Set (3 Pieces)-Multicolor,2,Y
VL-302,https://static-01.daraz.com.bd/p/e261647554866f53d62218a59a5d46e2.jpg,New Born Baby Pillow Set (3 Pieces)-Multicolor,3,Y
VL-303,https://static-01.daraz.com.bd/p/ec53d35687106e9ae2f223c8bfc2d727.jpg,New Born Baby Pillow Set (3 Pieces)-Multicolor,1,Y
VL-303,https://static-01.daraz.com.bd/p/7a97773a915df4a0952bdef9a18e8865.jpg,New Born Baby Pillow Set (3 Pieces)-Multicolor,2,Y
VL-303,https://static-01.daraz.com.bd/p/e261647554866f53d62218a59a5d46e2.jpg,New Born Baby Pillow Set (3 Pieces)-Multicolor,3,Y
VL-304,https://static-01.daraz.com.bd/p/e261647554866f53d62218a59a5d46e2.jpg,New Born Baby Pillow Set (3 Pieces)-Multicolor,1,Y
VL-304,https://static-01.daraz.com.bd/p/ec53d35687106e9ae2f223c8bfc2d727.jpg,New Born Baby Pillow Set (3 Pieces)-Multicolor,2,Y
VL-304,https://static-01.daraz.com.bd/p/7a97773a915df4a0952bdef9a18e8865.jpg,New Born Baby Pillow Set (3 Pieces)-Multicolor,3,Y
VL-305,https://static-01.daraz.com.bd/p/e2a9fc568666fc562731989849b2065e.jpg,"Racing Car Musical Toys 360 Degrees Rotating Transparent Concept Racing Car With Music & 3D Flashing Lights For 2-5 Year Kids - Pack of 1, Multicolour - Multicolor",1,Y
VL-305,https://static-01.daraz.com.bd/p/f35fb45b495ecc95f594af3a22b33c5c.jpg,"Racing Car Musical Toys 360 Degrees Rotating Transparent Concept Racing Car With Music & 3D Flashing Lights For 2-5 Year Kids - Pack of 1, Multicolour - Multicolor",2,Y
VL-305,https://static-01.daraz.com.bd/p/9f302075d8eb7942f376d23899318067.jpg,"Racing Car Musical Toys 360 Degrees Rotating Transparent Concept Racing Car With Music & 3D Flashing Lights For 2-5 Year Kids - Pack of 1, Multicolour - Multicolor",3,Y
VL-305,https://static-01.daraz.com.bd/p/b3097779d19b9116cb38c27507ad9af6.jpg,"Racing Car Musical Toys 360 Degrees Rotating Transparent Concept Racing Car With Music & 3D Flashing Lights For 2-5 Year Kids - Pack of 1, Multicolour - Multicolor",4,Y
VL-305,https://static-01.daraz.com.bd/p/1478f9df88c473f9605b56cf71656f17.jpg,"Racing Car Musical Toys 360 Degrees Rotating Transparent Concept Racing Car With Music & 3D Flashing Lights For 2-5 Year Kids - Pack of 1, Multicolour - Multicolor",5,Y
VL-306,https://static-01.daraz.com.bd/p/a2a650046990bb57b25a8c56a5d840f6.jpg,"Racing Car Musical Toys 360 Degrees Rotating Transparent Concept Racing Car With Music & 3D Flashing Lights For 2-5 Year Kids - Pack of 1, Multicolour - Multicolor",1,Y
VL-307,https://static-01.daraz.com.bd/p/6c945f3f9f10e8694faac2a0b92b460b.jpg,Baby Bedding Set (36Inch x 26 Inch)  Multicolor,1,Y
VL-307,https://static-01.daraz.com.bd/p/11d3bf1dc3c3a5483a0d3555adf52bd4.jpg,Baby Bedding Set (36Inch x 26 Inch)  Multicolor,2,Y
VL-308,https://static-01.daraz.com.bd/p/11d3bf1dc3c3a5483a0d3555adf52bd4.jpg,Baby Bedding Set (36Inch x 26 Inch)  Multicolor,1,Y
VL-308,https://static-01.daraz.com.bd/p/6c945f3f9f10e8694faac2a0b92b460b.jpg,Baby Bedding Set (36Inch x 26 Inch)  Multicolor,2,Y
VL-309,https://static-01.daraz.com.bd/p/5a17ea98b7f0abd01aba97652e7b5a97.jpg,Paint Brush Set 7 Pieces Professional Paint Brushes Artist Brushes Nylon Hair Brushes Assorted Shapes for Watercolor Oil Acrylic Painting,1,Y
VL-309,https://static-01.daraz.com.bd/p/52e33e785038d900cd00c1ded8938959.jpg,Paint Brush Set 7 Pieces Professional Paint Brushes Artist Brushes Nylon Hair Brushes Assorted Shapes for Watercolor Oil Acrylic Painting,2,Y
VL-309,https://static-01.daraz.com.bd/p/5e3822878076b81743e320302fad8738.jpg,Paint Brush Set 7 Pieces Professional Paint Brushes Artist Brushes Nylon Hair Brushes Assorted Shapes for Watercolor Oil Acrylic Painting,3,Y
VL-309,https://static-01.daraz.com.bd/p/50257e0da7877aff5dc57948d3779e47.jpg,Paint Brush Set 7 Pieces Professional Paint Brushes Artist Brushes Nylon Hair Brushes Assorted Shapes for Watercolor Oil Acrylic Painting,4,Y
VL-310,https://static-01.daraz.com.bd/p/e73df691f1eff9701f407109ec7f0e5a.jpg,"3 Compartment Dinner Tiffin Box for Office, Inner Stainless Steel Lunch Box, 1.2 L (Multicolor)",1,Y
VL-310,https://static-01.daraz.com.bd/p/b201467526134e952973113a979ca764.jpg,"3 Compartment Dinner Tiffin Box for Office, Inner Stainless Steel Lunch Box, 1.2 L (Multicolor)",2,Y
VL-310,https://static-01.daraz.com.bd/p/1541a4c56c47cacd2c301b10e7c00199.jpg,"3 Compartment Dinner Tiffin Box for Office, Inner Stainless Steel Lunch Box, 1.2 L (Multicolor)",3,Y
VL-310,https://static-01.daraz.com.bd/p/a48064cb2df5a1b72366e84e44bae3b2.jpg,"3 Compartment Dinner Tiffin Box for Office, Inner Stainless Steel Lunch Box, 1.2 L (Multicolor)",4,Y
VL-310,https://static-01.daraz.com.bd/p/3d263e533aab33d4e763d92a108550c1.jpg,"3 Compartment Dinner Tiffin Box for Office, Inner Stainless Steel Lunch Box, 1.2 L (Multicolor)",5,Y
VL-310,https://static-01.daraz.com.bd/p/995212eda6949ce5ec396164072b82cd.jpg,"3 Compartment Dinner Tiffin Box for Office, Inner Stainless Steel Lunch Box, 1.2 L (Multicolor)",6,Y
VL-311,https://static-01.daraz.com.bd/p/97316a97004b0ff6427c92d83f3ed62a.jpg,"3 Compartment Dinner Tiffin Box for Office, Inner Stainless Steel Lunch Box, 1.2 L (Multicolor)",1,Y
VL-311,https://static-01.daraz.com.bd/p/995212eda6949ce5ec396164072b82cd.jpg,"3 Compartment Dinner Tiffin Box for Office, Inner Stainless Steel Lunch Box, 1.2 L (Multicolor)",2,Y
VL-311,https://static-01.daraz.com.bd/p/1541a4c56c47cacd2c301b10e7c00199.jpg,"3 Compartment Dinner Tiffin Box for Office, Inner Stainless Steel Lunch Box, 1.2 L (Multicolor)",3,Y
VL-311,https://static-01.daraz.com.bd/p/e73df691f1eff9701f407109ec7f0e5a.jpg,"3 Compartment Dinner Tiffin Box for Office, Inner Stainless Steel Lunch Box, 1.2 L (Multicolor)",4,Y
VL-311,https://static-01.daraz.com.bd/p/b201467526134e952973113a979ca764.jpg,"3 Compartment Dinner Tiffin Box for Office, Inner Stainless Steel Lunch Box, 1.2 L (Multicolor)",5,Y
VL-311,https://static-01.daraz.com.bd/p/cb4534722f2f557e6dcb5f80788f1926.jpg,"3 Compartment Dinner Tiffin Box for Office, Inner Stainless Steel Lunch Box, 1.2 L (Multicolor)",6,Y
VL-311,https://static-01.daraz.com.bd/p/81eb0101d2e2ee3896989e52c444ec01.jpg,"3 Compartment Dinner Tiffin Box for Office, Inner Stainless Steel Lunch Box, 1.2 L (Multicolor)",7,Y
VL-312,https://static-01.daraz.com.bd/p/b201467526134e952973113a979ca764.jpg,"3 Compartment Dinner Tiffin Box for Office, Inner Stainless Steel Lunch Box, 1.2 L (Multicolor)",1,Y
VL-312,https://static-01.daraz.com.bd/p/e73df691f1eff9701f407109ec7f0e5a.jpg,"3 Compartment Dinner Tiffin Box for Office, Inner Stainless Steel Lunch Box, 1.2 L (Multicolor)",2,Y
VL-312,https://static-01.daraz.com.bd/p/3d263e533aab33d4e763d92a108550c1.jpg,"3 Compartment Dinner Tiffin Box for Office, Inner Stainless Steel Lunch Box, 1.2 L (Multicolor)",3,Y
VL-312,https://static-01.daraz.com.bd/p/cb4534722f2f557e6dcb5f80788f1926.jpg,"3 Compartment Dinner Tiffin Box for Office, Inner Stainless Steel Lunch Box, 1.2 L (Multicolor)",4,Y
VL-312,https://static-01.daraz.com.bd/p/7fef5aedf6c6b334eefdb432784e8e1f.jpg,"3 Compartment Dinner Tiffin Box for Office, Inner Stainless Steel Lunch Box, 1.2 L (Multicolor)",5,Y
VL-312,https://static-01.daraz.com.bd/p/81eb0101d2e2ee3896989e52c444ec01.jpg,"3 Compartment Dinner Tiffin Box for Office, Inner Stainless Steel Lunch Box, 1.2 L (Multicolor)",6,Y
VL-312,https://static-01.daraz.com.bd/p/a48064cb2df5a1b72366e84e44bae3b2.jpg,"3 Compartment Dinner Tiffin Box for Office, Inner Stainless Steel Lunch Box, 1.2 L (Multicolor)",7,Y
VL-313,https://static-01.daraz.com.bd/p/a48064cb2df5a1b72366e84e44bae3b2.jpg,"3 Compartment Dinner Tiffin Box for Office, Inner Stainless Steel Lunch Box, 1.2 L (Multicolor)",1,Y
VL-313,https://static-01.daraz.com.bd/p/29c5b55cd26a9c155ec779581aadd0f0.jpg,"3 Compartment Dinner Tiffin Box for Office, Inner Stainless Steel Lunch Box, 1.2 L (Multicolor)",2,Y
VL-313,https://static-01.daraz.com.bd/p/3d263e533aab33d4e763d92a108550c1.jpg,"3 Compartment Dinner Tiffin Box for Office, Inner Stainless Steel Lunch Box, 1.2 L (Multicolor)",3,Y
VL-313,https://static-01.daraz.com.bd/p/97316a97004b0ff6427c92d83f3ed62a.jpg,"3 Compartment Dinner Tiffin Box for Office, Inner Stainless Steel Lunch Box, 1.2 L (Multicolor)",4,Y
VL-313,https://static-01.daraz.com.bd/p/b201467526134e952973113a979ca764.jpg,"3 Compartment Dinner Tiffin Box for Office, Inner Stainless Steel Lunch Box, 1.2 L (Multicolor)",5,Y
VL-313,https://static-01.daraz.com.bd/p/e73df691f1eff9701f407109ec7f0e5a.jpg,"3 Compartment Dinner Tiffin Box for Office, Inner Stainless Steel Lunch Box, 1.2 L (Multicolor)",6,Y
VL-313,https://static-01.daraz.com.bd/p/81eb0101d2e2ee3896989e52c444ec01.jpg,"3 Compartment Dinner Tiffin Box for Office, Inner Stainless Steel Lunch Box, 1.2 L (Multicolor)",7,Y
VL-313,https://static-01.daraz.com.bd/p/7fef5aedf6c6b334eefdb432784e8e1f.jpg,"3 Compartment Dinner Tiffin Box for Office, Inner Stainless Steel Lunch Box, 1.2 L (Multicolor)",8,Y
VL-314,https://static-01.daraz.com.bd/p/ac191940780780e27c563b0ab8ff4442.jpg,DELI 38252 Desk Organizer Office Butler - 18 Accessories Included (Set) - Multicolor,1,Y
VL-314,https://static-01.daraz.com.bd/p/a5198f75521e3c356fb9be95181edad9.jpg,DELI 38252 Desk Organizer Office Butler - 18 Accessories Included (Set) - Multicolor,2,Y
VL-314,https://static-01.daraz.com.bd/p/bedc56a092a743a0dbf11e57573f73b7.jpg,DELI 38252 Desk Organizer Office Butler - 18 Accessories Included (Set) - Multicolor,3,Y
VL-315,https://static-01.daraz.com.bd/p/1bd920cac4594caa7282535f7661307c.jpg,"ALLAH. MUHUMMAD Likha 2 pieces Beautiful( A.M) plate in Golden colour, ceramic material,",1,Y
VL-315,https://static-01.daraz.com.bd/p/e9f30f3375e4ca6e3e59f23f76619e88.jpg,"ALLAH. MUHUMMAD Likha 2 pieces Beautiful( A.M) plate in Golden colour, ceramic material,",2,Y
VL-316,https://static-01.daraz.com.bd/p/89a40e9d43343526baca6a3f9b9857d6.jpg,Luxury Gold Wall Clock Large Living Room Silent Creative Swing Wall Clock Bedroom Quartz Clocks Wall Home Decor Reloj De Pared,1,Y
VL-316,https://static-01.daraz.com.bd/p/57624a0ad03f0c86dafcbd1da9526035.jpg,Luxury Gold Wall Clock Large Living Room Silent Creative Swing Wall Clock Bedroom Quartz Clocks Wall Home Decor Reloj De Pared,2,Y
VL-316,https://static-01.daraz.com.bd/p/628c5ca2690d6f782db9360c1181cea8.jpg,Luxury Gold Wall Clock Large Living Room Silent Creative Swing Wall Clock Bedroom Quartz Clocks Wall Home Decor Reloj De Pared,3,Y
VL-316,https://static-01.daraz.com.bd/p/1b9b0bf610c06507c235c1bcfe56cecd.jpg,Luxury Gold Wall Clock Large Living Room Silent Creative Swing Wall Clock Bedroom Quartz Clocks Wall Home Decor Reloj De Pared,4,Y
VL-316,https://static-01.daraz.com.bd/p/6cd875b705814cf90646780b93fbd8ab.jpg,Luxury Gold Wall Clock Large Living Room Silent Creative Swing Wall Clock Bedroom Quartz Clocks Wall Home Decor Reloj De Pared,5,Y
VL-317,https://static-01.daraz.com.bd/p/a465357e920f1d213865755c2530c6c1.png,Hearing Protection Ear Muff Ear Protector - Multicolor,1,Y
VL-318,https://static-01.daraz.com.bd/p/48e5edfafd1d4dc713d2dbc2a1644e8d.jpg,LED Display Time Alarm Clock Night Lights Thermoeter Lamp Snooze Rectangle Function Desk Clocks(Multicolor),1,Y
VL-318,https://static-01.daraz.com.bd/p/259ec985cd1e225702469adb07ca6d9d.jpg,LED Display Time Alarm Clock Night Lights Thermoeter Lamp Snooze Rectangle Function Desk Clocks(Multicolor),2,Y
VL-318,https://static-01.daraz.com.bd/p/f8a1e79e2e08787c271cea94b179afb1.jpg,LED Display Time Alarm Clock Night Lights Thermoeter Lamp Snooze Rectangle Function Desk Clocks(Multicolor),3,Y
VL-318,https://static-01.daraz.com.bd/p/3fb88c0c0be9bf7e5a7bb9b61ea93be9.jpg,LED Display Time Alarm Clock Night Lights Thermoeter Lamp Snooze Rectangle Function Desk Clocks(Multicolor),4,Y
VL-318,https://static-01.daraz.com.bd/p/d68e933e75ce1d2f09aff41908f9fd83.jpg,LED Display Time Alarm Clock Night Lights Thermoeter Lamp Snooze Rectangle Function Desk Clocks(Multicolor),5,Y
VL-318,https://static-01.daraz.com.bd/p/b10bb808622a5213c77164986dcbbc10.jpg,LED Display Time Alarm Clock Night Lights Thermoeter Lamp Snooze Rectangle Function Desk Clocks(Multicolor),6,Y
VL-318,https://static-01.daraz.com.bd/p/4ee7299b965ca6f0bc4791b626e7cde7.jpg,LED Display Time Alarm Clock Night Lights Thermoeter Lamp Snooze Rectangle Function Desk Clocks(Multicolor),7,Y
VL-319,https://static-01.daraz.com.bd/p/50f09e7d7a611509046166d874af620a.jpg,LED Display Time Alarm Clock Night Lights Thermoeter Lamp Snooze Rectangle Function Desk Clocks(Multicolor),1,Y
VL-319,https://static-01.daraz.com.bd/p/04037a51c446c1c56c7ccb441deb0c63.jpg,LED Display Time Alarm Clock Night Lights Thermoeter Lamp Snooze Rectangle Function Desk Clocks(Multicolor),2,Y
VL-319,https://static-01.daraz.com.bd/p/ccd63e78abf240f7ffdccdd1355c689c.jpg,LED Display Time Alarm Clock Night Lights Thermoeter Lamp Snooze Rectangle Function Desk Clocks(Multicolor),3,Y
VL-319,https://static-01.daraz.com.bd/p/b10bb808622a5213c77164986dcbbc10.jpg,LED Display Time Alarm Clock Night Lights Thermoeter Lamp Snooze Rectangle Function Desk Clocks(Multicolor),4,Y
VL-320,https://static-01.daraz.com.bd/p/c6042a574b5099830fac340f465ce033.jpg,"Crystal Diamond Faceted Jar with Crystal Lid,Suitable as A Candy Bowl,Cookie Tin,Biscuit Barrel,Decorative Candy Jar Sugar Bowl (Set of 1). - Multicolor",1,Y
VL-320,https://static-01.daraz.com.bd/p/73b94bb7197435923920290655c8d6e5.jpg,"Crystal Diamond Faceted Jar with Crystal Lid,Suitable as A Candy Bowl,Cookie Tin,Biscuit Barrel,Decorative Candy Jar Sugar Bowl (Set of 1). - Multicolor",2,Y
VL-320,https://static-01.daraz.com.bd/p/4afdda9068eb6e5ab1c4460473f251ba.jpg,"Crystal Diamond Faceted Jar with Crystal Lid,Suitable as A Candy Bowl,Cookie Tin,Biscuit Barrel,Decorative Candy Jar Sugar Bowl (Set of 1). - Multicolor",3,Y
VL-320,https://static-01.daraz.com.bd/p/7742bf2238369cae9be90f921e06196e.jpg,"Crystal Diamond Faceted Jar with Crystal Lid,Suitable as A Candy Bowl,Cookie Tin,Biscuit Barrel,Decorative Candy Jar Sugar Bowl (Set of 1). - Multicolor",4,Y
VL-321,https://static-01.daraz.com.bd/p/6f1fb0d5df8f520b5229df4983eced68.jpg,Round Shape Glass Candy Canisters / Valentine'S Gift Clear Chocolate Glass Jar,1,Y
VL-321,https://static-01.daraz.com.bd/p/d55bce7d15c041dd786f39363dd2b80d.jpg,Round Shape Glass Candy Canisters / Valentine'S Gift Clear Chocolate Glass Jar,2,Y
VL-322,https://static-01.daraz.com.bd/p/73b94bb7197435923920290655c8d6e5.jpg,"Crystal Diamond Faceted Jar with Crystal Lid,Suitable as A Candy Bowl,Cookie Tin,Biscuit Barrel,Decorative Candy Jar Sugar Bowl (Set of 1). - Multicolor",1,Y
VL-322,https://static-01.daraz.com.bd/p/4afdda9068eb6e5ab1c4460473f251ba.jpg,"Crystal Diamond Faceted Jar with Crystal Lid,Suitable as A Candy Bowl,Cookie Tin,Biscuit Barrel,Decorative Candy Jar Sugar Bowl (Set of 1). - Multicolor",2,Y
VL-322,https://static-01.daraz.com.bd/p/c6042a574b5099830fac340f465ce033.jpg,"Crystal Diamond Faceted Jar with Crystal Lid,Suitable as A Candy Bowl,Cookie Tin,Biscuit Barrel,Decorative Candy Jar Sugar Bowl (Set of 1). - Multicolor",3,Y
VL-323,https://static-01.daraz.com.bd/p/cc9d2e68a5d3a63ae3847d2760937f16.jpg,"Rotating Office Supplies Organizer Set, Desk Organizer Caddy Gift Set Come with Tape Dispenser, Pens, Stapler, Binder Clips, Sharpener, Scissor, Eraser, Black",1,Y
VL-323,https://static-01.daraz.com.bd/p/2f5b013d42854eb02f0a2a8255d6f186.jpg,"Rotating Office Supplies Organizer Set, Desk Organizer Caddy Gift Set Come with Tape Dispenser, Pens, Stapler, Binder Clips, Sharpener, Scissor, Eraser, Black",2,Y
VL-323,https://static-01.daraz.com.bd/p/7d0858ca1b5c490fb2cfd675d0d0d9c1.jpg,"Rotating Office Supplies Organizer Set, Desk Organizer Caddy Gift Set Come with Tape Dispenser, Pens, Stapler, Binder Clips, Sharpener, Scissor, Eraser, Black",3,Y
VL-323,https://static-01.daraz.com.bd/p/90e14b8c7db2f7b3b90cdb720b9d3fde.jpg,"Rotating Office Supplies Organizer Set, Desk Organizer Caddy Gift Set Come with Tape Dispenser, Pens, Stapler, Binder Clips, Sharpener, Scissor, Eraser, Black",4,Y
VL-323,https://static-01.daraz.com.bd/p/8cc2674765d5193219662ef0f94542e1.jpg,"Rotating Office Supplies Organizer Set, Desk Organizer Caddy Gift Set Come with Tape Dispenser, Pens, Stapler, Binder Clips, Sharpener, Scissor, Eraser, Black",5,Y
VL-323,https://static-01.daraz.com.bd/p/1b15c3e9943cf1f71d9e0639ad0eeb28.jpg,"Rotating Office Supplies Organizer Set, Desk Organizer Caddy Gift Set Come with Tape Dispenser, Pens, Stapler, Binder Clips, Sharpener, Scissor, Eraser, Black",6,Y
VL-323,https://static-01.daraz.com.bd/p/006b7761ec91e16b6c92747df5dc5729.jpg,"Rotating Office Supplies Organizer Set, Desk Organizer Caddy Gift Set Come with Tape Dispenser, Pens, Stapler, Binder Clips, Sharpener, Scissor, Eraser, Black",7,Y
VL-324,https://static-01.daraz.com.bd/p/ccd63e78abf240f7ffdccdd1355c689c.jpg,LED Display Time Alarm Clock Night Lights Thermoeter Lamp Snooze Rectangle Function Desk Clocks(Multicolor),1,Y
VL-324,https://static-01.daraz.com.bd/p/7e2519938c5ad49b38b35fd5de2bbd1b.jpg,LED Display Time Alarm Clock Night Lights Thermoeter Lamp Snooze Rectangle Function Desk Clocks(Multicolor),2,Y
VL-324,https://static-01.daraz.com.bd/p/04037a51c446c1c56c7ccb441deb0c63.jpg,LED Display Time Alarm Clock Night Lights Thermoeter Lamp Snooze Rectangle Function Desk Clocks(Multicolor),3,Y
VL-324,https://static-01.daraz.com.bd/p/b10bb808622a5213c77164986dcbbc10.jpg,LED Display Time Alarm Clock Night Lights Thermoeter Lamp Snooze Rectangle Function Desk Clocks(Multicolor),4,Y
VL-324,https://static-01.daraz.com.bd/p/5f75e25be62e7fefdf73a609965ed46b.jpg,LED Display Time Alarm Clock Night Lights Thermoeter Lamp Snooze Rectangle Function Desk Clocks(Multicolor),5,Y
VL-325,https://static-01.daraz.com.bd/p/70882553a86e465828bca41d81bc9bd3.jpg,Led Display Time Alarm Clock Night Light Thermometer Lamp Snooze Rectangle Function Desk Clocks (Various Colors) (217839932) - Black,1,Y
VL-326,https://static-01.daraz.com.bd/p/f8a1e79e2e08787c271cea94b179afb1.jpg,Led Display Time Alarm Clock Night Light Thermometer Lamp Snooze Rectangle Function Desk Clocks (Various Colors) (217839932) - Multicolor,1,Y
VL-326,https://static-01.daraz.com.bd/p/3fb88c0c0be9bf7e5a7bb9b61ea93be9.jpg,Led Display Time Alarm Clock Night Light Thermometer Lamp Snooze Rectangle Function Desk Clocks (Various Colors) (217839932) - Multicolor,2,Y
VL-326,https://static-01.daraz.com.bd/p/259ec985cd1e225702469adb07ca6d9d.jpg,Led Display Time Alarm Clock Night Light Thermometer Lamp Snooze Rectangle Function Desk Clocks (Various Colors) (217839932) - Multicolor,3,Y
VL-326,https://static-01.daraz.com.bd/p/d68e933e75ce1d2f09aff41908f9fd83.jpg,Led Display Time Alarm Clock Night Light Thermometer Lamp Snooze Rectangle Function Desk Clocks (Various Colors) (217839932) - Multicolor,4,Y
VL-326,https://static-01.daraz.com.bd/p/4ee7299b965ca6f0bc4791b626e7cde7.jpg,Led Display Time Alarm Clock Night Light Thermometer Lamp Snooze Rectangle Function Desk Clocks (Various Colors) (217839932) - Multicolor,5,Y
VL-327,https://static-01.daraz.com.bd/p/66f682dfffe65b73c73b774b03162db8.jpg,"Antique Vintage Royal Clock Grand Central Station Extra Large 24'' x 35""-Inch Antique Classy Wall Clock",1,Y
VL-327,https://static-01.daraz.com.bd/p/bf8643cf936983f6baf556a93402ce33.jpg,"Antique Vintage Royal Clock Grand Central Station Extra Large 24'' x 35""-Inch Antique Classy Wall Clock",2,Y
VL-327,https://static-01.daraz.com.bd/p/b827982cc107b2d9e3254b3fbb6928f8.jpg,"Antique Vintage Royal Clock Grand Central Station Extra Large 24'' x 35""-Inch Antique Classy Wall Clock",3,Y
VL-328,https://static-01.daraz.com.bd/p/27f8415312224eaaa3058318686a9ed0.jpg,DELI 38252 Desk Organizer Office Butler - 18 Accessories Included (Set) - Multicolor,1,Y
VL-328,https://static-01.daraz.com.bd/p/07bd9d2c97cea7eba63cec41482418e0.jpg,DELI 38252 Desk Organizer Office Butler - 18 Accessories Included (Set) - Multicolor,2,Y
VL-329,https://static-01.daraz.com.bd/p/86f24a1823e19ee4d2b419ffd0f97361.jpg,LED Display Time Alarm Clock Night Lights Thermoeter Lamp Snooze Rectangle Function Desk Clocks(Multicolor) - Blue,1,Y
VL-330,https://static-01.daraz.com.bd/p/b1dc896ab3eed54441cd047e0d24acce.png,LED Display Time Alarm Clock Night Lights Thermoeter Lamp Snooze Rectangle Function Desk Clocks(Multicolor) - Red,1,Y
VL-331,https://static-01.daraz.com.bd/p/72a12149a94ea40b8376372f5eb39729.jpg,LED Display Time Alarm Clock Night Lights Thermoeter Lamp Snooze Rectangle Function Desk Clocks(Multicolor) - Multicolor,1,Y
VL-332,https://static-01.daraz.com.bd/p/385277e3fb57f15069c2b3881f1923c2.jpg,LED Display Time Alarm Clock Night Lights Thermoeter Lamp Snooze Rectangle Function Desk Clocks(Multicolor) - White,1,Y
VL-333,https://static-01.daraz.com.bd/p/be784e2a88a86e1a8bb405b0c03b65c5.jpg,LED Display Time Alarm Clock Night Lights Thermoeter Lamp Snooze Rectangle Function Desk Clocks(Multicolor) - Pink,1,Y
VL-334,https://static-01.daraz.com.bd/p/cc5c1afd9b68a6de0b69c1873919f5f6.jpg,LED Display Time Alarm Clock Night Lights Thermoeter Lamp Snooze Rectangle Function Desk Clocks(Multicolor) - Black,1,Y
VL-335,https://static-01.daraz.com.bd/p/7e2519938c5ad49b38b35fd5de2bbd1b.jpg,Thermoeter LED Display Time Alarm Clock Night Lights Thermoeter Lamp Snooze Rectangle Function Desk Clocks(Multicolor),1,Y
VL-335,https://static-01.daraz.com.bd/p/d68e933e75ce1d2f09aff41908f9fd83.jpg,Thermoeter LED Display Time Alarm Clock Night Lights Thermoeter Lamp Snooze Rectangle Function Desk Clocks(Multicolor),2,Y
VL-335,https://static-01.daraz.com.bd/p/3fb88c0c0be9bf7e5a7bb9b61ea93be9.jpg,Thermoeter LED Display Time Alarm Clock Night Lights Thermoeter Lamp Snooze Rectangle Function Desk Clocks(Multicolor),3,Y
VL-335,https://static-01.daraz.com.bd/p/f8a1e79e2e08787c271cea94b179afb1.jpg,Thermoeter LED Display Time Alarm Clock Night Lights Thermoeter Lamp Snooze Rectangle Function Desk Clocks(Multicolor),4,Y
VL-336,https://static-01.daraz.com.bd/p/53f5ff70065eef1bd2341d54f734eb42.jpg,Kids Toys Bouncy Finger Band Ball Elastic Rubber Ball For Wrist Exercise Hand Finger Stiffness Relief Wrist Bounce Ball Outdoor,1,Y
VL-336,https://static-01.daraz.com.bd/p/6c30e989c6790322c9124ddde8268c4c.jpg,Kids Toys Bouncy Finger Band Ball Elastic Rubber Ball For Wrist Exercise Hand Finger Stiffness Relief Wrist Bounce Ball Outdoor,2,Y
VL-336,https://static-01.daraz.com.bd/p/50787e4bf709bb9c995197a9fb8460c8.jpg,Kids Toys Bouncy Finger Band Ball Elastic Rubber Ball For Wrist Exercise Hand Finger Stiffness Relief Wrist Bounce Ball Outdoor,3,Y
VL-336,https://static-01.daraz.com.bd/p/6d803c7ada554a6637c22437af61930c.jpg,Kids Toys Bouncy Finger Band Ball Elastic Rubber Ball For Wrist Exercise Hand Finger Stiffness Relief Wrist Bounce Ball Outdoor,4,Y
VL-337,https://static-01.daraz.com.bd/p/96c58c627137980e964b6b2a3f4035a0.jpg,Heart -shaped ringbox engagement ringbox jewelry Giftbox proposal wedding valentine day anniversary for Christmas,1,Y
VL-337,https://static-01.daraz.com.bd/p/261e54f82f926fa480e7241e1b3d50ee.jpg,Heart -shaped ringbox engagement ringbox jewelry Giftbox proposal wedding valentine day anniversary for Christmas,2,Y
VL-338,https://static-01.daraz.com.bd/p/9e69908e7d48e98cfc5e2caa09be8243.jpg,Europe Metal Makeup Brush Storage Holder Test Tube Eyebrow Pencil Organizer Bead Crystal Jar Jewelry Diamond Cosmetic Box lw037 - Multicolor,1,Y
VL-338,https://static-01.daraz.com.bd/p/e947791a39a4f8eadc928bed32f37e35.jpg,Europe Metal Makeup Brush Storage Holder Test Tube Eyebrow Pencil Organizer Bead Crystal Jar Jewelry Diamond Cosmetic Box lw037 - Multicolor,2,Y
VL-338,https://static-01.daraz.com.bd/p/f90913ec77891e4eb631c7d7454a2d39.jpg,Europe Metal Makeup Brush Storage Holder Test Tube Eyebrow Pencil Organizer Bead Crystal Jar Jewelry Diamond Cosmetic Box lw037 - Multicolor,3,Y
VL-338,https://static-01.daraz.com.bd/p/e9c61fdaa218e80cec6ff3daf27afe50.jpg,Europe Metal Makeup Brush Storage Holder Test Tube Eyebrow Pencil Organizer Bead Crystal Jar Jewelry Diamond Cosmetic Box lw037 - Multicolor,4,Y
VL-339,https://static-01.daraz.com.bd/p/34fc66fb9c94760a8c6006a56e934ce0.jpg,Wind Chimes Vintage Hanging Style Bells For Window Decor - Multicolor,1,Y
VL-339,https://static-01.daraz.com.bd/p/4a9c6ee0740ee0d29ab3b6ac4297953c.jpg,Wind Chimes Vintage Hanging Style Bells For Window Decor - Multicolor,2,Y
VL-339,https://static-01.daraz.com.bd/p/b05386c61693b80c239483439a6f03e4.jpg,Wind Chimes Vintage Hanging Style Bells For Window Decor - Multicolor,3,Y
VL-339,https://static-01.daraz.com.bd/p/b2e854594ea68ad878f95421754d9dff.jpg,Wind Chimes Vintage Hanging Style Bells For Window Decor - Multicolor,4,Y
VL-339,https://static-01.daraz.com.bd/p/0647ed67a554d451c68a14c2a5641cfb.jpg,Wind Chimes Vintage Hanging Style Bells For Window Decor - Multicolor,5,Y
VL-339,https://static-01.daraz.com.bd/p/70bafac64a3bbe9edd027fcd2f96b16f.jpg,Wind Chimes Vintage Hanging Style Bells For Window Decor - Multicolor,6,Y
VL-340,https://static-01.daraz.com.bd/p/4a9c6ee0740ee0d29ab3b6ac4297953c.jpg,Wind Chimes Vintage Hanging Style Bells For Window Decor - Multicolor,1,Y
VL-340,https://static-01.daraz.com.bd/p/b05386c61693b80c239483439a6f03e4.jpg,Wind Chimes Vintage Hanging Style Bells For Window Decor - Multicolor,2,Y
VL-340,https://static-01.daraz.com.bd/p/b2e854594ea68ad878f95421754d9dff.jpg,Wind Chimes Vintage Hanging Style Bells For Window Decor - Multicolor,3,Y
VL-340,https://static-01.daraz.com.bd/p/70bafac64a3bbe9edd027fcd2f96b16f.jpg,Wind Chimes Vintage Hanging Style Bells For Window Decor - Multicolor,4,Y
VL-340,https://static-01.daraz.com.bd/p/0647ed67a554d451c68a14c2a5641cfb.jpg,Wind Chimes Vintage Hanging Style Bells For Window Decor - Multicolor,5,Y
VL-340,https://static-01.daraz.com.bd/p/34fc66fb9c94760a8c6006a56e934ce0.jpg,Wind Chimes Vintage Hanging Style Bells For Window Decor - Multicolor,6,Y
VL-341,https://static-01.daraz.com.bd/p/70bafac64a3bbe9edd027fcd2f96b16f.jpg,Wind Chimes Vintage Hanging Style Bells For Window Decor - Multicolor,1,Y
VL-341,https://static-01.daraz.com.bd/p/b2e854594ea68ad878f95421754d9dff.jpg,Wind Chimes Vintage Hanging Style Bells For Window Decor - Multicolor,2,Y
VL-341,https://static-01.daraz.com.bd/p/0647ed67a554d451c68a14c2a5641cfb.jpg,Wind Chimes Vintage Hanging Style Bells For Window Decor - Multicolor,3,Y
VL-341,https://static-01.daraz.com.bd/p/34fc66fb9c94760a8c6006a56e934ce0.jpg,Wind Chimes Vintage Hanging Style Bells For Window Decor - Multicolor,4,Y
VL-342,https://static-01.daraz.com.bd/p/ddbf82b4aaf0aa875ca17c45113ea675.jpg,New products doll pendant 3D acrylic keychain accessories squid game keychain,1,Y
VL-342,https://static-01.daraz.com.bd/p/da14d9f6c28b9b45aee40b3466126032.jpg,New products doll pendant 3D acrylic keychain accessories squid game keychain,2,Y
VL-342,https://static-01.daraz.com.bd/p/3991ca4d18365339337f65c20d671ff4.jpg,New products doll pendant 3D acrylic keychain accessories squid game keychain,3,Y
VL-342,https://static-01.daraz.com.bd/p/b9d59816f88325eaa32c4ed9493717d7.jpg,New products doll pendant 3D acrylic keychain accessories squid game keychain,4,Y
VL-343,https://bd-live-21.slatic.net/kf/S8aa6a051f354467eb78122fe2346305eQ.jpg,"Football Keychain – Silicone Football Keyring Gift for Boys, Sports Fans, Party Favors & Rewards",1,Y
VL-343,https://static-01.daraz.com.bd/p/e9888f3f5c5b97e07a9febbe843e7d11.jpg,"Football Keychain – Silicone Football Keyring Gift for Boys, Sports Fans, Party Favors & Rewards",2,Y
VL-343,https://static-01.daraz.com.bd/p/f796243d817272f2c2ee14e8d2cd60b7.jpg,"Football Keychain – Silicone Football Keyring Gift for Boys, Sports Fans, Party Favors & Rewards",3,Y
VL-343,https://static-01.daraz.com.bd/p/ddbf82b4aaf0aa875ca17c45113ea675.jpg,"Football Keychain – Silicone Football Keyring Gift for Boys, Sports Fans, Party Favors & Rewards",4,Y
VL-344,https://static-01.daraz.com.bd/p/9f13ef7fb8256bcddf9fadbe8626c809.jpg,Censor Side Table Lamp,1,Y
VL-344,https://static-01.daraz.com.bd/p/861870c086661980d08a1e376b0fe2d5.jpg,Censor Side Table Lamp,2,Y
VL-344,https://static-01.daraz.com.bd/p/4464eef0816b0ee8d5682fb80a1bf2ce.jpg,Censor Side Table Lamp,3,Y
VL-344,https://static-01.daraz.com.bd/p/f095443bbfe5335d2639bca5bc46e5a0.jpg,Censor Side Table Lamp,4,Y
VL-344,https://static-01.daraz.com.bd/p/ed90a7e5c133696eebf064ba54ede75c.jpg,Censor Side Table Lamp,5,Y
VL-345,https://static-01.daraz.com.bd/p/e7e25de8f5c18ca054a2f6f89bf8f57b.jpg,"winging Classical Elegant Wall Clock, Living Room Bedroom Restaurant Creative Silent Quartz Clock, Home Decor Nordic Clock, 37x63cm - Multicolor",1,Y
VL-346,https://static-01.daraz.com.bd/p/8c223f6e0e418908e1e57acce0c6a822.jpg,Squid Game  Face-Mask,1,Y
VL-346,https://static-01.daraz.com.bd/p/be1574d9d49e9638b04f74d508e98399.jpg,Squid Game  Face-Mask,2,Y
VL-346,https://static-01.daraz.com.bd/p/d4e1d956e1af77a6d57fbefb8b227baf.jpg,Squid Game  Face-Mask,3,Y
VL-347,https://static-01.daraz.com.bd/p/056d4b770729f5536afca69f3a5c9821.jpg,"Non-ticking analog alarm clock, creative desk decoration accessory, fine workmanship and practical - Multicolor",1,Y
VL-347,https://static-01.daraz.com.bd/p/627f9215750cf597ce030a36c0f6ff36.jpg,"Non-ticking analog alarm clock, creative desk decoration accessory, fine workmanship and practical - Multicolor",2,Y
VL-347,https://static-01.daraz.com.bd/p/e80825bc41da8dba472a446fb5476321.jpg,"Non-ticking analog alarm clock, creative desk decoration accessory, fine workmanship and practical - Multicolor",3,Y
VL-347,https://static-01.daraz.com.bd/p/268d9d4da334be62b9127cea8279bdea.jpg,"Non-ticking analog alarm clock, creative desk decoration accessory, fine workmanship and practical - Multicolor",4,Y
VL-347,https://static-01.daraz.com.bd/p/8fafb3217797facf5a4dfefdab0fb2e8.jpg,"Non-ticking analog alarm clock, creative desk decoration accessory, fine workmanship and practical - Multicolor",5,Y
VL-348,https://static-01.daraz.com.bd/p/bdbbb4285f2f022a5a069af8b7c30bf3.jpg,"Collectible  Metal & Crystal Taj Mahal Showpiece, Medium, Multicolour - Multicolor",1,Y
VL-348,https://static-01.daraz.com.bd/p/115437197cb4c2b6190a22ba55c06ca5.jpg,"Collectible  Metal & Crystal Taj Mahal Showpiece, Medium, Multicolour - Multicolor",2,Y
VL-348,https://static-01.daraz.com.bd/p/c8e072b7b587665ca9eca679967e5d1a.jpg,"Collectible  Metal & Crystal Taj Mahal Showpiece, Medium, Multicolour - Multicolor",3,Y
VL-348,https://static-01.daraz.com.bd/p/0eb0a910f39e6ae1367dd1146e030c49.jpg,"Collectible  Metal & Crystal Taj Mahal Showpiece, Medium, Multicolour - Multicolor",4,Y
VL-349,https://static-01.daraz.com.bd/p/115437197cb4c2b6190a22ba55c06ca5.jpg,"Collectible  Metal & Crystal Taj Mahal Showpiece, Medium, Multicolour - Multicolor",1,Y
VL-349,https://static-01.daraz.com.bd/p/0eb0a910f39e6ae1367dd1146e030c49.jpg,"Collectible  Metal & Crystal Taj Mahal Showpiece, Medium, Multicolour - Multicolor",2,Y
VL-349,https://static-01.daraz.com.bd/p/bdbbb4285f2f022a5a069af8b7c30bf3.jpg,"Collectible  Metal & Crystal Taj Mahal Showpiece, Medium, Multicolour - Multicolor",3,Y
VL-349,https://static-01.daraz.com.bd/p/c8e072b7b587665ca9eca679967e5d1a.jpg,"Collectible  Metal & Crystal Taj Mahal Showpiece, Medium, Multicolour - Multicolor",4,Y
VL-350,https://static-01.daraz.com.bd/p/d88d2fa073664a1308ca516f70b832d9.jpg,"Non-ticking analog alarm clock, creative desk decoration accessory, fine workmanship and practical - Multicolor",1,Y
VL-350,https://static-01.daraz.com.bd/p/863d6d2c614629e186be1596da4875b2.jpg,"Non-ticking analog alarm clock, creative desk decoration accessory, fine workmanship and practical - Multicolor",2,Y
VL-350,https://static-01.daraz.com.bd/p/a4d862667c12f95cad27826c9abbb0a5.jpg,"Non-ticking analog alarm clock, creative desk decoration accessory, fine workmanship and practical - Multicolor",3,Y
VL-350,https://static-01.daraz.com.bd/p/dd54e603ecae209d9b62b024a72e9021.jpg,"Non-ticking analog alarm clock, creative desk decoration accessory, fine workmanship and practical - Multicolor",4,Y
VL-350,https://static-01.daraz.com.bd/p/56e7ff0deba4335d92713025f6a47eec.jpg,"Non-ticking analog alarm clock, creative desk decoration accessory, fine workmanship and practical - Multicolor",5,Y
VL-351,https://static-01.daraz.com.bd/p/9aa10e41d03683008d702787012db87c.jpg,Motorcycle Alarm Clock Portable Battery Power Desktop Alarm Clock Watch For Children Friends Gift Table Decoration - Multicolor,1,Y
VL-351,https://static-01.daraz.com.bd/p/376e924c26f7a86614283b4954b91528.jpg,Motorcycle Alarm Clock Portable Battery Power Desktop Alarm Clock Watch For Children Friends Gift Table Decoration - Multicolor,2,Y
VL-351,https://static-01.daraz.com.bd/p/9b8c3a091bb2b8c4c4158fb8db35c245.jpg,Motorcycle Alarm Clock Portable Battery Power Desktop Alarm Clock Watch For Children Friends Gift Table Decoration - Multicolor,3,Y
VL-351,https://static-01.daraz.com.bd/p/83fee4e4f9ab1828b39e23339f04e565.jpg,Motorcycle Alarm Clock Portable Battery Power Desktop Alarm Clock Watch For Children Friends Gift Table Decoration - Multicolor,4,Y
VL-351,https://static-01.daraz.com.bd/p/d1ec1b45a1b5c9e1edaa30cabf735aab.jpg,Motorcycle Alarm Clock Portable Battery Power Desktop Alarm Clock Watch For Children Friends Gift Table Decoration - Multicolor,5,Y
VL-352,https://static-01.daraz.com.bd/p/115437197cb4c2b6190a22ba55c06ca5.jpg,"valentine day best gift for husband anad wife, girlfriend, boyfriend, fraind Collectible  Metal & Crystal Taj Mahal Showpiece, Medium, Multicolour",1,Y
VL-352,https://static-01.daraz.com.bd/p/c8e072b7b587665ca9eca679967e5d1a.jpg,"valentine day best gift for husband anad wife, girlfriend, boyfriend, fraind Collectible  Metal & Crystal Taj Mahal Showpiece, Medium, Multicolour",2,Y
VL-353,https://static-01.daraz.com.bd/p/0ead949a3c86d12926af88a7681262de.jpg,"winging Classical Elegant Wall Clock, Living Room Bedroom Restaurant Creative Silent Quartz Clock, Home Decor Nordic Clock, 37x63cm - Multicolor",1,Y
VL-353,https://static-01.daraz.com.bd/p/a77ba4cede76ed99a4a3ba4ed2d3fdf0.jpg,"winging Classical Elegant Wall Clock, Living Room Bedroom Restaurant Creative Silent Quartz Clock, Home Decor Nordic Clock, 37x63cm - Multicolor",2,Y
VL-354,https://static-01.daraz.com.bd/p/a77ba4cede76ed99a4a3ba4ed2d3fdf0.jpg,"winging Classical Elegant Wall Clock, Living Room Bedroom Restaurant Creative Silent Quartz Clock, Home Decor Nordic Clock, 37x63cm - Multicolor",1,Y
VL-355,https://static-01.daraz.com.bd/p/c8e072b7b587665ca9eca679967e5d1a.jpg,Most Popular Valentine's Day Gifts Metal & Crystal Taj Mahal Showpiece,1,Y
VL-355,https://static-01.daraz.com.bd/p/115437197cb4c2b6190a22ba55c06ca5.jpg,Most Popular Valentine's Day Gifts Metal & Crystal Taj Mahal Showpiece,2,Y
VL-355,https://static-01.daraz.com.bd/p/bdbbb4285f2f022a5a069af8b7c30bf3.jpg,Most Popular Valentine's Day Gifts Metal & Crystal Taj Mahal Showpiece,3,Y
VL-356,https://static-01.daraz.com.bd/p/376e924c26f7a86614283b4954b91528.jpg,Motorcycle Alarm Clock Portable Battery Power Desktop Alarm Clock Watch For Children Friends Gift Table Decoration - Multicolor,1,Y
VL-356,https://static-01.daraz.com.bd/p/9b8c3a091bb2b8c4c4158fb8db35c245.jpg,Motorcycle Alarm Clock Portable Battery Power Desktop Alarm Clock Watch For Children Friends Gift Table Decoration - Multicolor,2,Y
VL-356,https://static-01.daraz.com.bd/p/d1ec1b45a1b5c9e1edaa30cabf735aab.jpg,Motorcycle Alarm Clock Portable Battery Power Desktop Alarm Clock Watch For Children Friends Gift Table Decoration - Multicolor,3,Y
VL-356,https://static-01.daraz.com.bd/p/83fee4e4f9ab1828b39e23339f04e565.jpg,Motorcycle Alarm Clock Portable Battery Power Desktop Alarm Clock Watch For Children Friends Gift Table Decoration - Multicolor,4,Y
VL-357,https://static-01.daraz.com.bd/p/af992620dc056ed02cc2e01ec494b9c3.jpg,Lock Korean Creative Color Page Illustration Notebook - Stylish Notepad & Thoughtful Gift - Artistic Inspirational High-Quality,1,Y
VL-357,https://static-01.daraz.com.bd/p/3c09dff9d771d4a635222bfe7a561a77.jpg,Lock Korean Creative Color Page Illustration Notebook - Stylish Notepad & Thoughtful Gift - Artistic Inspirational High-Quality,2,Y
VL-357,https://static-01.daraz.com.bd/p/a8ccf1b8d54bf9509e94842b77931dcd.jpg,Lock Korean Creative Color Page Illustration Notebook - Stylish Notepad & Thoughtful Gift - Artistic Inspirational High-Quality,3,Y
VL-357,https://static-01.daraz.com.bd/p/ebb8c83829294a0a98532037501a76ad.jpg,Lock Korean Creative Color Page Illustration Notebook - Stylish Notepad & Thoughtful Gift - Artistic Inspirational High-Quality,4,Y
VL-358,https://static-01.daraz.com.bd/p/376e924c26f7a86614283b4954b91528.jpg,Motorcycle Alarm Clock Portable Battery Power Desktop Alarm Clock Watch For Children Friends Gift Table Decoration - Multicolor,1,Y
VL-358,https://static-01.daraz.com.bd/p/83fee4e4f9ab1828b39e23339f04e565.jpg,Motorcycle Alarm Clock Portable Battery Power Desktop Alarm Clock Watch For Children Friends Gift Table Decoration - Multicolor,2,Y
VL-358,https://static-01.daraz.com.bd/p/9b8c3a091bb2b8c4c4158fb8db35c245.jpg,Motorcycle Alarm Clock Portable Battery Power Desktop Alarm Clock Watch For Children Friends Gift Table Decoration - Multicolor,3,Y
VL-358,https://static-01.daraz.com.bd/p/d1ec1b45a1b5c9e1edaa30cabf735aab.jpg,Motorcycle Alarm Clock Portable Battery Power Desktop Alarm Clock Watch For Children Friends Gift Table Decoration - Multicolor,4,Y
VL-359,https://static-01.daraz.com.bd/p/9b8c3a091bb2b8c4c4158fb8db35c245.jpg,Motorcycle Alarm Clock Portable Battery Power Desktop Alarm Clock Watch For Children Friends Gift Table Decoration - Yellow,1,Y
VL-360,https://static-01.daraz.com.bd/p/d1ec1b45a1b5c9e1edaa30cabf735aab.jpg,Motorcycle Alarm Clock Portable Battery Power Desktop Alarm Clock Watch For Children Friends Gift Table Decoration - Blue,1,Y
VL-361,https://static-01.daraz.com.bd/p/83fee4e4f9ab1828b39e23339f04e565.jpg,Motorcycle Alarm Clock Portable Battery Power Desktop Alarm Clock Watch For Children Friends Gift Table Decoration - Red,1,Y
VL-362,https://static-01.daraz.com.bd/p/376e924c26f7a86614283b4954b91528.jpg,Motorcycle Alarm Clock Portable Battery Power Desktop Alarm Clock Watch For Children Friends Gift Table Decoration - White,1,Y
VL-363,https://static-01.daraz.com.bd/p/83fee4e4f9ab1828b39e23339f04e565.jpg,Motorcycle Alarm Clock Portable Battery Power Desktop Alarm Clock Watch For Children Friends Gift Table Decoration - Multicolor,1,Y
VL-363,https://static-01.daraz.com.bd/p/9b8c3a091bb2b8c4c4158fb8db35c245.jpg,Motorcycle Alarm Clock Portable Battery Power Desktop Alarm Clock Watch For Children Friends Gift Table Decoration - Multicolor,2,Y
VL-363,https://static-01.daraz.com.bd/p/376e924c26f7a86614283b4954b91528.jpg,Motorcycle Alarm Clock Portable Battery Power Desktop Alarm Clock Watch For Children Friends Gift Table Decoration - Multicolor,3,Y
VL-363,https://static-01.daraz.com.bd/p/d1ec1b45a1b5c9e1edaa30cabf735aab.jpg,Motorcycle Alarm Clock Portable Battery Power Desktop Alarm Clock Watch For Children Friends Gift Table Decoration - Multicolor,4,Y
VL-364,https://static-01.daraz.com.bd/p/8e6f9124c8061d3bb3879e6f473b39ba.jpg,Hurricane Lantern Lamp Vintage Style Kerosene Lamp Classic Retro Oil Lamp Kerosene Citronella  Lamp Classic - Multicolor,1,Y
VL-365,https://static-01.daraz.com.bd/p/ae2fe8c9f52c105030b7d1ed4723a064.jpg,The Old British Retro Alarm Clock Random Color Creative Household Products Retro Style Kerosene Lamp Alarm Clock For Explorer,1,Y
VL-365,https://static-01.daraz.com.bd/p/3975664c2c5fc64690bddb5891a8c10e.jpg,The Old British Retro Alarm Clock Random Color Creative Household Products Retro Style Kerosene Lamp Alarm Clock For Explorer,2,Y
VL-366,https://bd-live-21.slatic.net/kf/Sb40aa4eaa5ee4883869ab8147146c588t.jpg,"Mini Football Keychain / Soccer Ball Keychain – Sports Key Ring for Kids, Gifts, Rewards & Party Favors - Yellow",1,Y
VL-367,https://bd-live-21.slatic.net/kf/S5401cd1c50cd4d9faa0d75650eb59234G.jpg,"Mini Football Keychain / Soccer Ball Keychain – Sports Key Ring for Kids, Gifts, Rewards & Party Favors - Orange",1,Y
VL-368,https://bd-live-21.slatic.net/kf/Sce804ab70e4342a5828886589d021271m.jpg,"Mini Football Keychain / Soccer Ball Keychain – Sports Key Ring for Kids, Gifts, Rewards & Party Favors - Blue",1,Y
VL-369,https://bd-live-21.slatic.net/kf/Sca25b3d771404b1094450ecbc69e1ec3E.jpg,"Mini Football Keychain / Soccer Ball Keychain – Sports Key Ring for Kids, Gifts, Rewards & Party Favors - White",1,Y
VL-370,https://bd-live-21.slatic.net/kf/S838781aab01c4b1789120a6421bbadc3i.jpg,"Mini Football Keychain / Soccer Ball Keychain – Sports Key Ring for Kids, Gifts, Rewards & Party Favors - Pink",1,Y
VL-371,https://bd-live-21.slatic.net/kf/S7d100c36f81441cd82a341686b0fca3dc.jpg,"Mini Football Keychain / Soccer Ball Keychain – Sports Key Ring for Kids, Gifts, Rewards & Party Favors - Multicolor",1,Y
VL-372,https://bd-live-21.slatic.net/kf/S41ab04470b21458ba38116669050067al.jpg,"Mini Football Keychain / Soccer Ball Keychain – Sports Key Ring for Kids, Gifts, Rewards & Party Favors - Red",1,Y
VL-373,https://static-01.daraz.com.bd/p/baea55260565ac7ccbdb22140495d02b.jpg,"3Pcs Oven Proof Glass Serving Dish With Lid- Transparent 3 Pcs Set With Lid. Oven Use And Serving Dish And Bakeware,Oven Proof Glass Serving Dish. - Multicolor",1,Y
VL-373,https://static-01.daraz.com.bd/p/d94cb1e0d255afc8aeb71fe33a227a59.jpg,"3Pcs Oven Proof Glass Serving Dish With Lid- Transparent 3 Pcs Set With Lid. Oven Use And Serving Dish And Bakeware,Oven Proof Glass Serving Dish. - Multicolor",2,Y
VL-374,https://static-01.daraz.com.bd/p/b9739318563fa105a5b5179cb3ec6078.jpg,"Non-ticking analog alarm clock, creative desk decoration accessory, fine workmanship and practical - Multicolor",1,Y
VL-374,https://static-01.daraz.com.bd/p/8fafb3217797facf5a4dfefdab0fb2e8.jpg,"Non-ticking analog alarm clock, creative desk decoration accessory, fine workmanship and practical - Multicolor",2,Y
VL-374,https://static-01.daraz.com.bd/p/627f9215750cf597ce030a36c0f6ff36.jpg,"Non-ticking analog alarm clock, creative desk decoration accessory, fine workmanship and practical - Multicolor",3,Y
VL-375,https://static-01.daraz.com.bd/p/90c1539f6c53378a26996138ca5739a7.jpg,Oven Proof Glass Serving Dish - Transparent 3 Pcs Set - Multicolor,1,Y
VL-376,https://static-01.daraz.com.bd/p/7eb7581715d1b720ae2014c3984d54a6.jpg,"Password book with lock Korean creative color page illustration thick small fresh notebook Notepad love diary school, most popular valentine's day gifts",1,Y
VL-376,https://static-01.daraz.com.bd/p/36acaa063f9fdfade649c92e584984f5.jpg,"Password book with lock Korean creative color page illustration thick small fresh notebook Notepad love diary school, most popular valentine's day gifts",2,Y
VL-377,https://static-01.daraz.com.bd/p/c982c283c32b72ff80aa46615978bc7a.jpg,"Non-ticking analog alarm clock, creative desk decoration accessory, fine workmanship and practical - Multicolor",1,Y
VL-377,https://static-01.daraz.com.bd/p/8fafb3217797facf5a4dfefdab0fb2e8.jpg,"Non-ticking analog alarm clock, creative desk decoration accessory, fine workmanship and practical - Multicolor",2,Y
VL-377,https://static-01.daraz.com.bd/p/268d9d4da334be62b9127cea8279bdea.jpg,"Non-ticking analog alarm clock, creative desk decoration accessory, fine workmanship and practical - Multicolor",3,Y
VL-377,https://static-01.daraz.com.bd/p/dd54e603ecae209d9b62b024a72e9021.jpg,"Non-ticking analog alarm clock, creative desk decoration accessory, fine workmanship and practical - Multicolor",4,Y
VL-377,https://static-01.daraz.com.bd/p/e80825bc41da8dba472a446fb5476321.jpg,"Non-ticking analog alarm clock, creative desk decoration accessory, fine workmanship and practical - Multicolor",5,Y
VL-378,https://static-01.daraz.com.bd/p/14aca684c380e51ec5a2109d1d36ae1e.jpg,Vintage Metal Wall Clock Pendulum Brown Decorative Carved Rustic - Multicolor,1,Y
VL-379,https://static-01.daraz.com.bd/p/8eacd363247d94f39f56b7fa0df743bd.jpg,Vintage Metal Wall Clock Pendulum Brown Decorative Carved Rustic - White,1,Y
VL-379,https://static-01.daraz.com.bd/p/0337bbde5b4020dd1f77b686cd0ff970.jpg,Vintage Metal Wall Clock Pendulum Brown Decorative Carved Rustic - White,2,Y
VL-380,https://static-01.daraz.com.bd/p/ec0fd7c2ac766ce6488b1759061cbfac.jpg,Vintage Metal Wall Clock Pendulum Brown Decorative Carved Rustic - Multicolor,1,Y
VL-380,https://static-01.daraz.com.bd/p/2dffe204106780c789caad39c681efe8.jpg,Vintage Metal Wall Clock Pendulum Brown Decorative Carved Rustic - Multicolor,2,Y
VL-381,https://static-01.daraz.com.bd/p/a4a459ab3a44170cfe52d141fb7e0dad.jpg,Babies Bloom Baby Mosquito  Sleeping Bags ( Package Content:  Mosquito Sleeping Bags) - Multicolor,1,Y
VL-381,https://static-01.daraz.com.bd/p/4a75c7881476613f79533c5dc1b115d9.jpg,Babies Bloom Baby Mosquito  Sleeping Bags ( Package Content:  Mosquito Sleeping Bags) - Multicolor,2,Y
VL-381,https://static-01.daraz.com.bd/p/6aaabd11908c85404e32b6a9145881cf.jpg,Babies Bloom Baby Mosquito  Sleeping Bags ( Package Content:  Mosquito Sleeping Bags) - Multicolor,3,Y
VL-381,https://static-01.daraz.com.bd/p/1737444287dd7bfc318553ccfec401ea.jpg,Babies Bloom Baby Mosquito  Sleeping Bags ( Package Content:  Mosquito Sleeping Bags) - Multicolor,4,Y
VL-382,https://static-01.daraz.com.bd/p/3b109e52eeb384bcbf9f1fe42b7f90f7.jpg,Babies Bloom Baby Mosquito  Sleeping Bags ( Package Content:  Mosquito Sleeping Bags) - Multicolor,1,Y
VL-382,https://static-01.daraz.com.bd/p/a4a459ab3a44170cfe52d141fb7e0dad.jpg,Babies Bloom Baby Mosquito  Sleeping Bags ( Package Content:  Mosquito Sleeping Bags) - Multicolor,2,Y
VL-382,https://static-01.daraz.com.bd/p/c979cd3c4fbe73269353ad9345fc93c2.jpg,Babies Bloom Baby Mosquito  Sleeping Bags ( Package Content:  Mosquito Sleeping Bags) - Multicolor,3,Y
VL-383,https://static-01.daraz.com.bd/p/3b109e52eeb384bcbf9f1fe42b7f90f7.jpg,Babies Bloom Baby Mosquito  Sleeping Bags ( Package Content:  Mosquito Sleeping Bags) - Multicolor,1,Y
VL-383,https://static-01.daraz.com.bd/p/4a75c7881476613f79533c5dc1b115d9.jpg,Babies Bloom Baby Mosquito  Sleeping Bags ( Package Content:  Mosquito Sleeping Bags) - Multicolor,2,Y
VL-383,https://static-01.daraz.com.bd/p/a4a459ab3a44170cfe52d141fb7e0dad.jpg,Babies Bloom Baby Mosquito  Sleeping Bags ( Package Content:  Mosquito Sleeping Bags) - Multicolor,3,Y
VL-383,https://static-01.daraz.com.bd/p/6aaabd11908c85404e32b6a9145881cf.jpg,Babies Bloom Baby Mosquito  Sleeping Bags ( Package Content:  Mosquito Sleeping Bags) - Multicolor,4,Y
VL-384,https://static-01.daraz.com.bd/p/bbe4fae9730c3bb747325bdee3d5eef0.jpg,Hurricane Lantern Lamp Vintage Style Kerosene Lamp Classic Retro Oil Lamp Kerosene Citronella  Lamp Classic - Multicolor,1,Y
VL-385,https://static-01.daraz.com.bd/p/fd7a4e97995b05f84cb358b73ef3b0b1.jpg,"Antique Classy Wall Clock Royal Clock Grand Central Station Extra Large 24'' x 24""-Inch",1,Y
VL-386,https://static-01.daraz.com.bd/p/90c1539f6c53378a26996138ca5739a7.jpg,Oven Proof Glass Serving Dish - Transparent 3 Pcs Set - Multicolor,1,Y
VL-387,https://static-01.daraz.com.bd/p/b65c01765979b117431f04620d24364a.jpg,"Microfiber Water Fountain (20 x 16 x 12 cm, Multicolour)",1,Y
VL-387,https://static-01.daraz.com.bd/p/233cd7ad649531f6575db969b2179fd9.jpg,"Microfiber Water Fountain (20 x 16 x 12 cm, Multicolour)",2,Y
VL-387,https://static-01.daraz.com.bd/p/fe5353b3978a863842fc6e736fc723a6.jpg,"Microfiber Water Fountain (20 x 16 x 12 cm, Multicolour)",3,Y
VL-387,https://static-01.daraz.com.bd/p/c0ae38c9284919c836aa9c903e7aed19.jpg,"Microfiber Water Fountain (20 x 16 x 12 cm, Multicolour)",4,Y
VL-387,https://static-01.daraz.com.bd/p/8e39b383ffdbc0bf2719709b76beee4e.jpg,"Microfiber Water Fountain (20 x 16 x 12 cm, Multicolour)",5,Y
VL-388,https://static-01.daraz.com.bd/p/370dc3093f9b68508447da4c9aeec2cb.jpg,5pcs Assorted Construction Toys Die Cast Metal Construction Vehicles Models Mini Yellow Truck Tractor Cars Toy Set for Kids Toddlers Boys (Styles May Vary),1,Y
VL-388,https://static-01.daraz.com.bd/p/eb41c5f67e5abfe014968d5ccfd8bf73.jpg,5pcs Assorted Construction Toys Die Cast Metal Construction Vehicles Models Mini Yellow Truck Tractor Cars Toy Set for Kids Toddlers Boys (Styles May Vary),2,Y
VL-389,https://static-01.daraz.com.bd/p/e999939fca496f7bdb07a8c4d68a581f.jpg,"Pillar Candle Holders,Crystal Candle Holder with Lid for Pillar Candle,Candlesticks Holder with Crystal Ball for Coffee Dining Table, Wedding, Christmas, Halloween, Home Decor",1,Y
VL-389,https://static-01.daraz.com.bd/p/e7dc2317486ff4069f6f508aac6e43a3.jpg,"Pillar Candle Holders,Crystal Candle Holder with Lid for Pillar Candle,Candlesticks Holder with Crystal Ball for Coffee Dining Table, Wedding, Christmas, Halloween, Home Decor",2,Y
VL-389,https://static-01.daraz.com.bd/p/e1d07cfebe63687b731485f5f2bb0d06.jpg,"Pillar Candle Holders,Crystal Candle Holder with Lid for Pillar Candle,Candlesticks Holder with Crystal Ball for Coffee Dining Table, Wedding, Christmas, Halloween, Home Decor",3,Y
VL-389,https://static-01.daraz.com.bd/p/14c61fed62b5c96add58d897621dc7a0.jpg,"Pillar Candle Holders,Crystal Candle Holder with Lid for Pillar Candle,Candlesticks Holder with Crystal Ball for Coffee Dining Table, Wedding, Christmas, Halloween, Home Decor",4,Y
VL-389,https://static-01.daraz.com.bd/p/01d0b783c124189c2b779e0cc226f37b.jpg,"Pillar Candle Holders,Crystal Candle Holder with Lid for Pillar Candle,Candlesticks Holder with Crystal Ball for Coffee Dining Table, Wedding, Christmas, Halloween, Home Decor",5,Y
VL-389,https://static-01.daraz.com.bd/p/911a4b9c231552f3f5bf0f3230153b90.jpg,"Pillar Candle Holders,Crystal Candle Holder with Lid for Pillar Candle,Candlesticks Holder with Crystal Ball for Coffee Dining Table, Wedding, Christmas, Halloween, Home Decor",6,Y
VL-389,https://static-01.daraz.com.bd/p/c36f3a95764f3ec0445d8e2c779c8954.jpg,"Pillar Candle Holders,Crystal Candle Holder with Lid for Pillar Candle,Candlesticks Holder with Crystal Ball for Coffee Dining Table, Wedding, Christmas, Halloween, Home Decor",7,Y
VL-390,https://bd-live-21.slatic.net/kf/Scbea2a5a31774cb0b659607c05e57980z.jpg,ROTATING MUSIC BOX - guitar,1,Y
VL-391,https://bd-live-21.slatic.net/kf/Sb505d4d5886a4bed850913f9f05c1dfeI.jpg,ROTATING MUSIC BOX - violin,1,Y
VL-392,https://bd-live-21.slatic.net/kf/Scb73ed5981534ce89668ea96dbf38667h.jpg,ROTATING MUSIC BOX - Pipa,1,Y
VL-393,https://static-01.daraz.com.bd/p/71fb2c04375663f51f6f86182667a9c2.jpg,ROTATING MUSIC BOX - Multicolor,1,Y
VL-393,https://static-01.daraz.com.bd/p/d0edd16744ebe725945e5e334c84284e.jpg,ROTATING MUSIC BOX - Multicolor,2,Y
VL-393,https://static-01.daraz.com.bd/p/e8f397dd462187a7c438325dfa4345e1.jpg,ROTATING MUSIC BOX - Multicolor,3,Y
VL-393,https://static-01.daraz.com.bd/p/8a1dbaec10d930908cba4b4adddaf4a4.jpg,ROTATING MUSIC BOX - Multicolor,4,Y
VL-393,https://static-01.daraz.com.bd/p/61c02ba854f9caab67abe9e26e6ef3bf.jpg,ROTATING MUSIC BOX - Multicolor,5,Y
VL-394,https://static-01.daraz.com.bd/p/b6d9c76047215e3da6da8332ad6781ab.jpg,"Antique Classy Wall Clock Royal Clock Grand Central Station Extra Large 30'' x 22""-Inch - Multicolor",1,Y
VL-395,https://static-01.daraz.com.bd/p/ce998a8c286edd2bc4163297869c596e.jpg,Metal Hanging Candle holder - Multicolor,1,Y
VL-396,https://static-01.daraz.com.bd/p/c416ca6b7b9f6ddfed68b5d17ef194de.jpg,Metal Hanging Candle holder - Multicolor,1,Y
VL-397,https://static-01.daraz.com.bd/p/5890951332978be46237b1feb625741b.jpg,Wall Clock Pendulum Brown Decorative Carved Rustic,1,Y
VL-398,https://static-01.daraz.com.bd/p/dea4a39eeeff04742d8cedc5baefe027.jpg,3D Color Famous Crystal Glass Car Model For Gifts & Room Decoration,1,Y
VL-398,https://static-01.daraz.com.bd/p/c13b86118c04e709b5dfe48a129841d8.jpg,3D Color Famous Crystal Glass Car Model For Gifts & Room Decoration,2,Y
VL-398,https://static-01.daraz.com.bd/p/114348438d612c78bbc1baeec3171c2c.jpg,3D Color Famous Crystal Glass Car Model For Gifts & Room Decoration,3,Y
VL-399,https://static-01.daraz.com.bd/p/203e4d7e04ee831382d601295cb9a3ef.jpg,Crystal Organizer  Makeup Brush Holder Cosmetics Tools Organizer Container Pen Pencil Holder Storage Candle Holder - Multicolor,1,Y
VL-399,https://static-01.daraz.com.bd/p/8ee7be3b9cdf02763168b8d2a939319c.jpg,Crystal Organizer  Makeup Brush Holder Cosmetics Tools Organizer Container Pen Pencil Holder Storage Candle Holder - Multicolor,2,Y
VL-399,https://static-01.daraz.com.bd/p/adef6c189b11a9002933d371801b108f.jpg,Crystal Organizer  Makeup Brush Holder Cosmetics Tools Organizer Container Pen Pencil Holder Storage Candle Holder - Multicolor,3,Y
VL-400,https://static-01.daraz.com.bd/p/73039d72a5e0f9a896a54cb3b886f24b.jpg,Mini Suitcase Shape Music Box Kids Toys Gifts For Elise Plastic Music Box Home Office Decoration Birthday Gift,1,Y
VL-400,https://static-01.daraz.com.bd/p/22809226e71692fe378b9bb7799c27d3.jpg,Mini Suitcase Shape Music Box Kids Toys Gifts For Elise Plastic Music Box Home Office Decoration Birthday Gift,2,Y
VL-400,https://static-01.daraz.com.bd/p/3143d03dd984d561ad6fc7a4ae2dd014.jpg,Mini Suitcase Shape Music Box Kids Toys Gifts For Elise Plastic Music Box Home Office Decoration Birthday Gift,3,Y
VL-400,https://static-01.daraz.com.bd/p/a811a2b7fe32b6d4873cd4ac6eb24180.jpg,Mini Suitcase Shape Music Box Kids Toys Gifts For Elise Plastic Music Box Home Office Decoration Birthday Gift,4,Y
VL-400,https://static-01.daraz.com.bd/p/058e94099d3f682b4153b07d25e4baaa.jpg,Mini Suitcase Shape Music Box Kids Toys Gifts For Elise Plastic Music Box Home Office Decoration Birthday Gift,5,Y
VL-400,https://static-01.daraz.com.bd/p/864fd7b966eb7599b859b4fdd785a981.jpg,Mini Suitcase Shape Music Box Kids Toys Gifts For Elise Plastic Music Box Home Office Decoration Birthday Gift,6,Y
VL-400,https://static-01.daraz.com.bd/p/e94a91769c4460f985fefcfc4b3f9d6b.jpg,Mini Suitcase Shape Music Box Kids Toys Gifts For Elise Plastic Music Box Home Office Decoration Birthday Gift,7,Y
VL-401,https://static-01.daraz.com.bd/p/3e909a2f06caad225ef83388d90e24bc.jpg,"Twin Bell Table Clock.Loud Alarm Clock. for Home, Office, Decor, Showpiece Item Best for Kids & Students - Multicolor",1,Y
VL-402,https://static-01.daraz.com.bd/p/8b379abad1e71ed222a88580fe1f16b4.jpg,"Twin Bell Table Clock.Loud Alarm Clock. for Home, Office, Decor, Showpiece Item Best for Kids & Students - Multicolor",1,Y
VL-403,https://static-01.daraz.com.bd/p/93584c3e3a1afbb025ef717585bb66b1.jpg,Oven Proof Glass Serving Dish - Transparent 3 Pcs Set - Multicolor,1,Y
VL-404,https://static-01.daraz.com.bd/p/8d398ddfd898ba757dd50f53e7236f4c.jpg,5 Piece Heat-resistant  Glassware Bowl A Set Of Refrigerator Containers Consisting Of Five PCs With Lid,1,Y
VL-404,https://static-01.daraz.com.bd/p/5e03dafe539ed8731cf576ac5232dba9.jpg,5 Piece Heat-resistant  Glassware Bowl A Set Of Refrigerator Containers Consisting Of Five PCs With Lid,2,Y
VL-404,https://static-01.daraz.com.bd/p/fe6a0daaa6f37055897d83be6ec934ff.jpg,5 Piece Heat-resistant  Glassware Bowl A Set Of Refrigerator Containers Consisting Of Five PCs With Lid,3,Y
VL-404,https://static-01.daraz.com.bd/p/e90076091a4f489e62f8c41f79063bbf.jpg,5 Piece Heat-resistant  Glassware Bowl A Set Of Refrigerator Containers Consisting Of Five PCs With Lid,4,Y
VL-404,https://static-01.daraz.com.bd/p/4107d113a03aa89e624a11231325b142.jpg,5 Piece Heat-resistant  Glassware Bowl A Set Of Refrigerator Containers Consisting Of Five PCs With Lid,5,Y
VL-405,https://static-01.daraz.com.bd/p/f892e8493e007fddb40779e9f3c86290.jpg,Luminarc Multi-one 2pc Small Oval Serving Dish Set N2370 3.8L/1.5L,1,Y
VL-405,https://static-01.daraz.com.bd/p/70af89ef46b6522487f4b50747129e4e.jpg,Luminarc Multi-one 2pc Small Oval Serving Dish Set N2370 3.8L/1.5L,2,Y
VL-405,https://static-01.daraz.com.bd/p/7944815028cd665e8287c29dba9b5249.jpg,Luminarc Multi-one 2pc Small Oval Serving Dish Set N2370 3.8L/1.5L,3,Y
VL-406,https://static-01.daraz.com.bd/p/c743995ac975bdbcfee127c72bf4f151.jpg,"Fruit Basket, 2-Tier Countertop Fruit Bowl, Vegetable Storage, Vegetable Stand Kitchen Storage & Organisation, Fruit Rack Holder, Metal Decorative Baskets for Fruit, Vegetables, Eggs & Snacks",1,Y
VL-406,https://static-01.daraz.com.bd/p/31830520f59ce84c67df1f217c0d5d0c.jpg,"Fruit Basket, 2-Tier Countertop Fruit Bowl, Vegetable Storage, Vegetable Stand Kitchen Storage & Organisation, Fruit Rack Holder, Metal Decorative Baskets for Fruit, Vegetables, Eggs & Snacks",2,Y
VL-406,https://static-01.daraz.com.bd/p/a301009b5391190f92c315af44e31863.jpg,"Fruit Basket, 2-Tier Countertop Fruit Bowl, Vegetable Storage, Vegetable Stand Kitchen Storage & Organisation, Fruit Rack Holder, Metal Decorative Baskets for Fruit, Vegetables, Eggs & Snacks",3,Y
VL-406,https://static-01.daraz.com.bd/p/2d393cd376bedc352547c1441bc146fe.jpg,"Fruit Basket, 2-Tier Countertop Fruit Bowl, Vegetable Storage, Vegetable Stand Kitchen Storage & Organisation, Fruit Rack Holder, Metal Decorative Baskets for Fruit, Vegetables, Eggs & Snacks",4,Y
VL-406,https://static-01.daraz.com.bd/p/20628e4ebc1665214baf1202e938acba.jpg,"Fruit Basket, 2-Tier Countertop Fruit Bowl, Vegetable Storage, Vegetable Stand Kitchen Storage & Organisation, Fruit Rack Holder, Metal Decorative Baskets for Fruit, Vegetables, Eggs & Snacks",5,Y
VL-407,https://static-01.daraz.com.bd/p/504fcf8b8439475809ac231f52b1167f.jpg,Heat Resistant Tea & Coffee Cups Set of 12 Pcs W/Plates Tea & Coffee,1,Y
VL-407,https://static-01.daraz.com.bd/p/5909e50e034eba0352ed0398614d3911.jpg,Heat Resistant Tea & Coffee Cups Set of 12 Pcs W/Plates Tea & Coffee,2,Y
VL-408,https://static-01.daraz.com.bd/p/87ceba9b1100776bdd1e0f3c544752c6.jpg,VESPA LX 1054 WEKER CLOCK - VESPA MOTORCYCLE WEKER CLOCK - CHARACTER WEKER CLOCK - TABLE CLOCK - ALARM CLOCK - Multicolor,1,Y
VL-408,https://static-01.daraz.com.bd/p/7d4bc1af1e657958c3f1cdc9b2ece444.jpg,VESPA LX 1054 WEKER CLOCK - VESPA MOTORCYCLE WEKER CLOCK - CHARACTER WEKER CLOCK - TABLE CLOCK - ALARM CLOCK - Multicolor,2,Y
VL-408,https://static-01.daraz.com.bd/p/0d39ba259b433fe9b816b89018b5b73b.jpg,VESPA LX 1054 WEKER CLOCK - VESPA MOTORCYCLE WEKER CLOCK - CHARACTER WEKER CLOCK - TABLE CLOCK - ALARM CLOCK - Multicolor,3,Y
VL-408,https://static-01.daraz.com.bd/p/5dd98090fdceffdbb00997496c4e39ae.jpg,VESPA LX 1054 WEKER CLOCK - VESPA MOTORCYCLE WEKER CLOCK - CHARACTER WEKER CLOCK - TABLE CLOCK - ALARM CLOCK - Multicolor,4,Y
VL-408,https://static-01.daraz.com.bd/p/a6be05b4b6c61f86c0c9735a601a0b5c.jpg,VESPA LX 1054 WEKER CLOCK - VESPA MOTORCYCLE WEKER CLOCK - CHARACTER WEKER CLOCK - TABLE CLOCK - ALARM CLOCK - Multicolor,5,Y
VL-409,https://static-01.daraz.com.bd/p/cd797ce286d545e6b272b5030c666808.jpg,VESPA LX 1054 WEKER CLOCK - VESPA MOTORCYCLE WEKER CLOCK - CHARACTER WEKER CLOCK - TABLE CLOCK - ALARM CLOCK - Yellow,1,Y
VL-409,https://static-01.daraz.com.bd/p/5dd98090fdceffdbb00997496c4e39ae.jpg,VESPA LX 1054 WEKER CLOCK - VESPA MOTORCYCLE WEKER CLOCK - CHARACTER WEKER CLOCK - TABLE CLOCK - ALARM CLOCK - Yellow,2,Y
VL-410,https://static-01.daraz.com.bd/p/87ceba9b1100776bdd1e0f3c544752c6.jpg,VESPA LX 1054 WEKER CLOCK - VESPA MOTORCYCLE WEKER CLOCK - CHARACTER WEKER CLOCK - TABLE CLOCK - ALARM CLOCK - Pink,1,Y
VL-411,https://static-01.daraz.com.bd/p/7d4bc1af1e657958c3f1cdc9b2ece444.jpg,VESPA LX 1054 WEKER CLOCK - VESPA MOTORCYCLE WEKER CLOCK - CHARACTER WEKER CLOCK - TABLE CLOCK - ALARM CLOCK - Blue,1,Y
VL-411,https://static-01.daraz.com.bd/p/a6be05b4b6c61f86c0c9735a601a0b5c.jpg,VESPA LX 1054 WEKER CLOCK - VESPA MOTORCYCLE WEKER CLOCK - CHARACTER WEKER CLOCK - TABLE CLOCK - ALARM CLOCK - Blue,2,Y
VL-412,https://static-01.daraz.com.bd/p/6e3b5cf16b599deefc1ceaaafe44a416.jpg,Creative boat-shaped windmill music box Personalized student gifts simple wooden desk ornaments,1,Y
VL-412,https://static-01.daraz.com.bd/p/4f97f90cb1db107cd36270fdde8bc8b5.jpg,Creative boat-shaped windmill music box Personalized student gifts simple wooden desk ornaments,2,Y
VL-412,https://static-01.daraz.com.bd/p/59145a454c6891d37a0b32d9bece679a.jpg,Creative boat-shaped windmill music box Personalized student gifts simple wooden desk ornaments,3,Y
VL-412,https://static-01.daraz.com.bd/p/0a373518ef73634600eaed7653c8f786.jpg,Creative boat-shaped windmill music box Personalized student gifts simple wooden desk ornaments,4,Y
VL-412,https://static-01.daraz.com.bd/p/f9ed7c456643e5395a20f3b85e95b7e7.jpg,Creative boat-shaped windmill music box Personalized student gifts simple wooden desk ornaments,5,Y
VL-413,https://static-01.daraz.com.bd/p/004b6678b5e9314bbaef0fcda0a3ed63.jpg,Crystal Chili Figurine Glass Bell Pepper Paper Sheep Class Car Perfume Bottle - Red,1,Y
VL-413,https://static-01.daraz.com.bd/p/4e6a14489b43a60f0e0ea6ead55220b0.jpg,Crystal Chili Figurine Glass Bell Pepper Paper Sheep Class Car Perfume Bottle - Red,2,Y
VL-413,https://static-01.daraz.com.bd/p/de8c7ec2c86b2091f3c2faca7184aacc.jpg,Crystal Chili Figurine Glass Bell Pepper Paper Sheep Class Car Perfume Bottle - Red,3,Y
VL-413,https://static-01.daraz.com.bd/p/81d8455074b9f828d4680db1d425b638.jpg,Crystal Chili Figurine Glass Bell Pepper Paper Sheep Class Car Perfume Bottle - Red,4,Y
VL-414,https://static-01.daraz.com.bd/p/a6dd7c80d9980dccbff4b800f2ed00c7.jpg,Versatile Mesh Organizer for Desk Office Supplies - Includes Pencil Holder and Storage Baskets for Desk Accessories - Sleek Black Design,1,Y
VL-414,https://static-01.daraz.com.bd/p/88d2dffe7f8acd99ece3ead40f470e3e.jpg,Versatile Mesh Organizer for Desk Office Supplies - Includes Pencil Holder and Storage Baskets for Desk Accessories - Sleek Black Design,2,Y
VL-414,https://static-01.daraz.com.bd/p/866864673536719ef72374d391a953ca.jpg,Versatile Mesh Organizer for Desk Office Supplies - Includes Pencil Holder and Storage Baskets for Desk Accessories - Sleek Black Design,3,Y
VL-414,https://static-01.daraz.com.bd/p/e1d951e5f2a385ec0a115b8acb9ea55b.jpg,Versatile Mesh Organizer for Desk Office Supplies - Includes Pencil Holder and Storage Baskets for Desk Accessories - Sleek Black Design,4,Y
VL-414,https://static-01.daraz.com.bd/p/f45ff03f679dea2338246f700816a367.jpg,Versatile Mesh Organizer for Desk Office Supplies - Includes Pencil Holder and Storage Baskets for Desk Accessories - Sleek Black Design,5,Y
VL-415,https://static-01.daraz.com.bd/p/28125c79b4b030d95ef8682355015fa0.jpg,Apple LED K9 Crystal Table Lamp Z50 – Modern Decorative Desk Lamp with E27 LED Bulb High Quality Iron Base for Bedroom Living Room Office,1,Y
VL-415,https://static-01.daraz.com.bd/p/fe64d46f8b576525e62ce9f88f3ff439.jpg,Apple LED K9 Crystal Table Lamp Z50 – Modern Decorative Desk Lamp with E27 LED Bulb High Quality Iron Base for Bedroom Living Room Office,2,Y
VL-415,https://static-01.daraz.com.bd/p/3f87ad796eb8bac597aba83b966a01f5.jpg,Apple LED K9 Crystal Table Lamp Z50 – Modern Decorative Desk Lamp with E27 LED Bulb High Quality Iron Base for Bedroom Living Room Office,3,Y
VL-415,https://static-01.daraz.com.bd/p/8df0a9332d555b9f3adf574318ed92ed.jpg,Apple LED K9 Crystal Table Lamp Z50 – Modern Decorative Desk Lamp with E27 LED Bulb High Quality Iron Base for Bedroom Living Room Office,4,Y
VL-416,https://static-01.daraz.com.bd/p/9bc78f35463f42ac29d5f6e1d2d453a2.jpg,"Beautiful crystal Glass Candle Holder,Ruby Red and Gold Metal Color",1,Y
VL-416,https://static-01.daraz.com.bd/p/307a0ee686e6fd14bcf34c4104f532f0.jpg,"Beautiful crystal Glass Candle Holder,Ruby Red and Gold Metal Color",2,Y
VL-416,https://static-01.daraz.com.bd/p/e5e114cfd222f1be96f64e2421f68237.jpg,"Beautiful crystal Glass Candle Holder,Ruby Red and Gold Metal Color",3,Y
VL-417,https://static-01.daraz.com.bd/p/862708fea5f09d5dfea41020e9bfe15a.jpg,New apple led K9 crystal table lamp led lighting high quality iron desk lamps led lamps E27 led light lustre light Desk Lamp Z50,1,Y
VL-417,https://static-01.daraz.com.bd/p/febb5092d8bac8db611e05eb38239142.jpg,New apple led K9 crystal table lamp led lighting high quality iron desk lamps led lamps E27 led light lustre light Desk Lamp Z50,2,Y
VL-417,https://static-01.daraz.com.bd/p/93350be5ea679b2c12c85030791477ba.jpg,New apple led K9 crystal table lamp led lighting high quality iron desk lamps led lamps E27 led light lustre light Desk Lamp Z50,3,Y
VL-417,https://static-01.daraz.com.bd/p/598a335200dcc9fcc3fa260abf8cc73a.jpg,New apple led K9 crystal table lamp led lighting high quality iron desk lamps led lamps E27 led light lustre light Desk Lamp Z50,4,Y
VL-417,https://static-01.daraz.com.bd/p/fca5964cf33ce2f466831d68b470ed21.jpg,New apple led K9 crystal table lamp led lighting high quality iron desk lamps led lamps E27 led light lustre light Desk Lamp Z50,5,Y
VL-418,https://static-01.daraz.com.bd/p/ec7fc05dcd7f4f1a69d8d07fc88fbbf4.jpg,"5 Arm Candelabra with Hurricane Glass, 30.5 inch Gold",1,Y
VL-419,https://static-01.daraz.com.bd/p/9a767ad65c1b34bce4011e564961e965.jpg,Home Decoration Fiber Eagle and Wooden Base,1,Y
VL-420,https://bd-live.slatic.net/p/74fd54fe0382a960a12e477d26685e9d.jpg,"Vintage Metal Turkish Coffee Pot Set Turkish Tea Set with 6 Luxury Coffee Cups & Craft Tea Tray Teapot for Serving Tea Zamzam Coffee Cappuccino,Gold Silver Ottoman Trim Weddin Gift",1,Y
VL-420,https://bd-live.slatic.net/p/cbb37b97219f79717805cad835877c56.jpg,"Vintage Metal Turkish Coffee Pot Set Turkish Tea Set with 6 Luxury Coffee Cups & Craft Tea Tray Teapot for Serving Tea Zamzam Coffee Cappuccino,Gold Silver Ottoman Trim Weddin Gift",2,Y
VL-421,https://static-01.daraz.com.bd/p/7bc21fb18cdc24fc2f0dcb3b5f9e6c23.jpg,"Emoji Heart Eyes Face Emoticon Cushion Stuffed Plush Soft Pillow, Official Certified, EvZ 32cm Yellow",1,Y
VL-421,https://static-01.daraz.com.bd/p/dcbf7c5589859c15680ed7d3330bad0b.jpg,"Emoji Heart Eyes Face Emoticon Cushion Stuffed Plush Soft Pillow, Official Certified, EvZ 32cm Yellow",2,Y
VL-421,https://static-01.daraz.com.bd/p/dd0b564246f963a9f8bc683cc73728a8.jpg,"Emoji Heart Eyes Face Emoticon Cushion Stuffed Plush Soft Pillow, Official Certified, EvZ 32cm Yellow",3,Y
VL-421,https://static-01.daraz.com.bd/p/5738611b931007cd7d2bfd5a43a40c5e.jpg,"Emoji Heart Eyes Face Emoticon Cushion Stuffed Plush Soft Pillow, Official Certified, EvZ 32cm Yellow",4,Y
VL-422,https://static-01.daraz.com.bd/p/f5778d6a02e324609e73f864c0e32ae6.jpg,Glass Dispenser with Tap Sherbet Dispenser Party Carboy Soft Drink 3lt,1,Y
VL-422,https://static-01.daraz.com.bd/p/1cf74dae611419b1e51b834a1dab1639.jpg,Glass Dispenser with Tap Sherbet Dispenser Party Carboy Soft Drink 3lt,2,Y
VL-422,https://static-01.daraz.com.bd/p/69aef52978d77a7fc59327267e1d92d5.jpg,Glass Dispenser with Tap Sherbet Dispenser Party Carboy Soft Drink 3lt,3,Y
VL-422,https://static-01.daraz.com.bd/p/c37c864acde5774f24b2a6995663c5b5.jpg,Glass Dispenser with Tap Sherbet Dispenser Party Carboy Soft Drink 3lt,4,Y
VL-422,https://static-01.daraz.com.bd/p/9f8766086c0034223abfa8c8d49fe479.jpg,Glass Dispenser with Tap Sherbet Dispenser Party Carboy Soft Drink 3lt,5,Y
VL-422,https://static-01.daraz.com.bd/p/da36600841d3eb01da0a631b23f624d5.jpg,Glass Dispenser with Tap Sherbet Dispenser Party Carboy Soft Drink 3lt,6,Y
VL-423,https://static-01.daraz.com.bd/p/bf871ebbbef80002c9961d17902b3b36.jpg,3 lt Glass Dispenser with Tap Sherbet Dispenser Party Carboy Soft Drink - Multicolor,1,Y
VL-424,https://static-01.daraz.com.bd/p/da36600841d3eb01da0a631b23f624d5.jpg,3 lt Glass Dispenser with Tap Sherbet Dispenser Party Carboy Soft Drink - Multicolor,1,Y
VL-424,https://static-01.daraz.com.bd/p/9f8766086c0034223abfa8c8d49fe479.jpg,3 lt Glass Dispenser with Tap Sherbet Dispenser Party Carboy Soft Drink - Multicolor,2,Y
VL-424,https://static-01.daraz.com.bd/p/1cf74dae611419b1e51b834a1dab1639.jpg,3 lt Glass Dispenser with Tap Sherbet Dispenser Party Carboy Soft Drink - Multicolor,3,Y
VL-424,https://static-01.daraz.com.bd/p/f5778d6a02e324609e73f864c0e32ae6.jpg,3 lt Glass Dispenser with Tap Sherbet Dispenser Party Carboy Soft Drink - Multicolor,4,Y
VL-424,https://static-01.daraz.com.bd/p/69aef52978d77a7fc59327267e1d92d5.jpg,3 lt Glass Dispenser with Tap Sherbet Dispenser Party Carboy Soft Drink - Multicolor,5,Y
VL-424,https://static-01.daraz.com.bd/p/c37c864acde5774f24b2a6995663c5b5.jpg,3 lt Glass Dispenser with Tap Sherbet Dispenser Party Carboy Soft Drink - Multicolor,6,Y
VL-425,https://static-01.daraz.com.bd/p/bc06a392282ade370ebcf59fc60c3d74.jpg,"Teddy Bear Mug Shape Cartoon Plastic Kids Photo Frame 4x6"" - Room Decoration",1,Y
VL-425,https://static-01.daraz.com.bd/p/b2d0170bcbb660a6a06c1dd148ce59d2.jpg,"Teddy Bear Mug Shape Cartoon Plastic Kids Photo Frame 4x6"" - Room Decoration",2,Y
VL-425,https://static-01.daraz.com.bd/p/fe9c88773b857eff2d7e76649c84463b.jpg,"Teddy Bear Mug Shape Cartoon Plastic Kids Photo Frame 4x6"" - Room Decoration",3,Y
VL-425,https://static-01.daraz.com.bd/p/4e262dbd2c02c279c2ad71a55974dca7.jpg,"Teddy Bear Mug Shape Cartoon Plastic Kids Photo Frame 4x6"" - Room Decoration",4,Y
VL-426,https://static-01.daraz.com.bd/p/3f6e7c1388670cf002ce5bf28eb1d820.jpg,Cute Cartoon Sleeping Baby Doll Key chains Fur Ball Plush Fluffy Key Chain For Women Men Bag Pendant Car Key Holder Toys For Children Gift,1,Y
VL-427,https://static-01.daraz.com.bd/p/876d42ebe2f6355b1df532e2d3b1b11e.jpg,Cute Cartoon Sleeping Baby Doll Keychains Fur Ball Plush Fluffy Key Chain For Women Men Bag Pendant Car Key Holder Toys For Children Gift,1,Y
VL-427,https://static-01.daraz.com.bd/p/9da9d9cc74a3ed3362e35be2a77d393f.jpg,Cute Cartoon Sleeping Baby Doll Keychains Fur Ball Plush Fluffy Key Chain For Women Men Bag Pendant Car Key Holder Toys For Children Gift,2,Y
VL-427,https://static-01.daraz.com.bd/p/0a008a237780440f040a67ac6b3b9ee1.jpg,Cute Cartoon Sleeping Baby Doll Keychains Fur Ball Plush Fluffy Key Chain For Women Men Bag Pendant Car Key Holder Toys For Children Gift,3,Y
VL-427,https://static-01.daraz.com.bd/p/24af6d3f34e736e90add9bf0e4bb0cbd.jpg,Cute Cartoon Sleeping Baby Doll Keychains Fur Ball Plush Fluffy Key Chain For Women Men Bag Pendant Car Key Holder Toys For Children Gift,4,Y
VL-427,https://static-01.daraz.com.bd/p/9c36c76d45d0ec13315654a683955ff1.jpg,Cute Cartoon Sleeping Baby Doll Keychains Fur Ball Plush Fluffy Key Chain For Women Men Bag Pendant Car Key Holder Toys For Children Gift,5,Y
VL-427,https://static-01.daraz.com.bd/p/9c57a20c8cea59eae51f5d033a2341cd.jpg,Cute Cartoon Sleeping Baby Doll Keychains Fur Ball Plush Fluffy Key Chain For Women Men Bag Pendant Car Key Holder Toys For Children Gift,6,Y
VL-428,https://static-01.daraz.com.bd/p/a40947a734c916d28d2a5a1ef3e3beba.jpg,Cute Cartoon Sleeping Baby Cute Cartoon Doll Keychains Fur,1,Y
VL-428,https://static-01.daraz.com.bd/p/28b80ae58e1c76576af88e86ff368d5a.jpg,Cute Cartoon Sleeping Baby Cute Cartoon Doll Keychains Fur,2,Y
VL-428,https://static-01.daraz.com.bd/p/a839db29f8386e4f187a2e1094c27cdb.jpg,Cute Cartoon Sleeping Baby Cute Cartoon Doll Keychains Fur,3,Y
VL-428,https://static-01.daraz.com.bd/p/5833966841f0a5ecc7f4b4e33f2673ad.jpg,Cute Cartoon Sleeping Baby Cute Cartoon Doll Keychains Fur,4,Y
VL-428,https://static-01.daraz.com.bd/p/40fc2a88379291fea18852f6b5b676f7.jpg,Cute Cartoon Sleeping Baby Cute Cartoon Doll Keychains Fur,5,Y
VL-428,https://static-01.daraz.com.bd/p/38e208d94257891046cbbcff06802962.jpg,Cute Cartoon Sleeping Baby Cute Cartoon Doll Keychains Fur,6,Y
VL-428,https://static-01.daraz.com.bd/p/edba1166d9f5dbca2b1bc526d0db5379.jpg,Cute Cartoon Sleeping Baby Cute Cartoon Doll Keychains Fur,7,Y
VL-429,https://static-01.daraz.com.bd/p/86bdd36267d95d2d88ec4177b1df221e.jpg,"Toy Cars for 3-6 Year Old Boys, Monster Trucks for Boys Kids Toy Trucks for Boys Age 3 4 5 6 7 Year Old Boys Gifts Birthday",1,Y
VL-429,https://static-01.daraz.com.bd/p/1acdd90590a075fc05f87be88c534c62.jpg,"Toy Cars for 3-6 Year Old Boys, Monster Trucks for Boys Kids Toy Trucks for Boys Age 3 4 5 6 7 Year Old Boys Gifts Birthday",2,Y
VL-429,https://static-01.daraz.com.bd/p/f65bca7a32e69f3e6cf4fd1ae9e48dae.jpg,"Toy Cars for 3-6 Year Old Boys, Monster Trucks for Boys Kids Toy Trucks for Boys Age 3 4 5 6 7 Year Old Boys Gifts Birthday",3,Y
VL-429,https://static-01.daraz.com.bd/p/aa21149aec034e967c6874a2799672a4.jpg,"Toy Cars for 3-6 Year Old Boys, Monster Trucks for Boys Kids Toy Trucks for Boys Age 3 4 5 6 7 Year Old Boys Gifts Birthday",4,Y
VL-429,https://static-01.daraz.com.bd/p/37f51b8dcdd1263c891ff5d52fec46ca.jpg,"Toy Cars for 3-6 Year Old Boys, Monster Trucks for Boys Kids Toy Trucks for Boys Age 3 4 5 6 7 Year Old Boys Gifts Birthday",5,Y
VL-429,https://static-01.daraz.com.bd/p/beb7d807122f01c471eb49c87657909f.jpg,"Toy Cars for 3-6 Year Old Boys, Monster Trucks for Boys Kids Toy Trucks for Boys Age 3 4 5 6 7 Year Old Boys Gifts Birthday",6,Y
VL-430,https://static-01.daraz.com.bd/p/bc4500b880f52daea41afaeb351f3d57.jpg,"Friction Powered Push and Go Flying Car for Kids - Unbreakable Diecast Plastic car Toy, Flying Model Car with Moving Fans - Multicolor",1,Y
VL-430,https://static-01.daraz.com.bd/p/39982aa5b96ee1699494a3400b8300a0.jpg,"Friction Powered Push and Go Flying Car for Kids - Unbreakable Diecast Plastic car Toy, Flying Model Car with Moving Fans - Multicolor",2,Y
VL-430,https://static-01.daraz.com.bd/p/16b7c1e91ee48fd0954c73e9367a768a.jpg,"Friction Powered Push and Go Flying Car for Kids - Unbreakable Diecast Plastic car Toy, Flying Model Car with Moving Fans - Multicolor",3,Y
VL-430,https://static-01.daraz.com.bd/p/7d88f6c88522fb5c2d9547c2bd95494b.jpg,"Friction Powered Push and Go Flying Car for Kids - Unbreakable Diecast Plastic car Toy, Flying Model Car with Moving Fans - Multicolor",4,Y
VL-430,https://static-01.daraz.com.bd/p/5441834fc84ba86e179a6505e538d216.jpg,"Friction Powered Push and Go Flying Car for Kids - Unbreakable Diecast Plastic car Toy, Flying Model Car with Moving Fans - Multicolor",5,Y
VL-431,https://static-01.daraz.com.bd/p/6e25f697feb8ce2d569e844446492728.jpg,Luxury Imitation Wood Grain Retro Silent Swing Wall Clocks Large Pendulum Wall Clocks Living Room Reloj De Pared Modern Design - Multicolor,1,Y
VL-431,https://static-01.daraz.com.bd/p/5f15053cb347205a3560ce0ce2c8f1fa.jpg,Luxury Imitation Wood Grain Retro Silent Swing Wall Clocks Large Pendulum Wall Clocks Living Room Reloj De Pared Modern Design - Multicolor,2,Y
VL-431,https://static-01.daraz.com.bd/p/3c5f4d0c8f48c421600791617a4df8d1.jpg,Luxury Imitation Wood Grain Retro Silent Swing Wall Clocks Large Pendulum Wall Clocks Living Room Reloj De Pared Modern Design - Multicolor,3,Y
VL-431,https://static-01.daraz.com.bd/p/f7ae9e8af76cbab7476df9e457c8f943.jpg,Luxury Imitation Wood Grain Retro Silent Swing Wall Clocks Large Pendulum Wall Clocks Living Room Reloj De Pared Modern Design - Multicolor,4,Y
VL-432,https://static-01.daraz.com.bd/p/62d8e220c60580a3d51cf9def8a1e4b5.jpg,"Friction Powered Push and Go Flying Car for Kids - Unbreakable Diecast Plastic car Toy, Flying Model Car with Moving Fans - Multicolor",1,Y
VL-432,https://static-01.daraz.com.bd/p/f97cff3e8b9f9d5482cc32aa2c6d6188.jpg,"Friction Powered Push and Go Flying Car for Kids - Unbreakable Diecast Plastic car Toy, Flying Model Car with Moving Fans - Multicolor",2,Y
VL-432,https://static-01.daraz.com.bd/p/415498ed00e8ba31fa62311f30433609.jpg,"Friction Powered Push and Go Flying Car for Kids - Unbreakable Diecast Plastic car Toy, Flying Model Car with Moving Fans - Multicolor",3,Y
VL-433,https://static-01.daraz.com.bd/p/6b97d0236c34eb5456903837d300a1a4.jpg,Decorative Desktop Led Night Light With Led Lantern Swing,1,Y
VL-433,https://static-01.daraz.com.bd/p/e3349d4e01d380aeb8a9d2c25e9f6846.jpg,Decorative Desktop Led Night Light With Led Lantern Swing,2,Y
VL-433,https://static-01.daraz.com.bd/p/1a4c09bd47e3864727208c9bb5df3336.jpg,Decorative Desktop Led Night Light With Led Lantern Swing,3,Y
VL-433,https://static-01.daraz.com.bd/p/778ecc53ad11db46ff0e7f516c9cd63a.jpg,Decorative Desktop Led Night Light With Led Lantern Swing,4,Y
VL-433,https://static-01.daraz.com.bd/p/a52580a87b83a63186db9a5252a35767.jpg,Decorative Desktop Led Night Light With Led Lantern Swing,5,Y
VL-434,https://static-01.daraz.com.bd/p/4d91eeaf62c4056d55ebf16e4ce64849.jpg,Rainbow Ball Magic Cube Fidget Toy Puzzle Magic Rainbow Ball Puzzle Fun Fidget,1,Y
VL-434,https://static-01.daraz.com.bd/p/208ace14f056d02641aea27acfc82125.jpg,Rainbow Ball Magic Cube Fidget Toy Puzzle Magic Rainbow Ball Puzzle Fun Fidget,2,Y
VL-434,https://static-01.daraz.com.bd/p/6ac623fc8b766e85eb2d39eef1be29d9.jpg,Rainbow Ball Magic Cube Fidget Toy Puzzle Magic Rainbow Ball Puzzle Fun Fidget,3,Y
VL-434,https://static-01.daraz.com.bd/p/199f1dd062a7ec4c25f5b4dea7118ac9.jpg,Rainbow Ball Magic Cube Fidget Toy Puzzle Magic Rainbow Ball Puzzle Fun Fidget,4,Y
VL-434,https://static-01.daraz.com.bd/p/b8bedd9cbbfcd9907b4c60f4aac749e1.jpg,Rainbow Ball Magic Cube Fidget Toy Puzzle Magic Rainbow Ball Puzzle Fun Fidget,5,Y
VL-435,https://static-01.daraz.com.bd/p/919cae2a3607d0ea55f588764428d47c.jpg,Concept Train Electric Transparent Gear Train Universal Walking Train Colorful Lights Musical Toys Children's Phone Toy Toys For Babies,1,Y
VL-435,https://static-01.daraz.com.bd/p/b1fb9af554ea849d2ecc877e2a4323c4.jpg,Concept Train Electric Transparent Gear Train Universal Walking Train Colorful Lights Musical Toys Children's Phone Toy Toys For Babies,2,Y
VL-435,https://static-01.daraz.com.bd/p/8d967a0bfbabc925cc0c6d6a44bc9fa3.jpg,Concept Train Electric Transparent Gear Train Universal Walking Train Colorful Lights Musical Toys Children's Phone Toy Toys For Babies,3,Y
VL-436,https://static-01.daraz.com.bd/p/cef1986c07e7ddb303c0f07ff41d6fa1.png,"Transparent Gear Fish Toy, Baby Lights Music Light Fish Toy, Newborn Musical Early Educational Toy, Ideal Fish Toy for Floor Play - Multicolor",1,Y
VL-436,https://static-01.daraz.com.bd/p/e66d0d104917be1e798aefe9a2c16a47.png,"Transparent Gear Fish Toy, Baby Lights Music Light Fish Toy, Newborn Musical Early Educational Toy, Ideal Fish Toy for Floor Play - Multicolor",2,Y
VL-436,https://static-01.daraz.com.bd/p/d84dcc848ac02b2da236109c6611d7b1.png,"Transparent Gear Fish Toy, Baby Lights Music Light Fish Toy, Newborn Musical Early Educational Toy, Ideal Fish Toy for Floor Play - Multicolor",3,Y
VL-436,https://static-01.daraz.com.bd/p/044ab71a16b29a0ce8a8bdc8cbae7a36.jpg,"Transparent Gear Fish Toy, Baby Lights Music Light Fish Toy, Newborn Musical Early Educational Toy, Ideal Fish Toy for Floor Play - Multicolor",4,Y
VL-436,https://static-01.daraz.com.bd/p/89a0a95e03c452e1f574e3f51ca1193e.jpg,"Transparent Gear Fish Toy, Baby Lights Music Light Fish Toy, Newborn Musical Early Educational Toy, Ideal Fish Toy for Floor Play - Multicolor",5,Y
VL-436,https://static-01.daraz.com.bd/p/6b3fb4b00279d7b5496c451ea4d9ca28.jpg,"Transparent Gear Fish Toy, Baby Lights Music Light Fish Toy, Newborn Musical Early Educational Toy, Ideal Fish Toy for Floor Play - Multicolor",6,Y
VL-436,https://static-01.daraz.com.bd/p/1e140b6a3733a421a905811e33c2e997.png,"Transparent Gear Fish Toy, Baby Lights Music Light Fish Toy, Newborn Musical Early Educational Toy, Ideal Fish Toy for Floor Play - Multicolor",7,Y
VL-437,https://static-01.daraz.com.bd/p/870ff12fd6e021ce6fd0217cd2689c7f.jpg,"Set of 4 Double-sided Stunt Flip Inertia Car Friction Powered Car Toys Push and Go Toy Cars for Toddlers Powered Pull Back Toys Vehicle 360 Rotation, Gifts for 3 4 5 6 7 8 Year Old Boy and Girl",1,Y
VL-437,https://static-01.daraz.com.bd/p/c23c842e80eadc1737c7e5b6f0bae2ba.jpg,"Set of 4 Double-sided Stunt Flip Inertia Car Friction Powered Car Toys Push and Go Toy Cars for Toddlers Powered Pull Back Toys Vehicle 360 Rotation, Gifts for 3 4 5 6 7 8 Year Old Boy and Girl",2,Y
VL-437,https://static-01.daraz.com.bd/p/0dd5f4935c0e23b61145658d8a085ba4.jpg,"Set of 4 Double-sided Stunt Flip Inertia Car Friction Powered Car Toys Push and Go Toy Cars for Toddlers Powered Pull Back Toys Vehicle 360 Rotation, Gifts for 3 4 5 6 7 8 Year Old Boy and Girl",3,Y
VL-437,https://static-01.daraz.com.bd/p/60f45fd2dcdb9bf394543871c76fad33.jpg,"Set of 4 Double-sided Stunt Flip Inertia Car Friction Powered Car Toys Push and Go Toy Cars for Toddlers Powered Pull Back Toys Vehicle 360 Rotation, Gifts for 3 4 5 6 7 8 Year Old Boy and Girl",4,Y
VL-437,https://static-01.daraz.com.bd/p/cbac1f741547a79992b48fe998b0a65a.jpg,"Set of 4 Double-sided Stunt Flip Inertia Car Friction Powered Car Toys Push and Go Toy Cars for Toddlers Powered Pull Back Toys Vehicle 360 Rotation, Gifts for 3 4 5 6 7 8 Year Old Boy and Girl",5,Y
VL-437,https://static-01.daraz.com.bd/p/1497884e64f11b24c7dd8852fb4ed6ea.jpg,"Set of 4 Double-sided Stunt Flip Inertia Car Friction Powered Car Toys Push and Go Toy Cars for Toddlers Powered Pull Back Toys Vehicle 360 Rotation, Gifts for 3 4 5 6 7 8 Year Old Boy and Girl",6,Y
VL-437,https://static-01.daraz.com.bd/p/b2e852952c3abcea550959735207e59e.jpg,"Set of 4 Double-sided Stunt Flip Inertia Car Friction Powered Car Toys Push and Go Toy Cars for Toddlers Powered Pull Back Toys Vehicle 360 Rotation, Gifts for 3 4 5 6 7 8 Year Old Boy and Girl",7,Y
VL-437,https://static-01.daraz.com.bd/p/71282e5487d0a0d49709821cec29756d.jpg,"Set of 4 Double-sided Stunt Flip Inertia Car Friction Powered Car Toys Push and Go Toy Cars for Toddlers Powered Pull Back Toys Vehicle 360 Rotation, Gifts for 3 4 5 6 7 8 Year Old Boy and Girl",8,Y
VL-438,https://static-01.daraz.com.bd/p/e7f6697385a4f2b0eb2496ebc3467ded.jpg,2 in 1 Deformation Transform RC Robot Car Toy for Kids - Assorted,1,Y
VL-438,https://static-01.daraz.com.bd/p/c077845d415e8095948064bce83bee9a.jpg,2 in 1 Deformation Transform RC Robot Car Toy for Kids - Assorted,2,Y
VL-438,https://static-01.daraz.com.bd/p/d1a19dd6320657b13446dd39f1076266.jpg,2 in 1 Deformation Transform RC Robot Car Toy for Kids - Assorted,3,Y
VL-438,https://static-01.daraz.com.bd/p/bd4914099e9fceaec3be12c9340f32dd.jpg,2 in 1 Deformation Transform RC Robot Car Toy for Kids - Assorted,4,Y
VL-438,https://static-01.daraz.com.bd/p/9dc0c0d4779512bcc65c0e18563843cb.jpg,2 in 1 Deformation Transform RC Robot Car Toy for Kids - Assorted,5,Y
VL-438,https://static-01.daraz.com.bd/p/137c39b735fb63988f58396b93368de7.jpg,2 in 1 Deformation Transform RC Robot Car Toy for Kids - Assorted,6,Y
VL-439,https://static-01.daraz.com.bd/p/ef620d3b79a2f60393af3d1793c9bf10.jpg,1:16 Xf-Emulation Model Rechargeable Remote Control RC Car For Kids,1,Y
VL-439,https://static-01.daraz.com.bd/p/1518c242f7e21fcb96162053b47f255c.jpg,1:16 Xf-Emulation Model Rechargeable Remote Control RC Car For Kids,2,Y
VL-439,https://static-01.daraz.com.bd/p/5d8c14cc0a6d27b097729c499772d38f.jpg,1:16 Xf-Emulation Model Rechargeable Remote Control RC Car For Kids,3,Y
VL-439,https://static-01.daraz.com.bd/p/fc97e3884349838dd9930dcdadb940bc.jpg,1:16 Xf-Emulation Model Rechargeable Remote Control RC Car For Kids,4,Y
VL-439,https://static-01.daraz.com.bd/p/d9ee6442bd32205640bfd855914737fe.jpg,1:16 Xf-Emulation Model Rechargeable Remote Control RC Car For Kids,5,Y
VL-439,https://static-01.daraz.com.bd/p/7cc919f28af041f50530a96dd2768abf.jpg,1:16 Xf-Emulation Model Rechargeable Remote Control RC Car For Kids,6,Y
VL-440,https://static-01.daraz.com.bd/p/1daa585f00f469b1362e1845756e6db4.jpg,Oven Proof Glass Serving Dish - Transparent 6.Pcs Set. Oven Use And Serving Dish And Bakeware. Oven Proof Glass Serving Dish - Transparent 6 Pcs Set. Oven Use And Oven Proof Glass Serving Dish - Transparent 6 Pcs Set. Oven Use,1,Y
VL-440,https://static-01.daraz.com.bd/p/d83b30799be7d4f9f26144d2186c9f1e.jpg,Oven Proof Glass Serving Dish - Transparent 6.Pcs Set. Oven Use And Serving Dish And Bakeware. Oven Proof Glass Serving Dish - Transparent 6 Pcs Set. Oven Use And Oven Proof Glass Serving Dish - Transparent 6 Pcs Set. Oven Use,2,Y
VL-440,https://static-01.daraz.com.bd/p/1ad4415e0b6f82d8804c788fb5989ae4.jpg,Oven Proof Glass Serving Dish - Transparent 6.Pcs Set. Oven Use And Serving Dish And Bakeware. Oven Proof Glass Serving Dish - Transparent 6 Pcs Set. Oven Use And Oven Proof Glass Serving Dish - Transparent 6 Pcs Set. Oven Use,3,Y
VL-440,https://static-01.daraz.com.bd/p/8f256a581dcf259c6681c44b412e6637.jpg,Oven Proof Glass Serving Dish - Transparent 6.Pcs Set. Oven Use And Serving Dish And Bakeware. Oven Proof Glass Serving Dish - Transparent 6 Pcs Set. Oven Use And Oven Proof Glass Serving Dish - Transparent 6 Pcs Set. Oven Use,4,Y
VL-440,https://static-01.daraz.com.bd/p/581662ccb9af8f504adc29253017929b.jpg,Oven Proof Glass Serving Dish - Transparent 6.Pcs Set. Oven Use And Serving Dish And Bakeware. Oven Proof Glass Serving Dish - Transparent 6 Pcs Set. Oven Use And Oven Proof Glass Serving Dish - Transparent 6 Pcs Set. Oven Use,5,Y
VL-441,https://static-01.daraz.com.bd/p/61e39400c75e87a6132129802843a5e4.jpg,"Oval Glass Roaster, 3 pcs Oven Proof",1,Y
VL-441,https://static-01.daraz.com.bd/p/a668a02f820ea3aaa7d8c57ad4988ee7.jpg,"Oval Glass Roaster, 3 pcs Oven Proof",2,Y
VL-441,https://static-01.daraz.com.bd/p/efa9c955e5fa65c622e78d482bc9a527.jpg,"Oval Glass Roaster, 3 pcs Oven Proof",3,Y
VL-441,https://static-01.daraz.com.bd/p/25e59995ac15d75283468488ee3d6aa3.jpg,"Oval Glass Roaster, 3 pcs Oven Proof",4,Y
VL-442,https://static-01.daraz.com.bd/p/045aed95d0d47345565c59158f2b9d40.jpg,Oven Proof Glass Serving Dish - Transparent 6.Pcs Set. Oven Use And Serving Dish And Bakeware. Oven Proof Glass Serving Dish - Transparent 6 Pcs Set. Oven Use And Oven Proof Glass Serving Dish - Transparent 6 Pcs Set. Oven Use,1,Y
VL-442,https://static-01.daraz.com.bd/p/d83b30799be7d4f9f26144d2186c9f1e.jpg,Oven Proof Glass Serving Dish - Transparent 6.Pcs Set. Oven Use And Serving Dish And Bakeware. Oven Proof Glass Serving Dish - Transparent 6 Pcs Set. Oven Use And Oven Proof Glass Serving Dish - Transparent 6 Pcs Set. Oven Use,2,Y
VL-442,https://static-01.daraz.com.bd/p/1ad4415e0b6f82d8804c788fb5989ae4.jpg,Oven Proof Glass Serving Dish - Transparent 6.Pcs Set. Oven Use And Serving Dish And Bakeware. Oven Proof Glass Serving Dish - Transparent 6 Pcs Set. Oven Use And Oven Proof Glass Serving Dish - Transparent 6 Pcs Set. Oven Use,3,Y
VL-442,https://static-01.daraz.com.bd/p/8f256a581dcf259c6681c44b412e6637.jpg,Oven Proof Glass Serving Dish - Transparent 6.Pcs Set. Oven Use And Serving Dish And Bakeware. Oven Proof Glass Serving Dish - Transparent 6 Pcs Set. Oven Use And Oven Proof Glass Serving Dish - Transparent 6 Pcs Set. Oven Use,4,Y
VL-442,https://static-01.daraz.com.bd/p/581662ccb9af8f504adc29253017929b.jpg,Oven Proof Glass Serving Dish - Transparent 6.Pcs Set. Oven Use And Serving Dish And Bakeware. Oven Proof Glass Serving Dish - Transparent 6 Pcs Set. Oven Use And Oven Proof Glass Serving Dish - Transparent 6 Pcs Set. Oven Use,5,Y
VL-442,https://static-01.daraz.com.bd/p/1daa585f00f469b1362e1845756e6db4.jpg,Oven Proof Glass Serving Dish - Transparent 6.Pcs Set. Oven Use And Serving Dish And Bakeware. Oven Proof Glass Serving Dish - Transparent 6 Pcs Set. Oven Use And Oven Proof Glass Serving Dish - Transparent 6 Pcs Set. Oven Use,6,Y
VL-442,https://static-01.daraz.com.bd/p/8a0086556ac67b31e1b5250575c9e790.jpg,Oven Proof Glass Serving Dish - Transparent 6.Pcs Set. Oven Use And Serving Dish And Bakeware. Oven Proof Glass Serving Dish - Transparent 6 Pcs Set. Oven Use And Oven Proof Glass Serving Dish - Transparent 6 Pcs Set. Oven Use,7,Y
VL-443,https://static-01.daraz.com.bd/p/6e0c40fbd96cef9a0ff937b004b50ade.jpg,Oven Proof Glass Serving Dish - Transparent 4 Pcs Set. Oven Use And Serving Dish And Bakeware. Oven Proof Glass Serving Dish - Transparent 4 Pcs Set. Oven Use And Serving Dish And Bakeware.,1,Y
VL-443,https://static-01.daraz.com.bd/p/1195372a7798f80b71dbe671fb1c9a04.jpg,Oven Proof Glass Serving Dish - Transparent 4 Pcs Set. Oven Use And Serving Dish And Bakeware. Oven Proof Glass Serving Dish - Transparent 4 Pcs Set. Oven Use And Serving Dish And Bakeware.,2,Y
VL-443,https://static-01.daraz.com.bd/p/58515651f6fba0d5ae4c5d3d3e2237a8.jpg,Oven Proof Glass Serving Dish - Transparent 4 Pcs Set. Oven Use And Serving Dish And Bakeware. Oven Proof Glass Serving Dish - Transparent 4 Pcs Set. Oven Use And Serving Dish And Bakeware.,3,Y
VL-444,https://static-01.daraz.com.bd/p/ba98e70373be749e4f8f2f94cef5c3bf.jpg,Oven Proof Glass Serving Dish - Transparent 3 Pcs Set,1,Y
VL-444,https://static-01.daraz.com.bd/p/ef126a4a52a02f8f89b53e998bcb5d50.jpg,Oven Proof Glass Serving Dish - Transparent 3 Pcs Set,2,Y
VL-445,https://static-01.daraz.com.bd/p/5201b8fe86f04998762a2ab21f068757.jpg,Badminton Shaped Desk Clock - Badminton Style Modern Design Table Clock,1,Y
VL-445,https://static-01.daraz.com.bd/p/7d5d893c9ae751dd0ccabc3b73388967.jpg,Badminton Shaped Desk Clock - Badminton Style Modern Design Table Clock,2,Y
VL-445,https://static-01.daraz.com.bd/p/ae4011a0b3337ffee54b38e2d92b2216.jpg,Badminton Shaped Desk Clock - Badminton Style Modern Design Table Clock,3,Y
VL-446,https://static-01.daraz.com.bd/p/adf7d7e6385bd9483bcd63b57c8af2ed.jpg,"4 Pcs Oven Proof Glass Serving Dish Set / Bati Set - 3.6L, 2.5L, 1.6L,1L",1,Y
VL-447,https://static-01.daraz.com.bd/p/b2549e43ed5c1e4e4ac301060e006f18.jpg,Unique Beautiful Home Decoration Wall Clock - Multicolor,1,Y
VL-447,https://static-01.daraz.com.bd/p/47684f79267b4f01a746df90a4146b58.jpg,Unique Beautiful Home Decoration Wall Clock - Multicolor,2,Y
VL-447,https://static-01.daraz.com.bd/p/6428634feb7021f8bcbd10d392bff7ae.jpg,Unique Beautiful Home Decoration Wall Clock - Multicolor,3,Y
VL-447,https://static-01.daraz.com.bd/p/09a8aaab3f9b6939f3aa3c2b7e712c13.jpg,Unique Beautiful Home Decoration Wall Clock - Multicolor,4,Y
VL-447,https://static-01.daraz.com.bd/p/34bb3173d7766b82ffd273152b4815fe.jpg,Unique Beautiful Home Decoration Wall Clock - Multicolor,5,Y
VL-447,https://static-01.daraz.com.bd/p/a0c090f9abb97ffd703b5db13bcabc24.jpg,Unique Beautiful Home Decoration Wall Clock - Multicolor,6,Y
VL-447,https://static-01.daraz.com.bd/p/9c3f4e1aea07e0cadfaef2b79fd4bf6c.jpg,Unique Beautiful Home Decoration Wall Clock - Multicolor,7,Y
VL-448,https://static-01.daraz.com.bd/p/17b10a9da3512ba005563e0176ed0fca.jpg,"Decorative wall clock (with a mirror element), L63 W6 H63 cm",1,Y
VL-448,https://static-01.daraz.com.bd/p/635ed2d617c3e47b27f6e6bdcfdf050d.jpg,"Decorative wall clock (with a mirror element), L63 W6 H63 cm",2,Y
VL-448,https://static-01.daraz.com.bd/p/c520990361ee1aa7b771d10595406683.jpg,"Decorative wall clock (with a mirror element), L63 W6 H63 cm",3,Y
VL-448,https://static-01.daraz.com.bd/p/7c9e63b47a72ab8e054786e94b2ee9fa.jpg,"Decorative wall clock (with a mirror element), L63 W6 H63 cm",4,Y
VL-449,https://static-01.daraz.com.bd/p/c0e1a04a2b462bb20a3c41458cd69f83.jpg,"Decorative wall clock, L54 W6 H75 cm,",1,Y
VL-450,https://static-01.daraz.com.bd/p/1d5901e5ac005eca98f7f4f8587cd231.jpg,"Traditional, Decorative, Hand Painted Modern Wall Clock Fancy Ethnic Luxury Handmade Decoration (SIZE : 51cm X 6cm X 51cm) - Multicolor",1,Y
VL-451,https://static-01.daraz.com.bd/p/0da62d441eca6f5c8e43f112c606c149.jpg,"Traditional, Decorative, Hand Painted Modern Wall Clock Fancy Ethnic Luxury Handmade Decoration (SIZE : 50cm X 6cm X 50cm)",1,Y
VL-452,https://static-01.daraz.com.bd/p/348b47afea54e8c502673dc06f875734.jpg,"Traditional, Decorative, Hand Painted Modern Wall Clock Fancy Ethnic Luxury Handmade Decoration (SIZE : 51cm X 6cm X 51cm) - Multicolor",1,Y
VL-453,https://static-01.daraz.com.bd/p/a7f70c021b0cf3bdff93b9a72f9b8d0e.jpg,"Antique Classy Wall Clock Royal Clock Grand Central Station Extra Large 30'' x 22""-Inch - Multicolor",1,Y
VL-453,https://static-01.daraz.com.bd/p/68d8288d10caf2310216d7f518092870.jpg,"Antique Classy Wall Clock Royal Clock Grand Central Station Extra Large 30'' x 22""-Inch - Multicolor",2,Y
VL-454,https://static-01.daraz.com.bd/p/81348799cd2585fb1391449bdb42dcea.jpg,"Decorative wall clock (with a mirror element), L66 X H66 cm",1,Y
VL-454,https://static-01.daraz.com.bd/p/40b5ac929c1e5ee20932e8689f74eb74.jpg,"Decorative wall clock (with a mirror element), L66 X H66 cm",2,Y
VL-455,https://static-01.daraz.com.bd/p/3611b15d54d464becfe2724d7926b35a.jpg,Crystal Apple Tree Artificial Tree Crystal Ornaments Decor for Home Living Room Office Bar Desk Party Wedding Decoration Birthday Festival,1,Y
VL-455,https://static-01.daraz.com.bd/p/12049a0cd62dce5058bc86b2031c4ea6.jpg,Crystal Apple Tree Artificial Tree Crystal Ornaments Decor for Home Living Room Office Bar Desk Party Wedding Decoration Birthday Festival,2,Y
VL-455,https://static-01.daraz.com.bd/p/4fbd9de3329ecca4d66c7bd4defafaad.jpg,Crystal Apple Tree Artificial Tree Crystal Ornaments Decor for Home Living Room Office Bar Desk Party Wedding Decoration Birthday Festival,3,Y
VL-455,https://static-01.daraz.com.bd/p/df487c02ec02154773f9ae3f6d75601f.jpg,Crystal Apple Tree Artificial Tree Crystal Ornaments Decor for Home Living Room Office Bar Desk Party Wedding Decoration Birthday Festival,4,Y
VL-455,https://static-01.daraz.com.bd/p/87a871441a5d1b7327c104de14e7eff7.jpg,Crystal Apple Tree Artificial Tree Crystal Ornaments Decor for Home Living Room Office Bar Desk Party Wedding Decoration Birthday Festival,5,Y
VL-455,https://static-01.daraz.com.bd/p/1b2570b8f825c670200c508b3fd4de69.jpg,Crystal Apple Tree Artificial Tree Crystal Ornaments Decor for Home Living Room Office Bar Desk Party Wedding Decoration Birthday Festival,6,Y
VL-456,https://static-01.daraz.com.bd/p/3235c8727b47d16d0ebf784d2e0087ec.jpg,"Grace Decorative Round wall-clocks, Bronze",1,Y
VL-456,https://static-01.daraz.com.bd/p/2247ef21310160185c0ccd4e233eb736.jpg,"Grace Decorative Round wall-clocks, Bronze",2,Y
VL-456,https://static-01.daraz.com.bd/p/0ae2639bd086598f2e7e137b88cec8a3.jpg,"Grace Decorative Round wall-clocks, Bronze",3,Y
VL-456,https://static-01.daraz.com.bd/p/2df9755b17fc07194236aefd7c3278fa.jpg,"Grace Decorative Round wall-clocks, Bronze",4,Y
VL-456,https://static-01.daraz.com.bd/p/244c252ad41ee181b5c1dd3754bbd5ee.jpg,"Grace Decorative Round wall-clocks, Bronze",5,Y
VL-457,https://static-01.daraz.com.bd/p/b2549e43ed5c1e4e4ac301060e006f18.jpg,Unique Beautiful Home Decoration Wall Clock - Black,1,Y
VL-457,https://static-01.daraz.com.bd/p/34bb3173d7766b82ffd273152b4815fe.jpg,Unique Beautiful Home Decoration Wall Clock - Black,2,Y
VL-457,https://static-01.daraz.com.bd/p/a0c090f9abb97ffd703b5db13bcabc24.jpg,Unique Beautiful Home Decoration Wall Clock - Black,3,Y
VL-457,https://static-01.daraz.com.bd/p/47684f79267b4f01a746df90a4146b58.jpg,Unique Beautiful Home Decoration Wall Clock - Black,4,Y
VL-457,https://static-01.daraz.com.bd/p/6428634feb7021f8bcbd10d392bff7ae.jpg,Unique Beautiful Home Decoration Wall Clock - Black,5,Y
VL-457,https://static-01.daraz.com.bd/p/c8be2ccba7ebc3985b9d92a686928b07.jpg,Unique Beautiful Home Decoration Wall Clock - Black,6,Y
VL-457,https://static-01.daraz.com.bd/p/9c3f4e1aea07e0cadfaef2b79fd4bf6c.jpg,Unique Beautiful Home Decoration Wall Clock - Black,7,Y
VL-458,https://static-01.daraz.com.bd/p/a7ec785aa48e6fb042c313611c081fd6.jpg,Swan Spoon Set / Showpiece Spoon Set with Swan Stand,1,Y
VL-458,https://static-01.daraz.com.bd/p/fc93001ec1db60a475dfa4757c8e0a4a.jpg,Swan Spoon Set / Showpiece Spoon Set with Swan Stand,2,Y
VL-458,https://static-01.daraz.com.bd/p/d2976360cbcf169f07d009853222ae5b.jpg,Swan Spoon Set / Showpiece Spoon Set with Swan Stand,3,Y
VL-459,https://static-01.daraz.com.bd/p/cd7d30f8d044a2e65096b62644c6bda3.jpg,Wall Clock Clock Quartz Clock European Mute Swing Retro American Antique Quartz Clock Sweeping Movement Movement Garden,1,Y
VL-460,https://static-01.daraz.com.bd/p/af6b9623c65ca1d28559f57254528cc9.jpg,Pencil Pen Holder Cup Metal Guitar Bass Violin Rocker Shape Desktop Stand Storage Box Bass,1,Y
VL-460,https://static-01.daraz.com.bd/p/7733ccae4e271970c779b7590869ad82.jpg,Pencil Pen Holder Cup Metal Guitar Bass Violin Rocker Shape Desktop Stand Storage Box Bass,2,Y
VL-460,https://static-01.daraz.com.bd/p/0ebf50d79f24d607f1c11b16ec51066c.jpg,Pencil Pen Holder Cup Metal Guitar Bass Violin Rocker Shape Desktop Stand Storage Box Bass,3,Y
VL-461,https://static-01.daraz.com.bd/p/784ace25cbc90f576dc3ffa4236c2803.jpg,Wire Mesh Pen Holder/Metal Mesh Pen Holder Round/Square,1,Y
VL-461,https://static-01.daraz.com.bd/p/0793f57c657cbbe289fe55f87eca1f08.jpg,Wire Mesh Pen Holder/Metal Mesh Pen Holder Round/Square,2,Y
VL-461,https://static-01.daraz.com.bd/p/20bf469de9713cd64e05b35567e30410.jpg,Wire Mesh Pen Holder/Metal Mesh Pen Holder Round/Square,3,Y
VL-462,https://static-01.daraz.com.bd/p/e04a9fafcd47dd7e16627c6f662edc97.jpg,Crystal Table Lamp Modern Style Decorative Table Lamp for Living Room Bedroom Lamp - Multicolor,1,Y
VL-463,https://static-01.daraz.com.bd/p/0e49b6ca2a712d10a6fffa8b17f81074.jpg,Nautical Anchor Design Wall Clock,1,Y
VL-464,https://static-01.daraz.com.bd/p/0f7f46aed586520a362ac54092712643.jpg,DELI GLASSWARE MEDIUM ASHTRAY SQUARE PLAIN,1,Y
VL-465,https://static-01.daraz.com.bd/p/2b0d4afe6c1400c885fd01f049df5483.jpg,DELI GLASSWARE BIG ASHTRAY ROUND,1,Y
VL-466,https://static-01.daraz.com.bd/p/f57d0f09ca96973efce8e698a99350ac.jpg,Deliglassware Decorative Candy Dish with Lid (TG1060),1,Y
VL-466,https://static-01.daraz.com.bd/p/d11655267c24815e71bdcb17902ac0ce.jpg,Deliglassware Decorative Candy Dish with Lid (TG1060),2,Y
VL-466,https://static-01.daraz.com.bd/p/3cdb0f899d220f0a9292a844e24c47db.jpg,Deliglassware Decorative Candy Dish with Lid (TG1060),3,Y
VL-466,https://static-01.daraz.com.bd/p/1afadcadd81ce28bbda26f6dfc32dbb1.jpg,Deliglassware Decorative Candy Dish with Lid (TG1060),4,Y
VL-466,https://static-01.daraz.com.bd/p/6f4346f82c439dcde758999a48859cde.jpg,Deliglassware Decorative Candy Dish with Lid (TG1060),5,Y
VL-466,https://static-01.daraz.com.bd/p/dab8b071974c3eb4fb6fcce5dfceaeb0.jpg,Deliglassware Decorative Candy Dish with Lid (TG1060),6,Y
VL-466,https://static-01.daraz.com.bd/p/5595732299a2a84dafda4a45235d8be5.jpg,Deliglassware Decorative Candy Dish with Lid (TG1060),7,Y
VL-467,https://static-01.daraz.com.bd/p/1a0edecadd7a228f95f49c4eb4b6c4c0.jpg,Modern Transparent Bedroom K9 Crystal Table Lamps 110-240V High 40Cm Wide 21Cm,1,Y
VL-468,https://static-01.daraz.com.bd/p/06a6cdac83d400847376bd1b9a65dac5.jpg,Tray Paper Rack Crystal Facial Tissue Box Holder Crystal Cube Napkin Dispenser Bedroom Office Hotel Cafe Coffee House Bar - bathroom accessories,1,Y
VL-468,https://static-01.daraz.com.bd/p/7f65e72f671df947741441c409d8442a.jpg,Tray Paper Rack Crystal Facial Tissue Box Holder Crystal Cube Napkin Dispenser Bedroom Office Hotel Cafe Coffee House Bar - bathroom accessories,2,Y
VL-468,https://static-01.daraz.com.bd/p/71970837db05206b2cfd9a70d6bcb926.jpg,Tray Paper Rack Crystal Facial Tissue Box Holder Crystal Cube Napkin Dispenser Bedroom Office Hotel Cafe Coffee House Bar - bathroom accessories,3,Y
VL-468,https://static-01.daraz.com.bd/p/dff201e8c8daf2b08df0be12067e90da.jpg,Tray Paper Rack Crystal Facial Tissue Box Holder Crystal Cube Napkin Dispenser Bedroom Office Hotel Cafe Coffee House Bar - bathroom accessories,4,Y
VL-468,https://static-01.daraz.com.bd/p/3a6aaa1e5434f803f5eb517819ce7039.jpg,Tray Paper Rack Crystal Facial Tissue Box Holder Crystal Cube Napkin Dispenser Bedroom Office Hotel Cafe Coffee House Bar - bathroom accessories,5,Y
VL-468,https://static-01.daraz.com.bd/p/4e3254b71adc18c6e71b839cea8d1072.jpg,Tray Paper Rack Crystal Facial Tissue Box Holder Crystal Cube Napkin Dispenser Bedroom Office Hotel Cafe Coffee House Bar - bathroom accessories,6,Y
VL-469,https://static-01.daraz.com.bd/p/9801c24c8f980adb74b218edd820732f.jpg,Luxury Simulation Pearl Tissue Box Storage Case Desktop Napkin,1,Y
VL-469,https://static-01.daraz.com.bd/p/7656cb79538ad2f64dd82bdf6e3e16ed.jpg,Luxury Simulation Pearl Tissue Box Storage Case Desktop Napkin,2,Y
VL-470,https://static-01.daraz.com.bd/p/0157b1a2858a880ae4099d5dfe7a5ecf.jpg,"Shah Traders Metal Twin Bell Alarm Clock, Retro Vintage Desk Table Bedside Silent Analog Quartz Alarm Clock For Heavy Sleepers Kids Home Bedrooms Travel School Battery Operated With Light -Clock - N.silver",1,Y
VL-470,https://static-01.daraz.com.bd/p/23eb7682a46b49fa939d01f8c5ef9969.jpg,"Shah Traders Metal Twin Bell Alarm Clock, Retro Vintage Desk Table Bedside Silent Analog Quartz Alarm Clock For Heavy Sleepers Kids Home Bedrooms Travel School Battery Operated With Light -Clock - N.silver",2,Y
VL-471,https://static-01.daraz.com.bd/p/6b68030278e6133f4af513aa447fd8c7.jpg,"Shah Traders Metal Twin Bell Alarm Clock, Retro Vintage Desk Table Bedside Silent Analog Quartz Alarm Clock For Heavy Sleepers Kids Home Bedrooms Travel School Battery Operated With Light -Clock - Black",1,Y
VL-472,https://static-01.daraz.com.bd/p/431a9595b4133b9e8d7919fd95f35cdd.jpg,"Shah Traders Metal Twin Bell Alarm Clock, Retro Vintage Desk Table Bedside Silent Analog Quartz Alarm Clock For Heavy Sleepers Kids Home Bedrooms Travel School Battery Operated With Light -Clock - Blue",1,Y
VL-473,https://static-01.daraz.com.bd/p/23eb7682a46b49fa939d01f8c5ef9969.jpg,"Shah Traders Metal Twin Bell Alarm Clock, Retro Vintage Desk Table Bedside Silent Analog Quartz Alarm Clock For Heavy Sleepers Kids Home Bedrooms Travel School Battery Operated With Light -Clock - Multicolor",1,Y
VL-474,https://static-01.daraz.com.bd/p/2c6931ac92dea0ec7af6201f765b2e7a.jpg,"Shah Traders Metal Twin Bell Alarm Clock, Retro Vintage Desk Table Bedside Silent Analog Quartz Alarm Clock For Heavy Sleepers Kids Home Bedrooms Travel School Battery Operated With Light -Clock - Gold",1,Y
VL-475,https://static-01.daraz.com.bd/p/6c93ae1eb0186a40d59a09a0ad43f9a1.jpg,Paper Weight,1,Y
VL-476,https://static-01.daraz.com.bd/p/35db676fd8e545a481355baa30d58521.jpg,"Multi-function Alarm Clock Makeup Mirror, LED Digital Awakened Electronic Clock, Bedside Alarm Clock Intelligent Travel Alarm Clock -",1,Y
VL-476,https://static-01.daraz.com.bd/p/67de17923fa26ac27da6e25cf8c7e344.jpg,"Multi-function Alarm Clock Makeup Mirror, LED Digital Awakened Electronic Clock, Bedside Alarm Clock Intelligent Travel Alarm Clock -",2,Y
VL-476,https://static-01.daraz.com.bd/p/79f5fef15200b38996aac0cf386a3e90.jpg,"Multi-function Alarm Clock Makeup Mirror, LED Digital Awakened Electronic Clock, Bedside Alarm Clock Intelligent Travel Alarm Clock -",3,Y
VL-476,https://static-01.daraz.com.bd/p/6d7eb374bb73bd90f734488577f9adf6.jpg,"Multi-function Alarm Clock Makeup Mirror, LED Digital Awakened Electronic Clock, Bedside Alarm Clock Intelligent Travel Alarm Clock -",4,Y
VL-476,https://static-01.daraz.com.bd/p/cdb0b5908e174607d0870ffaf63cf025.jpg,"Multi-function Alarm Clock Makeup Mirror, LED Digital Awakened Electronic Clock, Bedside Alarm Clock Intelligent Travel Alarm Clock -",5,Y
VL-477,https://static-01.daraz.com.bd/p/0bec48831b10fc72c38bbde83c04b169.jpg,Ship Table Clock Showpiece - Multicolor,1,Y
VL-477,https://static-01.daraz.com.bd/p/04fc15c3dc3727ad4ff4b51c09c4e3c8.jpg,Ship Table Clock Showpiece - Multicolor,2,Y
VL-477,https://static-01.daraz.com.bd/p/b433a96a53b2fe3d21566cbc75c1367e.jpg,Ship Table Clock Showpiece - Multicolor,3,Y
VL-478,https://static-01.daraz.com.bd/p/fa44e5e0823ea833653b1267e2f367fd.jpg,Children Astronaut Twin Bell Alarm Clock Battery Operated Bedrooms,1,Y
VL-479,https://static-01.daraz.com.bd/p/409659eac094d76dd9ce7dca4a7d421c.jpg,Dual Bell Alarm Clock Vintage Bedside Alarm Clock with Backlight Non-Tick Desk Clock Retro Bedroom Alarm Clock,1,Y
VL-480,https://static-01.daraz.com.bd/p/09059c6985c48060f9c78b4ccc258611.jpg,alarm clock creative gift cartoon cactus alarm clock children small alarm clock student gift,1,Y
VL-480,https://static-01.daraz.com.bd/p/d9457ebe16dc261cff9e2f4418c2e4d0.jpg,alarm clock creative gift cartoon cactus alarm clock children small alarm clock student gift,2,Y
VL-480,https://static-01.daraz.com.bd/p/726856aa091be1c5ac4cc6936bf0fd3a.jpg,alarm clock creative gift cartoon cactus alarm clock children small alarm clock student gift,3,Y
VL-481,https://static-01.daraz.com.bd/p/6b68030278e6133f4af513aa447fd8c7.jpg,"Metal Twin Bell Alarm Clock, Retro Vintage Desk Table Bedside Silent Analog Quartz Alarm Clock For Heavy Sleepers Kids Home Bedrooms Travel School Battery Operated With Light - Clock - Multicolor",1,Y
VL-481,https://static-01.daraz.com.bd/p/b0c5a0c7151655352c1f37802c254a1d.jpg,"Metal Twin Bell Alarm Clock, Retro Vintage Desk Table Bedside Silent Analog Quartz Alarm Clock For Heavy Sleepers Kids Home Bedrooms Travel School Battery Operated With Light - Clock - Multicolor",2,Y
VL-481,https://static-01.daraz.com.bd/p/d2642c2f4e7b8b5ccf4a5e1244ff6303.jpg,"Metal Twin Bell Alarm Clock, Retro Vintage Desk Table Bedside Silent Analog Quartz Alarm Clock For Heavy Sleepers Kids Home Bedrooms Travel School Battery Operated With Light - Clock - Multicolor",3,Y
VL-481,https://static-01.daraz.com.bd/p/a24ce1f5473340cb34a4d9bc7db48a18.jpg,"Metal Twin Bell Alarm Clock, Retro Vintage Desk Table Bedside Silent Analog Quartz Alarm Clock For Heavy Sleepers Kids Home Bedrooms Travel School Battery Operated With Light - Clock - Multicolor",4,Y
VL-481,https://static-01.daraz.com.bd/p/984ce47a8987e1d227c43b2e1bd7b52f.jpg,"Metal Twin Bell Alarm Clock, Retro Vintage Desk Table Bedside Silent Analog Quartz Alarm Clock For Heavy Sleepers Kids Home Bedrooms Travel School Battery Operated With Light - Clock - Multicolor",5,Y
VL-482,https://static-01.daraz.com.bd/p/24739d61e61ea24f4856e3e9635cf4b0.jpg,Wooden Plate Board Display w/Hanging Rope AMN-174 Asma-ul Husna 99 Names of Allah Islam House Wall Door Decorative Ornament Engraved Dua Arabic.,1,Y
VL-482,https://static-01.daraz.com.bd/p/b98b68025f723057e5c88328f1473aa1.jpg,Wooden Plate Board Display w/Hanging Rope AMN-174 Asma-ul Husna 99 Names of Allah Islam House Wall Door Decorative Ornament Engraved Dua Arabic.,2,Y
VL-482,https://static-01.daraz.com.bd/p/d8dbfa6eb8acd8d587cc63011812b80b.jpg,Wooden Plate Board Display w/Hanging Rope AMN-174 Asma-ul Husna 99 Names of Allah Islam House Wall Door Decorative Ornament Engraved Dua Arabic.,3,Y
VL-482,https://static-01.daraz.com.bd/p/b46b674acb7c778759923efabb0e4d53.jpg,Wooden Plate Board Display w/Hanging Rope AMN-174 Asma-ul Husna 99 Names of Allah Islam House Wall Door Decorative Ornament Engraved Dua Arabic.,4,Y
VL-483,https://static-01.daraz.com.bd/p/750912fbfd9bed45a3f8678da748ef61.jpg,Hariken-Traditional kerosene Lantern,1,Y
VL-483,https://static-01.daraz.com.bd/p/d138038ec00cce57917042f0690aa914.jpg,Hariken-Traditional kerosene Lantern,2,Y
VL-483,https://static-01.daraz.com.bd/p/15cfdaf748f6a8f59739ec77a04bb1bb.jpg,Hariken-Traditional kerosene Lantern,3,Y
VL-484,https://static-01.daraz.com.bd/p/f9221fa826754870eb418f17c6f6c90b.jpg,Retro oil lamp energy-saving holiday desktop hang bar night light festival decorative led small home party retro lantern - table lamp - white2,1,Y
VL-485,https://static-01.daraz.com.bd/p/4063dd195f6e27ea9fa0acf97c175da0.jpg,Retro oil lamp energy-saving holiday desktop hang bar night light festival decorative led small home party retro lantern - table lamp - Multicolor,1,Y
VL-485,https://static-01.daraz.com.bd/p/03b7d711eba1ba918f94aaa5b9382493.jpg,Retro oil lamp energy-saving holiday desktop hang bar night light festival decorative led small home party retro lantern - table lamp - Multicolor,2,Y
VL-486,https://static-01.daraz.com.bd/p/35149779c1ef36403275fb3a869376b8.jpg,Retro oil lamp energy-saving holiday desktop hang bar night light festival decorative led small home party retro lantern - table lamp - White,1,Y
VL-487,https://static-01.daraz.com.bd/p/656e12e8624e588a663b86856c60a411.jpg,Retro oil lamp energy-saving holiday desktop hang bar night light festival decorative led small home party retro lantern - table lamp - red2,1,Y
VL-488,https://static-01.daraz.com.bd/p/e12d7f71bb182ac8c10ea9f49aa20ada.jpg,Retro oil lamp energy-saving holiday desktop hang bar night light festival decorative led small home party retro lantern - table lamp - Black,1,Y
VL-489,https://static-01.daraz.com.bd/p/87994304c9ddd01f248f238f0ebf7e55.jpg,Retro oil lamp energy-saving holiday desktop hang bar night light festival decorative led small home party retro lantern - table lamp - black1,1,Y
VL-490,https://static-01.daraz.com.bd/p/c131a819bbb6b7d077f068ba7b638673.jpg,Retro oil lamp energy-saving holiday desktop hang bar night light festival decorative led small home party retro lantern - table lamp - Red,1,Y
VL-491,https://bd-live-21.slatic.net/kf/S86840f0bd142416ea75ed23cb840f9f8B.jpg,"Metal Mesh Desk Organizer Pen and Pencil Stationary Storage Stand Pen, Pencil Holder for Office, Home, and Study Table, Stationary",1,Y
VL-492,https://static-01.daraz.com.bd/p/b833432a606efd9f07ba6693e713e9ca.jpg,"Valentine Day,Table Clock With Photo Frame For Valentine Day,Marriage Anniversary,Birthda",1,Y
VL-492,https://static-01.daraz.com.bd/p/f0240dbf2be873fc408d2a64933bdb32.jpg,"Valentine Day,Table Clock With Photo Frame For Valentine Day,Marriage Anniversary,Birthda",2,Y
VL-492,https://static-01.daraz.com.bd/p/1d739ef890fcccd693da372d15d4c9b5.jpg,"Valentine Day,Table Clock With Photo Frame For Valentine Day,Marriage Anniversary,Birthda",3,Y
VL-493,https://static-01.daraz.com.bd/p/945b42c0dd1b3a2b5a2ae57f36630221.jpg,Eiffel Tower Frame with Love Alarm Table Clock Showpiece - Multicolor,1,Y
VL-493,https://static-01.daraz.com.bd/p/b2595bb82aecba4398f4776390ccf531.jpg,Eiffel Tower Frame with Love Alarm Table Clock Showpiece - Multicolor,2,Y
VL-493,https://static-01.daraz.com.bd/p/3b8bff274e7aadbac6bb08ed6931d2a0.jpg,Eiffel Tower Frame with Love Alarm Table Clock Showpiece - Multicolor,3,Y
VL-494,https://static-01.daraz.com.bd/p/fe3755ee9a047c5a889aa9545eb6bc2e.jpg,Retro Alarm Clock Silent Pointer Clocks Dual Bell Night Light Bedroom Decor Home Decor Vintage Antique Portable Alarm Clock,1,Y
VL-494,https://static-01.daraz.com.bd/p/33fad92d81b3ab7fbe21db1db2188393.jpg,Retro Alarm Clock Silent Pointer Clocks Dual Bell Night Light Bedroom Decor Home Decor Vintage Antique Portable Alarm Clock,2,Y
VL-495,https://static-01.daraz.com.bd/p/1599816dfa67d9f313e5afca5434b18a.jpg,Retro Telephone Model Alarm Clock Creative Timekeeper Desktop Destop Rena'i for baby house bedside table decoration - Gold,1,Y
VL-495,https://static-01.daraz.com.bd/p/3f1dcfa44ecfef4be335c17536bfbeab.jpg,Retro Telephone Model Alarm Clock Creative Timekeeper Desktop Destop Rena'i for baby house bedside table decoration - Gold,2,Y
VL-495,https://static-01.daraz.com.bd/p/49fc111f386769775b9a37baebb0d3ad.jpg,Retro Telephone Model Alarm Clock Creative Timekeeper Desktop Destop Rena'i for baby house bedside table decoration - Gold,3,Y
VL-495,https://static-01.daraz.com.bd/p/9e7fbf5d1ec187306ed3de6ce654fc63.jpg,Retro Telephone Model Alarm Clock Creative Timekeeper Desktop Destop Rena'i for baby house bedside table decoration - Gold,4,Y
VL-495,https://static-01.daraz.com.bd/p/ffb558f86007a4d2b164c06fd0d452f6.jpg,Retro Telephone Model Alarm Clock Creative Timekeeper Desktop Destop Rena'i for baby house bedside table decoration - Gold,5,Y
VL-496,https://static-01.daraz.com.bd/p/4ac8b076af73f3207d45b7befe9d1caf.jpg,Retro Telephone Model Alarm Clock Creative Timekeeper Desktop Destop Rena'i for baby house bedside table decoration - Red,1,Y
VL-497,https://static-01.daraz.com.bd/p/042a8006fe03c26b1c739b0fc1ea3f8a.jpg,Retro Telephone Model Alarm Clock Creative Timekeeper Desktop Destop Rena'i for baby house bedside table decoration - Grey,1,Y
VL-497,https://static-01.daraz.com.bd/p/5e557e351488eda84bba24cfd9e4459b.jpg,Retro Telephone Model Alarm Clock Creative Timekeeper Desktop Destop Rena'i for baby house bedside table decoration - Grey,2,Y
VL-497,https://static-01.daraz.com.bd/p/5ee1297ce31a5a6c9b84c65b6e17330a.jpg,Retro Telephone Model Alarm Clock Creative Timekeeper Desktop Destop Rena'i for baby house bedside table decoration - Grey,3,Y
VL-497,https://static-01.daraz.com.bd/p/809ebb9bc2eb25a5778d4eaf02850381.jpg,Retro Telephone Model Alarm Clock Creative Timekeeper Desktop Destop Rena'i for baby house bedside table decoration - Grey,4,Y
VL-497,https://static-01.daraz.com.bd/p/ae81648c76d1951d1cb5f1645146b3e2.jpg,Retro Telephone Model Alarm Clock Creative Timekeeper Desktop Destop Rena'i for baby house bedside table decoration - Grey,5,Y
VL-497,https://static-01.daraz.com.bd/p/ea65bedc53ad81b21713befa512c8634.jpg,Retro Telephone Model Alarm Clock Creative Timekeeper Desktop Destop Rena'i for baby house bedside table decoration - Grey,6,Y
VL-498,https://static-01.daraz.com.bd/p/57edecad743dca2ded1778e61f85f44f.jpg,Musical Box Miraculous Retro Music Box Phonograph-Shaped Music Box,1,Y
VL-498,https://static-01.daraz.com.bd/p/28de523c8c81e4b833e1395aa7857683.jpg,Musical Box Miraculous Retro Music Box Phonograph-Shaped Music Box,2,Y
VL-498,https://static-01.daraz.com.bd/p/806d4d48bd14001538265414d9c2c157.jpg,Musical Box Miraculous Retro Music Box Phonograph-Shaped Music Box,3,Y
VL-498,https://static-01.daraz.com.bd/p/b6dae69beacdddbce46149e33806b9c7.jpg,Musical Box Miraculous Retro Music Box Phonograph-Shaped Music Box,4,Y
VL-498,https://static-01.daraz.com.bd/p/0af0574f66a8bd27e9e7b96325450602.jpg,Musical Box Miraculous Retro Music Box Phonograph-Shaped Music Box,5,Y
VL-499,https://static-01.daraz.com.bd/p/ef1f7719340daad4b183d737e94a37e4.jpg,Innovative Dolphin Night Light with Music Round Night Lamp for Valentine's Day Girls’ Room Decoration,1,Y
VL-499,https://static-01.daraz.com.bd/p/607f4f5b34489861c171d7aa8f48fe5c.jpg,Innovative Dolphin Night Light with Music Round Night Lamp for Valentine's Day Girls’ Room Decoration,2,Y
VL-499,https://static-01.daraz.com.bd/p/f35c4473f9315c78f9bfeeb9f543a7b9.jpg,Innovative Dolphin Night Light with Music Round Night Lamp for Valentine's Day Girls’ Room Decoration,3,Y
VL-500,https://static-01.daraz.com.bd/p/35d6e200de3649627d155a39e43a1923.jpg,Luxury Imitation Wood Grain Retro Silent Swing Wall Clocks Large Pendulum Wall Clocks Living Room Reloj De Pared Modern Design - Multicolor,1,Y
VL-500,https://static-01.daraz.com.bd/p/b7c535c630a5412812791ff52fa0f2b2.jpg,Luxury Imitation Wood Grain Retro Silent Swing Wall Clocks Large Pendulum Wall Clocks Living Room Reloj De Pared Modern Design - Multicolor,2,Y
VL-501,https://static-01.daraz.com.bd/p/6b68030278e6133f4af513aa447fd8c7.jpg,"Metal Twin Bell Alarm Clock, Retro Vintage Desk Table Bedside Silent Analog Quartz Alarm Clock For Heavy Sleepers Kids Home Bedrooms Travel School Battery Operated With Light - Clock - Multicolor",1,Y
VL-501,https://static-01.daraz.com.bd/p/23eb7682a46b49fa939d01f8c5ef9969.jpg,"Metal Twin Bell Alarm Clock, Retro Vintage Desk Table Bedside Silent Analog Quartz Alarm Clock For Heavy Sleepers Kids Home Bedrooms Travel School Battery Operated With Light - Clock - Multicolor",2,Y
VL-501,https://static-01.daraz.com.bd/p/431a9595b4133b9e8d7919fd95f35cdd.jpg,"Metal Twin Bell Alarm Clock, Retro Vintage Desk Table Bedside Silent Analog Quartz Alarm Clock For Heavy Sleepers Kids Home Bedrooms Travel School Battery Operated With Light - Clock - Multicolor",3,Y
VL-502,https://static-01.daraz.com.bd/p/c985fc493d7a123c4302039466f9c90e.jpg,LED Display Time Alarm Clock Night Lights Thermoeter Lamp Snooze Rectangle Function Desk Clocks(Multicolor) - Pink,1,Y
VL-502,https://static-01.daraz.com.bd/p/42f140b71a5e56dfaefe64f73100706d.jpg,LED Display Time Alarm Clock Night Lights Thermoeter Lamp Snooze Rectangle Function Desk Clocks(Multicolor) - Pink,2,Y
VL-502,https://static-01.daraz.com.bd/p/e3075ba59e65dfd4a00d52f0296597e3.jpg,LED Display Time Alarm Clock Night Lights Thermoeter Lamp Snooze Rectangle Function Desk Clocks(Multicolor) - Pink,3,Y
VL-502,https://static-01.daraz.com.bd/p/a7c8fb470041e8c15c5be85f0cfc98e1.jpg,LED Display Time Alarm Clock Night Lights Thermoeter Lamp Snooze Rectangle Function Desk Clocks(Multicolor) - Pink,4,Y
VL-502,https://static-01.daraz.com.bd/p/074e7d47cb01104fc48259d31d5cff88.jpg,LED Display Time Alarm Clock Night Lights Thermoeter Lamp Snooze Rectangle Function Desk Clocks(Multicolor) - Pink,5,Y
VL-503,https://static-01.daraz.com.bd/p/ce1645b7071291f2e38887246d776b37.jpg,"Transparent Gear Fish Toy, Baby Lights Music Light Fish Toy, Newborn Musical Early Educational Toy, Ideal Fish Toy for Floor Play - Multicolor",1,Y
VL-503,https://static-01.daraz.com.bd/p/68f2bc52c45bc6e4ec83144219ad5890.jpg,"Transparent Gear Fish Toy, Baby Lights Music Light Fish Toy, Newborn Musical Early Educational Toy, Ideal Fish Toy for Floor Play - Multicolor",2,Y
VL-504,https://static-01.daraz.com.bd/p/93584c3e3a1afbb025ef717585bb66b1.jpg,Oven Proof Glass Serving Dish - Transparent 3 Pcs Set,1,Y
VL-505,https://static-01.daraz.com.bd/p/c792debfa4df45d79a820f4aaef4faca.jpg,Comfortable Baby Bed with Built-in Mosquito Net and Soft Pillow - Multi-Color Option for Safe and Cozy Sleep,1,Y
VL-506,https://static-01.daraz.com.bd/p/c6181d102cf120a6a7b5f7852d9c9bb1.jpg,New Style Wall Clock Living Room Home Calendar Light Luxury Fashion Hanging Wall  Style Atmospheric Clock Wall Watch,1,Y
VL-506,https://static-01.daraz.com.bd/p/d7afbafca3d82e24be25da8d5cf2c534.jpg,New Style Wall Clock Living Room Home Calendar Light Luxury Fashion Hanging Wall  Style Atmospheric Clock Wall Watch,2,Y
VL-506,https://static-01.daraz.com.bd/p/4df393d9ea9329d739134d970a07e2eb.jpg,New Style Wall Clock Living Room Home Calendar Light Luxury Fashion Hanging Wall  Style Atmospheric Clock Wall Watch,3,Y
VL-506,https://static-01.daraz.com.bd/p/4b1f5c04206690e26840e31c90c4b071.jpg,New Style Wall Clock Living Room Home Calendar Light Luxury Fashion Hanging Wall  Style Atmospheric Clock Wall Watch,4,Y
VL-506,https://static-01.daraz.com.bd/p/00cc4594bc304888b151c54b5a0a3ecc.jpg,New Style Wall Clock Living Room Home Calendar Light Luxury Fashion Hanging Wall  Style Atmospheric Clock Wall Watch,5,Y
VL-506,https://static-01.daraz.com.bd/p/8f2cf314a5e1f7740aa2fdf68a8941f9.jpg,New Style Wall Clock Living Room Home Calendar Light Luxury Fashion Hanging Wall  Style Atmospheric Clock Wall Watch,6,Y
VL-507,https://static-01.daraz.com.bd/p/1cc772de5973fff566aa977d8f12fac7.jpg,"Wall clock, antique wall clock, silent movement, vintage wall clock, antique frame, 59.5cm-34cm - Multicolor",1,Y
VL-507,https://static-01.daraz.com.bd/p/eaf216ab08a645142c3c6cdead0d88ee.jpg,"Wall clock, antique wall clock, silent movement, vintage wall clock, antique frame, 59.5cm-34cm - Multicolor",2,Y
VL-507,https://static-01.daraz.com.bd/p/a21ebe8f2e80e895d46c08c8cbba9b6e.jpg,"Wall clock, antique wall clock, silent movement, vintage wall clock, antique frame, 59.5cm-34cm - Multicolor",3,Y
VL-507,https://static-01.daraz.com.bd/p/fbc6fc8a495da2e1c8906ec946535864.jpg,"Wall clock, antique wall clock, silent movement, vintage wall clock, antique frame, 59.5cm-34cm - Multicolor",4,Y
VL-508,https://static-01.daraz.com.bd/p/a9097547ed2bdc113d0e481fd19c5d63.jpg,"আপনার প্রেমিকা ভ্যালেন্টাইন উপহার, লাভ মিটার, লাভ টেস্টার-ভ্যালেন্টাইন এর জন্য রোমান্টিক হার্ট লাভ মিটার হ্যান্ড বয়লার লাভ টেস্টার - gift box",1,Y
VL-508,https://static-01.daraz.com.bd/p/13bfe6d015e93a6832838ff636d78626.jpg,"আপনার প্রেমিকা ভ্যালেন্টাইন উপহার, লাভ মিটার, লাভ টেস্টার-ভ্যালেন্টাইন এর জন্য রোমান্টিক হার্ট লাভ মিটার হ্যান্ড বয়লার লাভ টেস্টার - gift box",2,Y
VL-509,https://static-01.daraz.com.bd/p/8c9756409a30411156f9bee270bd8a18.jpg,"Traditional Hurricane Kerosene Lantern – Vintage Oil Lamp for Home Decor, Outdoor Lighting & Candlelight Ambience",1,Y
VL-510,https://static-01.daraz.com.bd/p/9d63a1d96b3bb76fa0e6b5604464f680.jpg,Smart Small medication scheduling box,1,Y
VL-510,https://static-01.daraz.com.bd/p/7f4b5d83af23257eab0e97e7a9687bfa.jpg,Smart Small medication scheduling box,2,Y
VL-511,https://static-01.daraz.com.bd/p/16476fa08b796554736042ccb5dcb87a.jpg,Vintage Treadle Sewing Machine Music Box Mini Sartorius Model Personality Birthday Gift Home Decor Clockwork Style Musical Toy,1,Y
VL-511,https://static-01.daraz.com.bd/p/fd297b1dca5706572a928508c27bad76.jpg,Vintage Treadle Sewing Machine Music Box Mini Sartorius Model Personality Birthday Gift Home Decor Clockwork Style Musical Toy,2,Y
VL-511,https://static-01.daraz.com.bd/p/75b70d78adad9e6bdc6a2589bda1f2ad.jpg,Vintage Treadle Sewing Machine Music Box Mini Sartorius Model Personality Birthday Gift Home Decor Clockwork Style Musical Toy,3,Y
VL-511,https://static-01.daraz.com.bd/p/4ae783b77c65c0f97e0b87fff07c5500.jpg,Vintage Treadle Sewing Machine Music Box Mini Sartorius Model Personality Birthday Gift Home Decor Clockwork Style Musical Toy,4,Y
VL-511,https://static-01.daraz.com.bd/p/5112694d493a09320451bc0b13829c1c.jpg,Vintage Treadle Sewing Machine Music Box Mini Sartorius Model Personality Birthday Gift Home Decor Clockwork Style Musical Toy,5,Y
VL-511,https://static-01.daraz.com.bd/p/6de618b19eff6d9afedb1c58a4c9f02a.jpg,Vintage Treadle Sewing Machine Music Box Mini Sartorius Model Personality Birthday Gift Home Decor Clockwork Style Musical Toy,6,Y
VL-511,https://static-01.daraz.com.bd/p/7b7bfb719a9d6a6107ce333f634cdb9b.jpg,Vintage Treadle Sewing Machine Music Box Mini Sartorius Model Personality Birthday Gift Home Decor Clockwork Style Musical Toy,7,Y
VL-512,https://static-01.daraz.com.bd/p/93ac4a351f1cb52f4b131e69de6a7c86.jpg,Upgrade Your Wake-Up Routine with the LED Digital Temperature Mirror Alarm Clock: Featuring a Stylishly Sleek Design and Crystal-Clear  Display - Black,1,Y
VL-512,https://static-01.daraz.com.bd/p/9a4da7f1bdd0ba046395bd26d7cd9aab.jpg,Upgrade Your Wake-Up Routine with the LED Digital Temperature Mirror Alarm Clock: Featuring a Stylishly Sleek Design and Crystal-Clear  Display - Black,2,Y
VL-512,https://static-01.daraz.com.bd/p/be9d33ce5ec3a698679b7484a81e533a.jpg,Upgrade Your Wake-Up Routine with the LED Digital Temperature Mirror Alarm Clock: Featuring a Stylishly Sleek Design and Crystal-Clear  Display - Black,3,Y
VL-512,https://static-01.daraz.com.bd/p/ee9e9678e1d2834a55cbe12c0d9697e8.jpg,Upgrade Your Wake-Up Routine with the LED Digital Temperature Mirror Alarm Clock: Featuring a Stylishly Sleek Design and Crystal-Clear  Display - Black,4,Y
VL-512,https://static-01.daraz.com.bd/p/fb3d4968aadc48a3753fcb83d6c7b0df.jpg,Upgrade Your Wake-Up Routine with the LED Digital Temperature Mirror Alarm Clock: Featuring a Stylishly Sleek Design and Crystal-Clear  Display - Black,5,Y
VL-512,https://static-01.daraz.com.bd/p/d872253b0dc902fbf0e9d2ae0560064b.jpg,Upgrade Your Wake-Up Routine with the LED Digital Temperature Mirror Alarm Clock: Featuring a Stylishly Sleek Design and Crystal-Clear  Display - Black,6,Y
VL-513,https://static-01.daraz.com.bd/p/432666ec141de60de47272510e494673.png,Upgrade Your Wake-Up Routine with the LED Digital Temperature Mirror Alarm Clock: Featuring a Stylishly Sleek Design and Crystal-Clear  Display - Multicolor,1,Y
VL-513,https://static-01.daraz.com.bd/p/be32cfe8d7d1864428a6f8026443bbfa.jpg,Upgrade Your Wake-Up Routine with the LED Digital Temperature Mirror Alarm Clock: Featuring a Stylishly Sleek Design and Crystal-Clear  Display - Multicolor,2,Y
VL-513,https://static-01.daraz.com.bd/p/d872253b0dc902fbf0e9d2ae0560064b.jpg,Upgrade Your Wake-Up Routine with the LED Digital Temperature Mirror Alarm Clock: Featuring a Stylishly Sleek Design and Crystal-Clear  Display - Multicolor,3,Y
VL-513,https://static-01.daraz.com.bd/p/9a4da7f1bdd0ba046395bd26d7cd9aab.jpg,Upgrade Your Wake-Up Routine with the LED Digital Temperature Mirror Alarm Clock: Featuring a Stylishly Sleek Design and Crystal-Clear  Display - Multicolor,4,Y
VL-513,https://static-01.daraz.com.bd/p/ee9e9678e1d2834a55cbe12c0d9697e8.jpg,Upgrade Your Wake-Up Routine with the LED Digital Temperature Mirror Alarm Clock: Featuring a Stylishly Sleek Design and Crystal-Clear  Display - Multicolor,5,Y
VL-513,https://static-01.daraz.com.bd/p/93ac4a351f1cb52f4b131e69de6a7c86.jpg,Upgrade Your Wake-Up Routine with the LED Digital Temperature Mirror Alarm Clock: Featuring a Stylishly Sleek Design and Crystal-Clear  Display - Multicolor,6,Y
VL-514,https://static-01.daraz.com.bd/p/be32cfe8d7d1864428a6f8026443bbfa.jpg,Upgrade Your Wake-Up Routine with the LED Digital Temperature Mirror Alarm Clock: Featuring a Stylishly Sleek Design and Crystal-Clear  Display - White,1,Y
VL-514,https://static-01.daraz.com.bd/p/432666ec141de60de47272510e494673.png,Upgrade Your Wake-Up Routine with the LED Digital Temperature Mirror Alarm Clock: Featuring a Stylishly Sleek Design and Crystal-Clear  Display - White,2,Y
VL-514,https://static-01.daraz.com.bd/p/7fa9f4a0e58add4f9cc22cf75f64341b.png,Upgrade Your Wake-Up Routine with the LED Digital Temperature Mirror Alarm Clock: Featuring a Stylishly Sleek Design and Crystal-Clear  Display - White,3,Y
VL-514,https://static-01.daraz.com.bd/p/226d2539f012bc61026760e9693f0154.png,Upgrade Your Wake-Up Routine with the LED Digital Temperature Mirror Alarm Clock: Featuring a Stylishly Sleek Design and Crystal-Clear  Display - White,4,Y
VL-514,https://static-01.daraz.com.bd/p/7585a29c5c57055168dea9a54a8cb619.jpg,Upgrade Your Wake-Up Routine with the LED Digital Temperature Mirror Alarm Clock: Featuring a Stylishly Sleek Design and Crystal-Clear  Display - White,5,Y
VL-514,https://static-01.daraz.com.bd/p/e9f80abf974e8e903becb4436914d79f.png,Upgrade Your Wake-Up Routine with the LED Digital Temperature Mirror Alarm Clock: Featuring a Stylishly Sleek Design and Crystal-Clear  Display - White,6,Y
VL-514,https://static-01.daraz.com.bd/p/39d117c981500d4cf7aadfbc7afc547f.png,Upgrade Your Wake-Up Routine with the LED Digital Temperature Mirror Alarm Clock: Featuring a Stylishly Sleek Design and Crystal-Clear  Display - White,7,Y
VL-515,https://bd-live-21.slatic.net/kf/Se03bcc172a454490aabccb370bccbd64R.jpg,30 Minutes sand glass sandglass hourglass timer clock decor gift - Red,1,Y
VL-516,https://static-01.daraz.com.bd/p/31daeb3b95a87f8c3146c200f2069d4c.jpg,30 Minutes sand glass sandglass hourglass timer clock decor gift - Purple,1,Y
VL-516,https://static-01.daraz.com.bd/p/ff79e2bc5b969bafddcb192a36122011.jpg,30 Minutes sand glass sandglass hourglass timer clock decor gift - Purple,2,Y
VL-517,https://static-01.daraz.com.bd/p/708849766fae9dd7b5b4f1113b9a1fbb.jpg,30 Minutes sand glass sandglass hourglass timer clock decor gift - Yellow,1,Y
VL-517,https://static-01.daraz.com.bd/p/038e3053a2411829a71cf90940269b0c.jpg,30 Minutes sand glass sandglass hourglass timer clock decor gift - Yellow,2,Y
VL-517,https://static-01.daraz.com.bd/p/b7f08c5923b7e09161688484fb02ec60.jpg,30 Minutes sand glass sandglass hourglass timer clock decor gift - Yellow,3,Y
VL-518,https://bd-live-21.slatic.net/kf/Sf30f4c0ae2fc45b5a760c0b09c8b16b6q.jpg,30 Minutes sand glass sandglass hourglass timer clock decor gift - Pink,1,Y
VL-518,https://static-01.daraz.com.bd/p/4722bb928fbc7342d195c78f5696f666.jpg,30 Minutes sand glass sandglass hourglass timer clock decor gift - Pink,2,Y
VL-518,https://static-01.daraz.com.bd/p/d3ca4738fe790f5eeeea62975d0037a7.jpg,30 Minutes sand glass sandglass hourglass timer clock decor gift - Pink,3,Y
VL-518,https://static-01.daraz.com.bd/p/b103a04444317822a024adff1e6f5d85.jpg,30 Minutes sand glass sandglass hourglass timer clock decor gift - Pink,4,Y
VL-519,https://static-01.daraz.com.bd/p/a46589d1f9760b51570c11eb95fcdc73.jpg,30 Minutes sand glass sandglass hourglass timer clock decor gift - Blue,1,Y
VL-519,https://static-01.daraz.com.bd/p/90a77938be9b01f9154063b10e26a4ac.jpg,30 Minutes sand glass sandglass hourglass timer clock decor gift - Blue,2,Y
VL-519,https://static-01.daraz.com.bd/p/c1226d67f5a16566a36587e94c142f68.jpg,30 Minutes sand glass sandglass hourglass timer clock decor gift - Blue,3,Y
VL-519,https://static-01.daraz.com.bd/p/5c4cdc83783bd9d9097bdc3ad6518621.jpg,30 Minutes sand glass sandglass hourglass timer clock decor gift - Blue,4,Y
VL-519,https://static-01.daraz.com.bd/p/5e0340f043e512ba53c18893794d3974.jpg,30 Minutes sand glass sandglass hourglass timer clock decor gift - Blue,5,Y
VL-519,https://static-01.daraz.com.bd/p/31100f63d273ea0e700356aa2d600086.jpg,30 Minutes sand glass sandglass hourglass timer clock decor gift - Blue,6,Y
VL-519,https://static-01.daraz.com.bd/p/1dc20401385d5ba61d35130383743f3f.jpg,30 Minutes sand glass sandglass hourglass timer clock decor gift - Blue,7,Y
VL-519,https://static-01.daraz.com.bd/p/74d352773462a9bc0523776ba7d91014.jpg,30 Minutes sand glass sandglass hourglass timer clock decor gift - Blue,8,Y
VL-520,https://static-01.daraz.com.bd/p/5c4cdc83783bd9d9097bdc3ad6518621.jpg,30 Minutes sand glass sandglass hourglass timer clock decor gift - Multicolor,1,Y
VL-520,https://static-01.daraz.com.bd/p/2f977ab9b0ec07e23623bd214aa10320.jpg,30 Minutes sand glass sandglass hourglass timer clock decor gift - Multicolor,2,Y
VL-520,https://static-01.daraz.com.bd/p/90a77938be9b01f9154063b10e26a4ac.jpg,30 Minutes sand glass sandglass hourglass timer clock decor gift - Multicolor,3,Y
VL-520,https://static-01.daraz.com.bd/p/a46589d1f9760b51570c11eb95fcdc73.jpg,30 Minutes sand glass sandglass hourglass timer clock decor gift - Multicolor,4,Y
VL-520,https://static-01.daraz.com.bd/p/20dce45b0d3fba252f2d74818796a236.jpg,30 Minutes sand glass sandglass hourglass timer clock decor gift - Multicolor,5,Y
VL-520,https://static-01.daraz.com.bd/p/25e92f9eaee7190e1b2d5c94854c9ccf.jpg,30 Minutes sand glass sandglass hourglass timer clock decor gift - Multicolor,6,Y
VL-520,https://static-01.daraz.com.bd/p/31daeb3b95a87f8c3146c200f2069d4c.jpg,30 Minutes sand glass sandglass hourglass timer clock decor gift - Multicolor,7,Y
VL-521,https://static-01.daraz.com.bd/p/314037785fc66f92748cec26a4085006.jpg,Solar Charging LED Light- Model No : YG-7977 - Silver,1,Y
VL-521,https://static-01.daraz.com.bd/p/d4769c0eabdc35f262f3c27186626633.jpg,Solar Charging LED Light- Model No : YG-7977 - Silver,2,Y
VL-521,https://static-01.daraz.com.bd/p/2243561c326aaaaa9200d91fc84ee4bd.jpg,Solar Charging LED Light- Model No : YG-7977 - Silver,3,Y
VL-522,https://bd-live-21.slatic.net/kf/S70df01d9b6944295b680bd4de87ffbadE.jpg,Solar Charging LED Light- Model No : YG-7977 - Multicolor,1,Y
VL-522,https://bd-live-21.slatic.net/kf/S5b44d30f6ba148c6b4084c6d7c5610a7v.jpg,Solar Charging LED Light- Model No : YG-7977 - Multicolor,2,Y
VL-522,https://bd-live-21.slatic.net/kf/S1024ae68e47745668e9567b65aab621ci.jpg,Solar Charging LED Light- Model No : YG-7977 - Multicolor,3,Y
VL-522,https://bd-live-21.slatic.net/kf/S8442712b64dd451dbe71bd098cfa387al.jpg,Solar Charging LED Light- Model No : YG-7977 - Multicolor,4,Y
VL-523,https://static-01.daraz.com.bd/p/4e77f295bfd5593cd1f788f48aa39ecf.jpg,Solar Charging LED Light- Model No : YG-7977 - Gold,1,Y
VL-523,https://static-01.daraz.com.bd/p/023036ba30539f04e3b4c276e7024c62.jpg,Solar Charging LED Light- Model No : YG-7977 - Gold,2,Y
VL-523,https://static-01.daraz.com.bd/p/d4769c0eabdc35f262f3c27186626633.jpg,Solar Charging LED Light- Model No : YG-7977 - Gold,3,Y
VL-523,https://static-01.daraz.com.bd/p/c9359aab8b7c303fca8da89c2a7c00ae.jpg,Solar Charging LED Light- Model No : YG-7977 - Gold,4,Y
VL-523,https://static-01.daraz.com.bd/p/9eb4c760efb3e1e5793199d4bcea3462.jpg,Solar Charging LED Light- Model No : YG-7977 - Gold,5,Y
VL-524,https://bd-live-21.slatic.net/kf/Scb5d38a3edce4b7caf511f4e180f93dcf.jpg,"2 Layers Stainless Steel Lunch Containers with Handle, Insulated Lunch Box Stay Hot 3h, Food Containers for Adults, Teens, Work, School - Pink",1,Y
VL-524,https://bd-live-21.slatic.net/kf/S477d8a84a83c41f2982fc48ce156d7013.jpg,"2 Layers Stainless Steel Lunch Containers with Handle, Insulated Lunch Box Stay Hot 3h, Food Containers for Adults, Teens, Work, School - Pink",2,Y
VL-525,https://bd-live-21.slatic.net/kf/S2349361c7a5e433a810e6c26ee06bbc5u.jpg,"2 Layers Stainless Steel Lunch Containers with Handle, Insulated Lunch Box Stay Hot 3h, Food Containers for Adults, Teens, Work, School - Multicolor",1,Y
VL-525,https://bd-live-21.slatic.net/kf/S369eaaf8030b45b3b7c17279a097344f7.jpg,"2 Layers Stainless Steel Lunch Containers with Handle, Insulated Lunch Box Stay Hot 3h, Food Containers for Adults, Teens, Work, School - Multicolor",2,Y
VL-526,https://bd-live-21.slatic.net/kf/S24ab48736fcf431ca55ae3b0baef874aA.jpg,"2 Layers Stainless Steel Lunch Containers with Handle, Insulated Lunch Box Stay Hot 3h, Food Containers for Adults, Teens, Work, School - Green",1,Y
VL-526,https://bd-live-21.slatic.net/kf/S5c5760593b254e4bb70778f35315f56ey.jpg,"2 Layers Stainless Steel Lunch Containers with Handle, Insulated Lunch Box Stay Hot 3h, Food Containers for Adults, Teens, Work, School - Green",2,Y
VL-527,https://bd-live-21.slatic.net/kf/S53b09507072346e5a06483d64615db0f9.jpg,"2 Layers Stainless Steel Lunch Containers with Handle, Insulated Lunch Box Stay Hot 3h, Food Containers for Adults, Teens, Work, School - Blue",1,Y
VL-527,https://bd-live-21.slatic.net/kf/Sdf0d016fae5244f6b467ca19b5cbead1k.jpg,"2 Layers Stainless Steel Lunch Containers with Handle, Insulated Lunch Box Stay Hot 3h, Food Containers for Adults, Teens, Work, School - Blue",2,Y
VL-528,https://static-01.daraz.com.bd/p/694e4a6c205e563664f046ca77803aaa.jpg,DESKTOP RECHARGEABLE  FAN,1,Y
VL-529,https://static-01.daraz.com.bd/p/5e0340f043e512ba53c18893794d3974.jpg,30 Minutes sand glass sandglass hourglass timer clock decor gift - Blue,1,Y
VL-529,https://static-01.daraz.com.bd/p/74d352773462a9bc0523776ba7d91014.jpg,30 Minutes sand glass sandglass hourglass timer clock decor gift - Blue,2,Y
VL-530,https://bd-live-21.slatic.net/kf/Sd07957f3503b45ccad36abdd5805dba76.jpg,30 Minutes sand glass sandglass hourglass timer clock decor gift - Red,1,Y
VL-531,https://static-01.daraz.com.bd/p/708849766fae9dd7b5b4f1113b9a1fbb.jpg,30 Minutes sand glass sandglass hourglass timer clock decor gift - Yellow,1,Y
VL-532,https://bd-live-21.slatic.net/kf/S7ea7e353073d4a52920a0e2784d19b91S.jpg,30 Minutes sand glass sandglass hourglass timer clock decor gift - Pink,1,Y
VL-532,https://static-01.daraz.com.bd/p/2f977ab9b0ec07e23623bd214aa10320.jpg,30 Minutes sand glass sandglass hourglass timer clock decor gift - Pink,2,Y
VL-533,https://static-01.daraz.com.bd/p/2f977ab9b0ec07e23623bd214aa10320.jpg,30 Minutes sand glass sandglass hourglass timer clock decor gift - Multicolor,1,Y
VL-534,https://static-01.daraz.com.bd/p/31daeb3b95a87f8c3146c200f2069d4c.jpg,30 Minutes sand glass sandglass hourglass timer clock decor gift - Purple,1,Y
VL-534,https://static-01.daraz.com.bd/p/b103a04444317822a024adff1e6f5d85.jpg,30 Minutes sand glass sandglass hourglass timer clock decor gift - Purple,2,Y
VL-535,https://static-01.daraz.com.bd/p/acf0ba0de5d6b8131bf4fed87e7f005d.jpg,"Disney Children Umbrella for Children Frozen Cartoon Long Handle Kids Children's Tools Rain Umbrella Parasol Umbrella - Multicolor,Int: One size",1,Y
VL-535,https://static-01.daraz.com.bd/p/9e03b062a675bfc4730b17f8a1e66b14.jpg,"Disney Children Umbrella for Children Frozen Cartoon Long Handle Kids Children's Tools Rain Umbrella Parasol Umbrella - Multicolor,Int: One size",2,Y
VL-535,https://static-01.daraz.com.bd/p/e9e118ea243276c2319570a3cb07f942.jpg,"Disney Children Umbrella for Children Frozen Cartoon Long Handle Kids Children's Tools Rain Umbrella Parasol Umbrella - Multicolor,Int: One size",3,Y
VL-535,https://static-01.daraz.com.bd/p/065e721528123d60202e218f23f94dab.jpg,"Disney Children Umbrella for Children Frozen Cartoon Long Handle Kids Children's Tools Rain Umbrella Parasol Umbrella - Multicolor,Int: One size",4,Y
VL-536,https://static-01.daraz.com.bd/p/9e03b062a675bfc4730b17f8a1e66b14.jpg,"Disney Children Umbrella for Children Frozen Cartoon Long Handle Kids Children's Tools Rain Umbrella Parasol Umbrella - Pink,Int: One size",1,Y
VL-537,https://static-01.daraz.com.bd/p/065e721528123d60202e218f23f94dab.jpg,"Disney Children Umbrella for Children Frozen Cartoon Long Handle Kids Children's Tools Rain Umbrella Parasol Umbrella - Blue,Int: One size",1,Y
VL-538,https://static-01.daraz.com.bd/p/e9e118ea243276c2319570a3cb07f942.jpg,"Disney Children Umbrella for Children Frozen Cartoon Long Handle Kids Children's Tools Rain Umbrella Parasol Umbrella - Purple,Int: One size",1,Y
VL-539,https://static-01.daraz.com.bd/p/ad0b6f00935a6eee674b8171776f6bf2.jpg,Crystal Makeup Brush Holder Brushes Cup for Cosmetics Jewelry,1,Y
VL-540,https://static-01.daraz.com.bd/p/e75db8030e855a5a67db8b6b6427ba52.jpg,Premium Quality TWS M90 Pro Bluetooth 5.3 Earphones Wireless Headphones HIFI Stereo Sound Touch Control Gaming Headsets Noise Reduction With Mic,1,Y
VL-540,https://static-01.daraz.com.bd/p/3e89db3a9369387e11271d062275066f.jpg,Premium Quality TWS M90 Pro Bluetooth 5.3 Earphones Wireless Headphones HIFI Stereo Sound Touch Control Gaming Headsets Noise Reduction With Mic,2,Y
VL-540,https://static-01.daraz.com.bd/p/b8ba9e5388e7e5d2ddae8bdcfd51f14d.jpg,Premium Quality TWS M90 Pro Bluetooth 5.3 Earphones Wireless Headphones HIFI Stereo Sound Touch Control Gaming Headsets Noise Reduction With Mic,3,Y
VL-540,https://static-01.daraz.com.bd/p/719c3e54cb86cc962e37d8f7d1f02b3c.jpg,Premium Quality TWS M90 Pro Bluetooth 5.3 Earphones Wireless Headphones HIFI Stereo Sound Touch Control Gaming Headsets Noise Reduction With Mic,4,Y
VL-540,https://static-01.daraz.com.bd/p/3928c83860b3b291163731fb457fa805.jpg,Premium Quality TWS M90 Pro Bluetooth 5.3 Earphones Wireless Headphones HIFI Stereo Sound Touch Control Gaming Headsets Noise Reduction With Mic,5,Y
VL-541,https://static-01.daraz.com.bd/p/5182329d689ea32a683594aa7865c0eb.jpg,"Heavy Duty Umbrella  Three Folding Windproof Umbrella - Blue,Int: One size",1,Y
VL-542,https://static-01.daraz.com.bd/p/da8b5ad02107e22c353b4d0d5f96f0e7.jpg,"Heavy Duty Umbrella  Three Folding Windproof Umbrella - Brown,Int: One size",1,Y
VL-543,https://static-01.daraz.com.bd/p/84357806d6a3d47498f82d58faa493ef.jpg,"Heavy Duty Umbrella  Three Folding Windproof Umbrella - Purple,Int: One size",1,Y
VL-544,https://static-01.daraz.com.bd/p/da8b5ad02107e22c353b4d0d5f96f0e7.jpg,"Heavy Duty Umbrella  Three Folding Windproof Umbrella - Multicolor,Int: One size",1,Y
VL-544,https://static-01.daraz.com.bd/p/84357806d6a3d47498f82d58faa493ef.jpg,"Heavy Duty Umbrella  Three Folding Windproof Umbrella - Multicolor,Int: One size",2,Y
VL-544,https://static-01.daraz.com.bd/p/5182329d689ea32a683594aa7865c0eb.jpg,"Heavy Duty Umbrella  Three Folding Windproof Umbrella - Multicolor,Int: One size",3,Y
VL-545,https://static-01.daraz.com.bd/p/ce4a24efa498fc446a45f0eaadf9a7f5.jpg,Heavy Duty 3-Fold Windproof Umbrella – 8 Ribs | Check Details Before Order,1,Y
VL-545,https://static-01.daraz.com.bd/p/777390237292aeb94511605ff7787404.jpg,Heavy Duty 3-Fold Windproof Umbrella – 8 Ribs | Check Details Before Order,2,Y
VL-546,https://static-01.daraz.com.bd/p/7f65e72f671df947741441c409d8442a.jpg,Tray Paper Rack Crystal Facial Tissue Box Holder Crystal Cube Napkin Dispenser Bedroom Office Hotel Cafe Coffee House Bar - Multicolor,1,Y
VL-546,https://static-01.daraz.com.bd/p/71970837db05206b2cfd9a70d6bcb926.jpg,Tray Paper Rack Crystal Facial Tissue Box Holder Crystal Cube Napkin Dispenser Bedroom Office Hotel Cafe Coffee House Bar - Multicolor,2,Y
VL-546,https://static-01.daraz.com.bd/p/dff201e8c8daf2b08df0be12067e90da.jpg,Tray Paper Rack Crystal Facial Tissue Box Holder Crystal Cube Napkin Dispenser Bedroom Office Hotel Cafe Coffee House Bar - Multicolor,3,Y
VL-546,https://static-01.daraz.com.bd/p/3a6aaa1e5434f803f5eb517819ce7039.jpg,Tray Paper Rack Crystal Facial Tissue Box Holder Crystal Cube Napkin Dispenser Bedroom Office Hotel Cafe Coffee House Bar - Multicolor,4,Y
VL-547,https://static-01.daraz.com.bd/p/b46361ffdbb6e078734b997a452d896b.jpg,Tray Paper Rack Crystal Facial Tissue Box Holder Crystal Cube Napkin Dispenser Bedroom Office Hotel Cafe Coffee House Bar - Multicolor,1,Y
VL-548,https://static-01.daraz.com.bd/p/ddac02f5b2ea0e57a5c91bf58fc023ac.jpg,"3M H10A Peltor Optime 105 Over the Head Earmuff, Ear Protectors, Hearing Protection, NRR 30 dB - Black",1,Y
VL-549,https://static-01.daraz.com.bd/p/2e154a4ac9081841c8af48f564dbf116.jpg,"3M H10A Peltor Optime 105 Over the Head Earmuff, Ear Protectors, Hearing Protection, NRR 30 dB - Yellow",1,Y
VL-550,https://static-01.daraz.com.bd/p/535a47e818e44131f35c1cb43c6caea5.jpg,Oven Proof Glass Serving Dish - Transparent 3 Pcs Set,1,Y
VL-551,https://static-01.daraz.com.bd/p/05631db3a75edfbe5351daa204ec4c25.jpg,Quartz Oreva Decorative Retro Anchor Wall Clock,1,Y
VL-552,https://static-01.daraz.com.bd/p/249afabec9005fb5d693e111310e913b.jpg,Transparent Modern  Bedroom K9 Crystal Table Lamps Lights Desk Bedside Standard Lighting Living Room Lamparas de Mesa 110-240V High 40CM* Wide 21CM Warm Light,1,Y
VL-553,https://static-01.daraz.com.bd/p/f632e87f24b00d496ca157d5d66143ad.jpg,"Glass Little Message Bottle, for Gift Purpose, Birthday & Other Occasion Secret Message Bottle - Transparent",1,Y
VL-553,https://static-01.daraz.com.bd/p/efff755bfab262a5ab2113abe86be79f.jpg,"Glass Little Message Bottle, for Gift Purpose, Birthday & Other Occasion Secret Message Bottle - Transparent",2,Y
VL-553,https://static-01.daraz.com.bd/p/5cc5f3479a2b29ad5719e739f545ece3.jpg,"Glass Little Message Bottle, for Gift Purpose, Birthday & Other Occasion Secret Message Bottle - Transparent",3,Y
VL-554,https://static-01.daraz.com.bd/p/a13451f5980f0e3bb2c89430cea70a44.jpg,Light Luxury Classic Style Dial Old-fashioned Telephone Music Box Home Desk Porch Home Decoration Living Room Decoration - Brown,1,Y
VL-554,https://static-01.daraz.com.bd/p/3c90b18ef3d028c7b6b5ca03c5e0084f.jpg,Light Luxury Classic Style Dial Old-fashioned Telephone Music Box Home Desk Porch Home Decoration Living Room Decoration - Brown,2,Y
VL-554,https://static-01.daraz.com.bd/p/afe2f43648667b7c767c5bd59379947b.jpg,Light Luxury Classic Style Dial Old-fashioned Telephone Music Box Home Desk Porch Home Decoration Living Room Decoration - Brown,3,Y
VL-554,https://static-01.daraz.com.bd/p/99b82b6dd3afcee406b904663adca722.jpg,Light Luxury Classic Style Dial Old-fashioned Telephone Music Box Home Desk Porch Home Decoration Living Room Decoration - Brown,4,Y
VL-554,https://static-01.daraz.com.bd/p/fa3af707ff76fc723034e9b0f5b2d502.jpg,Light Luxury Classic Style Dial Old-fashioned Telephone Music Box Home Desk Porch Home Decoration Living Room Decoration - Brown,5,Y
VL-554,https://static-01.daraz.com.bd/p/84421aae40499735dfc40887ce1ece0f.jpg,Light Luxury Classic Style Dial Old-fashioned Telephone Music Box Home Desk Porch Home Decoration Living Room Decoration - Brown,6,Y
VL-554,https://static-01.daraz.com.bd/p/947b70fefcfbd3553be31e2548a81a77.jpg,Light Luxury Classic Style Dial Old-fashioned Telephone Music Box Home Desk Porch Home Decoration Living Room Decoration - Brown,7,Y
VL-555,https://static-01.daraz.com.bd/p/09574898240384e8668012b5d9b0b8b7.png,Light Luxury Classic Style Dial Old-fashioned Telephone Music Box Home Desk Porch Home Decoration Living Room Decoration - White,1,Y
VL-555,https://static-01.daraz.com.bd/p/eb8430581785bb34ab11ea47e4d9f907.jpg,Light Luxury Classic Style Dial Old-fashioned Telephone Music Box Home Desk Porch Home Decoration Living Room Decoration - White,2,Y
VL-555,https://static-01.daraz.com.bd/p/7fdc5eae38c7898a16d39f76195d953c.jpg,Light Luxury Classic Style Dial Old-fashioned Telephone Music Box Home Desk Porch Home Decoration Living Room Decoration - White,3,Y
VL-555,https://static-01.daraz.com.bd/p/9445967db0ac8f5bd9944d87b60c1e3c.jpg,Light Luxury Classic Style Dial Old-fashioned Telephone Music Box Home Desk Porch Home Decoration Living Room Decoration - White,4,Y
VL-555,https://static-01.daraz.com.bd/p/d8a6b12081a8584dd573d11cd48fd2b5.jpg,Light Luxury Classic Style Dial Old-fashioned Telephone Music Box Home Desk Porch Home Decoration Living Room Decoration - White,5,Y
VL-556,https://static-01.daraz.com.bd/p/0f0ec5f1d733650139aab4322c96f03f.jpg,Luxury Home ornaments Vintage Antique Wooden Metal Phonograph Music Box for Home Desktop Decoration Music Box Ornament Gifts - White,1,Y
VL-556,https://static-01.daraz.com.bd/p/3dec969c6729faf90b62002742dfdb77.jpg,Luxury Home ornaments Vintage Antique Wooden Metal Phonograph Music Box for Home Desktop Decoration Music Box Ornament Gifts - White,2,Y
VL-556,https://static-01.daraz.com.bd/p/1347d597f5632d14845dc21f73b98c38.jpg,Luxury Home ornaments Vintage Antique Wooden Metal Phonograph Music Box for Home Desktop Decoration Music Box Ornament Gifts - White,3,Y
VL-556,https://static-01.daraz.com.bd/p/16c78a90509ef40ef740c80d940a0e49.jpg,Luxury Home ornaments Vintage Antique Wooden Metal Phonograph Music Box for Home Desktop Decoration Music Box Ornament Gifts - White,4,Y
VL-557,https://static-01.daraz.com.bd/p/f16e03c169c7db58c74161d2be35a0f4.jpg,Luxury Home ornaments Vintage Antique Wooden Metal Phonograph Music Box for Home Desktop Decoration Music Box Ornament Gifts - Brown,1,Y
VL-557,https://static-01.daraz.com.bd/p/ab63a47f69e8d80b98561bd0a30d4d43.jpg,Luxury Home ornaments Vintage Antique Wooden Metal Phonograph Music Box for Home Desktop Decoration Music Box Ornament Gifts - Brown,2,Y
VL-557,https://static-01.daraz.com.bd/p/ce5b2f8cfed5b1c3a607dbde6866e061.jpg,Luxury Home ornaments Vintage Antique Wooden Metal Phonograph Music Box for Home Desktop Decoration Music Box Ornament Gifts - Brown,3,Y
VL-557,https://static-01.daraz.com.bd/p/b037a2e6fa1417d5fe458030b2853729.jpg,Luxury Home ornaments Vintage Antique Wooden Metal Phonograph Music Box for Home Desktop Decoration Music Box Ornament Gifts - Brown,4,Y
VL-558,https://static-01.daraz.com.bd/p/213f1ac88c40aafbc68f3ee0a1495a6a.jpg,Vintage Phonograph Ornaments Classic Home Decor Music Box Interior Sculptures & Figurines Classical Living Room Decoration Gift - Brown,1,Y
VL-559,https://static-01.daraz.com.bd/p/0fc391b5877f02129760251c381e5bd6.jpg,Vintage Phonograph Ornaments Classic Home Decor Music Box Interior Sculptures & Figurines Classical Living Room Decoration Gift - White,1,Y
VL-560,https://static-01.daraz.com.bd/p/e8b18144aa24c59b0255b1a6355c882f.jpg,3D Triangle Electronic Candle-Holder LED Candle Night Light Party Atmosphere Decoration Ornament Props Home Decor - Black,1,Y
VL-560,https://static-01.daraz.com.bd/p/0fd13ff22b143f7e9da15042ca2fcddd.jpg,3D Triangle Electronic Candle-Holder LED Candle Night Light Party Atmosphere Decoration Ornament Props Home Decor - Black,2,Y
VL-560,https://static-01.daraz.com.bd/p/fa178a170a3676b8c88d8ab12bb2b74a.jpg,3D Triangle Electronic Candle-Holder LED Candle Night Light Party Atmosphere Decoration Ornament Props Home Decor - Black,3,Y
VL-560,https://static-01.daraz.com.bd/p/e2d25fde801c48b60d17c4af02db8d02.jpg,3D Triangle Electronic Candle-Holder LED Candle Night Light Party Atmosphere Decoration Ornament Props Home Decor - Black,4,Y
VL-561,https://static-01.daraz.com.bd/p/8692f7eba00f9f131703d66106ce233e.jpg,3D Triangle Electronic Candle-Holder LED Candle Night Light Party Atmosphere Decoration Ornament Props Home Decor - White,1,Y
VL-561,https://static-01.daraz.com.bd/p/f15087a9c9ccf36d81e6f5616fc827b8.jpg,3D Triangle Electronic Candle-Holder LED Candle Night Light Party Atmosphere Decoration Ornament Props Home Decor - White,2,Y
VL-561,https://static-01.daraz.com.bd/p/fa178a170a3676b8c88d8ab12bb2b74a.jpg,3D Triangle Electronic Candle-Holder LED Candle Night Light Party Atmosphere Decoration Ornament Props Home Decor - White,3,Y
VL-561,https://static-01.daraz.com.bd/p/ac699026560636038feeb019e93aa528.jpg,3D Triangle Electronic Candle-Holder LED Candle Night Light Party Atmosphere Decoration Ornament Props Home Decor - White,4,Y
VL-561,https://static-01.daraz.com.bd/p/6c914cf17afcb626e3ddc49e8774d093.jpg,3D Triangle Electronic Candle-Holder LED Candle Night Light Party Atmosphere Decoration Ornament Props Home Decor - White,5,Y
VL-561,https://static-01.daraz.com.bd/p/e2d25fde801c48b60d17c4af02db8d02.jpg,3D Triangle Electronic Candle-Holder LED Candle Night Light Party Atmosphere Decoration Ornament Props Home Decor - White,6,Y
VL-562,https://static-01.daraz.com.bd/p/49d3e1652d4f92841081111a06c494b9.jpg,Crystal Makeup Brush Holder Brushes Cup for Cosmetics Jewelry - Gold S,1,Y
VL-563,https://static-01.daraz.com.bd/p/ad0b6f00935a6eee674b8171776f6bf2.jpg,Crystal Makeup Brush Holder Brushes Cup for Cosmetics Jewelry - Gold,1,Y
VL-563,https://static-01.daraz.com.bd/p/8b281b03e7168afd0f9eb10c884a81ed.jpg,Crystal Makeup Brush Holder Brushes Cup for Cosmetics Jewelry - Gold,2,Y
VL-563,https://static-01.daraz.com.bd/p/145b0335adce76fc025fa4e67aa211eb.jpg,Crystal Makeup Brush Holder Brushes Cup for Cosmetics Jewelry - Gold,3,Y
VL-563,https://static-01.daraz.com.bd/p/b22631395c75a2ac534ddfd2e4a449f3.jpg,Crystal Makeup Brush Holder Brushes Cup for Cosmetics Jewelry - Gold,4,Y
VL-564,https://static-01.daraz.com.bd/p/58d591edcb6aa85e2dba1533fb47ae3b.jpg,Crystal Makeup Brush Holder Brushes Cup for Cosmetics Jewelry - Rose Gold,1,Y
VL-564,https://static-01.daraz.com.bd/p/e9c61fdaa218e80cec6ff3daf27afe50.jpg,Crystal Makeup Brush Holder Brushes Cup for Cosmetics Jewelry - Rose Gold,2,Y
VL-564,https://static-01.daraz.com.bd/p/f90913ec77891e4eb631c7d7454a2d39.jpg,Crystal Makeup Brush Holder Brushes Cup for Cosmetics Jewelry - Rose Gold,3,Y
VL-564,https://static-01.daraz.com.bd/p/e947791a39a4f8eadc928bed32f37e35.jpg,Crystal Makeup Brush Holder Brushes Cup for Cosmetics Jewelry - Rose Gold,4,Y
VL-564,https://static-01.daraz.com.bd/p/9e69908e7d48e98cfc5e2caa09be8243.jpg,Crystal Makeup Brush Holder Brushes Cup for Cosmetics Jewelry - Rose Gold,5,Y
VL-565,https://static-01.daraz.com.bd/p/6046bbbd3d2bb4e27fae34750b408160.jpg,King Size Baby Mosquito Net Bed – Newborn Sleeping Set with Mattress | Handicraft Baby Net for 0-3 Years | Foldable Bedding with Pillow - Light blue,1,Y
VL-566,https://static-01.daraz.com.bd/p/09459930b26f03d08a375dc1b2f68c86.jpg,King Size Baby Mosquito Net Bed – Newborn Sleeping Set with Mattress | Handicraft Baby Net for 0-3 Years | Foldable Bedding with Pillow - Multicolor,1,Y
VL-566,https://static-01.daraz.com.bd/p/e6ca9da2707e2c9b900bc78ea6895761.jpg,King Size Baby Mosquito Net Bed – Newborn Sleeping Set with Mattress | Handicraft Baby Net for 0-3 Years | Foldable Bedding with Pillow - Multicolor,2,Y
VL-566,https://static-01.daraz.com.bd/p/6046bbbd3d2bb4e27fae34750b408160.jpg,King Size Baby Mosquito Net Bed – Newborn Sleeping Set with Mattress | Handicraft Baby Net for 0-3 Years | Foldable Bedding with Pillow - Multicolor,3,Y
VL-567,https://static-01.daraz.com.bd/p/09459930b26f03d08a375dc1b2f68c86.jpg,King Size Baby Mosquito Net Bed – Newborn Sleeping Set with Mattress | Handicraft Baby Net for 0-3 Years | Foldable Bedding with Pillow - Pink,1,Y
VL-568,https://static-01.daraz.com.bd/p/e6ca9da2707e2c9b900bc78ea6895761.jpg,King Size Baby Mosquito Net Bed – Newborn Sleeping Set with Mattress | Handicraft Baby Net for 0-3 Years | Foldable Bedding with Pillow - Yellow,1,Y
VL-569,https://bd-live-21.slatic.net/kf/S41d89caeb56249ffb9b0e1db50823d0dZ.jpg,Crystal Apple Figurines Glass Fruit Decor Collectible Fruit Figurine Paperweight Livingroom Centerpiece Glass Art Craft for Home Decoration Golden,1,Y
VL-570,https://bd-live-21.slatic.net/kf/Sf4de56f115c4404885fa4bb35c009abeU.jpg,Iron Accessories Mini World Globe Constellation Map Globe for Home Table Desk Ornaments Christmas Gift Office Home Decoration - Red,1,Y
VL-570,https://bd-live-21.slatic.net/kf/S3265496ad50141338fb828e76a090b19A.jpg,Iron Accessories Mini World Globe Constellation Map Globe for Home Table Desk Ornaments Christmas Gift Office Home Decoration - Red,2,Y
VL-571,https://bd-live-21.slatic.net/kf/S4855e4af82ac4b8bbee7a51818ed7869x.jpg,Iron Accessories Mini World Globe Constellation Map Globe for Home Table Desk Ornaments Christmas Gift Office Home Decoration - Gold,1,Y
VL-571,https://bd-live-21.slatic.net/kf/Sde4430bec6a54c0e9195c15928c6b087r.jpg,Iron Accessories Mini World Globe Constellation Map Globe for Home Table Desk Ornaments Christmas Gift Office Home Decoration - Gold,2,Y
VL-571,https://bd-live-21.slatic.net/kf/S142c95cb6ee942bda2ebdc506b30123aX.jpg,Iron Accessories Mini World Globe Constellation Map Globe for Home Table Desk Ornaments Christmas Gift Office Home Decoration - Gold,3,Y
VL-571,https://bd-live-21.slatic.net/kf/S616e044859a74133ba92e5c8f15cc0b5M.jpg,Iron Accessories Mini World Globe Constellation Map Globe for Home Table Desk Ornaments Christmas Gift Office Home Decoration - Gold,4,Y
VL-572,https://bd-live-21.slatic.net/kf/Sc96a9865e3fd46939e7280c27c864ae3b.jpg,Fruit Crystal Ornaments Crystal Figurines Collectibles Crystal Decoration Decorative Fruit Crystal Glass Figurines Crystal Fruit Decoration Fireplace Iron Artificial Office,1,Y
VL-572,https://bd-live-21.slatic.net/kf/Sc1c0866e1d61424ea626ad656dc0473cv.jpg,Fruit Crystal Ornaments Crystal Figurines Collectibles Crystal Decoration Decorative Fruit Crystal Glass Figurines Crystal Fruit Decoration Fireplace Iron Artificial Office,2,Y
VL-572,https://bd-live-21.slatic.net/kf/S455d6171f4aa4f2181ec85b10b803003C.jpg,Fruit Crystal Ornaments Crystal Figurines Collectibles Crystal Decoration Decorative Fruit Crystal Glass Figurines Crystal Fruit Decoration Fireplace Iron Artificial Office,3,Y
VL-573,https://bd-live-21.slatic.net/kf/S725d1bfa3cc84b1588f660387c2770efK.jpg,Artificial Rose Bouquet Scented Soap Flowers Holding Flower Handmade Creative Gift Simulated Flowers Ornaments Decorations - Multi,1,Y
VL-574,https://bd-live-21.slatic.net/kf/Se5be09ff96e5411db48782cf125e35737.jpg,Artificial Rose Bouquet Scented Soap Flowers Holding Flower Handmade Creative Gift Simulated Flowers Ornaments Decorations - Blue,1,Y
VL-575,https://bd-live-21.slatic.net/kf/S0cda1cdded4d47c29a366bbe455abab9N.jpg,Artificial Rose Bouquet Scented Soap Flowers Holding Flower Handmade Creative Gift Simulated Flowers Ornaments Decorations - Red,1,Y
VL-576,https://bd-live-21.slatic.net/kf/S644255816e6947ce80a649f4733fa03by.jpg,Artificial Rose Bouquet Scented Soap Flowers Holding Flower Handmade Creative Gift Simulated Flowers Ornaments Decorations - Pink,1,Y
VL-577,https://bd-live-21.slatic.net/kf/Sa585fa62cf404927a27adef3578504d8K.jpg,"Premium-Square Mason Jar 400ml - Elegant Glass Container for Storage, Preservation and Decor, Airtight Lid, Versatile and Stylish Jar,Milkshake, Coffee & Juice Jar with Straw (Set of 1)",1,Y
VL-578,https://bd-live-21.slatic.net/kf/S0a64533f963345b4b73988ca5f805f63z.jpg,550ml Plastic Water Bottle Double Drinking Mouth Large Portable Travel Bottle Square Lovely Student Water Kettle Drinkare - Multicolor,1,Y
VL-579,https://bd-live-21.slatic.net/kf/S931e790fd8c74d1c87daa471b56dc8e2d.jpg,550ml Plastic Water Bottle Double Drinking Mouth Large Portable Travel Bottle Square Lovely Student Water Kettle Drinkare - Pink,1,Y
VL-580,https://bd-live-21.slatic.net/kf/S19a375d0459749a9bf7b0e4964cbe34fZ.jpg,550ml Plastic Water Bottle Double Drinking Mouth Large Portable Travel Bottle Square Lovely Student Water Kettle Drinkare - Yellow,1,Y
VL-581,https://bd-live-21.slatic.net/kf/Sb9b4ce4c4006444fb2355885566120cfT.jpg,550ml Plastic Water Bottle Double Drinking Mouth Large Portable Travel Bottle Square Lovely Student Water Kettle Drinkare - Blue,1,Y
VL-582,https://bd-live-21.slatic.net/kf/Sd39797bc2a214d0ba053470e01d2c2e9J.jpg,550ml Plastic Water Bottle Double Drinking Mouth Large Portable Travel Bottle Square Lovely Student Water Kettle Drinkare - Purple,1,Y
VL-583,https://bd-live-21.slatic.net/kf/S524277cd316f4ce5981d002aa3b7eb92y.jpg,Crystal Beads Apple Pears Pineapple Figurine Glass Fruit Status Ornament Tabletop Centerpiece Collectible Art Table Home Decor Christmas Wedding Birthday Decoration Gift,1,Y
VL-583,https://bd-live-21.slatic.net/kf/S9a30d19759904a349ef290238d9e27287.jpg,Crystal Beads Apple Pears Pineapple Figurine Glass Fruit Status Ornament Tabletop Centerpiece Collectible Art Table Home Decor Christmas Wedding Birthday Decoration Gift,2,Y
VL-583,https://bd-live-21.slatic.net/kf/S20dd24b34879440fbdbf2444817ea328L.jpg,Crystal Beads Apple Pears Pineapple Figurine Glass Fruit Status Ornament Tabletop Centerpiece Collectible Art Table Home Decor Christmas Wedding Birthday Decoration Gift,3,Y
VL-583,https://bd-live-21.slatic.net/kf/S7d8b345b85fc4b7291f058ebcd9e1667C.jpg,Crystal Beads Apple Pears Pineapple Figurine Glass Fruit Status Ornament Tabletop Centerpiece Collectible Art Table Home Decor Christmas Wedding Birthday Decoration Gift,4,Y
VL-583,https://bd-live-21.slatic.net/kf/Sa33596cbaf364c3881da5f7c15aa2b564.jpg,Crystal Beads Apple Pears Pineapple Figurine Glass Fruit Status Ornament Tabletop Centerpiece Collectible Art Table Home Decor Christmas Wedding Birthday Decoration Gift,5,Y
VL-584,https://bd-live-21.slatic.net/kf/S3ac9cf6c7c534db58950c783c508794c2.jpg,1 Set 3 Battery Operated Led Candle Lights Home Festival Decoration Display Ornament - Multicolor,1,Y
VL-585,https://bd-live-21.slatic.net/kf/S25adb338c4644da99335667a16d31f6fO.jpg,1 Set 3 Battery Operated Led Candle Lights Home Festival Decoration Display Ornament - Gold,1,Y
VL-586,https://bd-live-21.slatic.net/kf/S4609c49dee1c4c80843b52b1f7b8f40eu.jpg,1 Set 3 Battery Operated Led Candle Lights Home Festival Decoration Display Ornament - White,1,Y
VL-587,https://bd-live-21.slatic.net/kf/S27dcd5c72e8841f5b4785e887c6169b1k.jpg,"Eiffel Tower Glass Flower Vase Reed Diffuser, Aromatherapy Essential Oil- Multicolor Home Fragrances - Risk-Free - Easy to use - 60 ml (Pack of 1 pcs) - Red",1,Y
VL-588,https://bd-live-21.slatic.net/kf/Sc29f092684a845368c2acc19df0cbc6bg.jpg,"Eiffel Tower Glass Flower Vase Reed Diffuser, Aromatherapy Essential Oil- Multicolor Home Fragrances - Risk-Free - Easy to use - 60 ml (Pack of 1 pcs) - Purple",1,Y
VL-589,https://bd-live-21.slatic.net/kf/Sa460ff1f4b2245c58768037a0acddfb3S.jpg,"Eiffel Tower Glass Flower Vase Reed Diffuser, Aromatherapy Essential Oil- Multicolor Home Fragrances - Risk-Free - Easy to use - 60 ml (Pack of 1 pcs) - Pink",1,Y
VL-590,https://bd-live-21.slatic.net/kf/S95bcff9463e84345bb0b38a9d7fe3612o.jpg,"Eiffel Tower Glass Flower Vase Reed Diffuser, Aromatherapy Essential Oil- Multicolor Home Fragrances - Risk-Free - Easy to use - 60 ml (Pack of 1 pcs) - White",1,Y
VL-591,https://bd-live-21.slatic.net/kf/S82a6aa3d08974ec5956a4890478895fdX.jpg,"Eiffel Tower Glass Flower Vase Reed Diffuser, Aromatherapy Essential Oil- Multicolor Home Fragrances - Risk-Free - Easy to use - 60 ml (Pack of 1 pcs) - Green",1,Y
VL-592,https://bd-live-21.slatic.net/kf/Se585f498ab0e438a8f1d9dfe9f56bba44.jpg,"Eiffel Tower Glass Flower Vase Reed Diffuser, Aromatherapy Essential Oil- Multicolor Home Fragrances - Risk-Free - Easy to use - 60 ml (Pack of 1 pcs) - Multicolor",1,Y
VL-592,https://bd-live-21.slatic.net/kf/Sdc370b19a497447794db1ec995a03285k.jpg,"Eiffel Tower Glass Flower Vase Reed Diffuser, Aromatherapy Essential Oil- Multicolor Home Fragrances - Risk-Free - Easy to use - 60 ml (Pack of 1 pcs) - Multicolor",2,Y
VL-592,https://bd-live-21.slatic.net/kf/S30edc60883af4f70b78cc3523aef270fE.jpg,"Eiffel Tower Glass Flower Vase Reed Diffuser, Aromatherapy Essential Oil- Multicolor Home Fragrances - Risk-Free - Easy to use - 60 ml (Pack of 1 pcs) - Multicolor",3,Y
VL-593,https://bd-live-21.slatic.net/kf/S2fb25bacb1c047a39cff95c4e9db3419r.jpg,"6pcs Floating Pool Lights,Lotus Flowers Lights,Fun Pool Accessories,Pond Light LED Candles Artificial Flower W/ Water Lily Pad for Pool at Night,Garden Wedding Christmas New Year Party Fall Decor",1,Y
VL-594,https://bd-live-21.slatic.net/kf/Se072793907854783a934ff4016f8036b3.jpg,Retro Electronic Candle Light Nordic Lantern Night Light Creative Table Lamp Christmas Halloween Scene Decorations Bedroom Decor - Gold,1,Y
VL-595,https://bd-live-21.slatic.net/kf/S7203adfe7b17462c9b826fe613340a5fm.jpg,Retro Electronic Candle Light Nordic Lantern Night Light Creative Table Lamp Christmas Halloween Scene Decorations Bedroom Decor - Black,1,Y
VL-596,https://bd-live-21.slatic.net/kf/Sa6b3944795cd419abd42c6b84966e998J.jpg,Retro LED Lamp Ramadan Electronic Light Ramadan Ornament Night Light Party Decor Ramadan Light Eid Al Adha Gift 1Pcs - Black,1,Y
VL-597,https://bd-live-21.slatic.net/kf/Sdb6573631c1046d39b6fb91c9cf86f1dA.jpg,Retro LED Lamp Ramadan Electronic Light Ramadan Ornament Night Light Party Decor Ramadan Light Eid Al Adha Gift 1Pcs - Silver,1,Y
VL-598,https://bd-live-21.slatic.net/kf/S778b5ccd42c8464582f69f4c38073257B.jpg,Retro LED Lamp Ramadan Electronic Light Ramadan Ornament Night Light Party Decor Ramadan Light Eid Al Adha Gift 1Pcs - Gold,1,Y
VL-599,https://bd-live-21.slatic.net/kf/S7c9551de22034d5da9840d00aa0e6aea6.jpg,Retro LED Lamp Ramadan Electronic Light Ramadan Ornament Night Light Party Decor Ramadan Light Eid Al Adha Gift 1Pcs - Red,1,Y
VL-600,https://bd-live-21.slatic.net/kf/S806dc28445b6473691f82a52e839c2cai.jpg,Retro LED Lamp Ramadan Electronic Light Ramadan Ornament Night Light Party Decor Ramadan Light Eid Al Adha Gift 1Pcs - White,1,Y
VL-601,https://bd-live-21.slatic.net/kf/S7c02c7a63ed94646aacddbbd72d827fez.jpg,"Ramadan Mu Barak Decoration LED Night Lamp, Warm Yellow Light - Muslim Eid Crafts Lantern Pendant - Built-in 3LR44 Button Battery - Home Bedroom Living Room Party Decoration - Gold",1,Y
VL-602,https://bd-live-21.slatic.net/kf/S6bf3632f2e254b658fcac25a264f64d6a.jpg,"Ramadan Mu Barak Decoration LED Night Lamp, Warm Yellow Light - Muslim Eid Crafts Lantern Pendant - Built-in 3LR44 Button Battery - Home Bedroom Living Room Party Decoration - Black",1,Y
VL-603,https://bd-live-21.slatic.net/kf/Saec4f0a4b0ef42ff99e8a49e89026c52D.jpg,Electronic Candle Light High Brightness Flicker Free Battery-Operated Retro Design Desk Lantern Lamp Decoration,1,Y
VL-603,https://bd-live-21.slatic.net/kf/S196626076a894963a51916ed4840904eH.jpg,Electronic Candle Light High Brightness Flicker Free Battery-Operated Retro Design Desk Lantern Lamp Decoration,2,Y
VL-604,https://bd-live-21.slatic.net/kf/Sf53d4dc1973a4880b3dcbf37ff5dea45N.jpg,Classic Rickshaw Desk Clock Vintage Retro Alarm Shelf Clock Desktop Table Clocks Home Office Decor Birthday Gifts - Gold,1,Y
VL-605,https://bd-live-21.slatic.net/kf/Sbbcf8ca1caa6450286232b7965e000be7.jpg,Classic Rickshaw Desk Clock Vintage Retro Alarm Shelf Clock Desktop Table Clocks Home Office Decor Birthday Gifts - Black,1,Y
VL-606,https://static-01.daraz.com.bd/p/884647bcbeeef5ec5dd78bdb8160c60f.jpg,Electric Bicycle Model Alarm Clock Creative Retro Bicycle Alarm Clock Clock Decoration Children′s Gift Alarm Clock Bedside Clock - Black,1,Y
VL-607,https://static-01.daraz.com.bd/p/dcca32bab17bb1be7f8215632da34703.jpg,Electric Bicycle Model Alarm Clock Creative Retro Bicycle Alarm Clock Clock Decoration Children′s Gift Alarm Clock Bedside Clock - Multicolor,1,Y
VL-608,https://static-01.daraz.com.bd/p/c2db47efc801fac06eb2b5845f4457d8.jpg,Electric Bicycle Model Alarm Clock Creative Retro Bicycle Alarm Clock Clock Decoration Children′s Gift Alarm Clock Bedside Clock - Gold,1,Y
VL-609,https://static-01.daraz.com.bd/p/5115efbe3a720c0d8fd33c071419deed.jpg,Alarm clock with mop head container truck alarm clock Fashion personality creativity alarm clock student antair nightstand - Multicolor,1,Y
VL-610,https://static-01.daraz.com.bd/p/ee3c9943c997c301a82c327071f84d3b.jpg,Alarm clock with mop head container truck alarm clock Fashion personality creativity alarm clock student antair nightstand - Gold,1,Y
VL-611,https://static-01.daraz.com.bd/p/97b39b9756f7dd3879c1fe91d3e8f4f0.jpg,Alarm clock with mop head container truck alarm clock Fashion personality creativity alarm clock student antair nightstand - Black,1,Y
VL-612,https://static-01.daraz.com.bd/p/31bfddd0ba0c706e05928c8acc085924.jpg,Creative Motorcycle Motorbike Pattern Alarm Clock Desk Clock,1,Y
VL-612,https://static-01.daraz.com.bd/p/60b8b5dc020bb9c2a8caddb38f64603e.jpg,Creative Motorcycle Motorbike Pattern Alarm Clock Desk Clock,2,Y
VL-613,https://static-01.daraz.com.bd/p/a8c133299ddf38e6dec3924fdbb102a1.jpg,"Diamond Dream Battery LED Table Lamp Modern Table Art Fancy Lighting Night Light Night Lamp  (14 cm, Gold)Diamond Dream Battery LED Table Lamp Modern Table Art Fancy Lighting Night Light Night Lamp  (14 cm, Gold)",1,Y
VL-614,https://static-01.daraz.com.bd/p/8f920e7730c4b8554ea2dd9f602227ff.jpg,LED diamond small table lamp bedroom bedroom bedside decorative table lamp bar crystal gift night lighting lamp,1,Y
VL-614,https://static-01.daraz.com.bd/p/d57ec0e2b29d6851139e7d8255a7ce02.jpg,LED diamond small table lamp bedroom bedroom bedside decorative table lamp bar crystal gift night lighting lamp,2,Y
VL-614,https://static-01.daraz.com.bd/p/49847a6e2dc457aa778b82fa2f9747f0.jpg,LED diamond small table lamp bedroom bedroom bedside decorative table lamp bar crystal gift night lighting lamp,3,Y
VL-614,https://static-01.daraz.com.bd/p/dcfe7ef253248426ab9a87835be40ede.jpg,LED diamond small table lamp bedroom bedroom bedside decorative table lamp bar crystal gift night lighting lamp,4,Y
VL-614,https://static-01.daraz.com.bd/p/57e2860453e029d830f31b68cc6a5378.jpg,LED diamond small table lamp bedroom bedroom bedside decorative table lamp bar crystal gift night lighting lamp,5,Y
VL-614,https://static-01.daraz.com.bd/p/5ef1340ac371913845a849c72589f893.jpg,LED diamond small table lamp bedroom bedroom bedside decorative table lamp bar crystal gift night lighting lamp,6,Y
VL-614,https://static-01.daraz.com.bd/p/cd48eac2c5f1b1459f3691e2b0043d4e.jpg,LED diamond small table lamp bedroom bedroom bedside decorative table lamp bar crystal gift night lighting lamp,7,Y
VL-615,https://bd-live-21.slatic.net/kf/S744cc9620a5347fbb43a75980398bce2P.jpg,Vintage Car Clock Retro Small Bedside Wake Up Digital Alarm Clocks Plastic Craft Creative Cute Present Desktop Ornaments - Multicolor,1,Y
VL-615,https://bd-live-21.slatic.net/kf/Sdef973cd7d9a4cba923aeae675117251R.jpg,Vintage Car Clock Retro Small Bedside Wake Up Digital Alarm Clocks Plastic Craft Creative Cute Present Desktop Ornaments - Multicolor,2,Y
VL-616,https://bd-live-21.slatic.net/kf/S7d8e845f2fd845e9b51ee1a36f4537b9M.jpg,Vintage Car Clock Retro Small Bedside Wake Up Digital Alarm Clocks Plastic Craft Creative Cute Present Desktop Ornaments - Black,1,Y
VL-617,https://bd-live-21.slatic.net/kf/S1735417c1895460e86851695e0228f06v.jpg,Vintage Car Clock Retro Small Bedside Wake Up Digital Alarm Clocks Plastic Craft Creative Cute Present Desktop Ornaments - Gold,1,Y
VL-618,https://static-01.daraz.com.bd/p/3120aee2201c423c7c63960a5f9e8820.jpg,"Rectangular Table Top Tissue Box, Architectural Sculpture Napkin Box，Decorative Paper Box， for Kitchen Dining Room, Bathroom, Desk - Lavender",1,Y
VL-619,https://static-01.daraz.com.bd/p/487ace0670857040a9931ed4b9a9bc5e.jpg,"Rectangular Table Top Tissue Box, Architectural Sculpture Napkin Box，Decorative Paper Box， for Kitchen Dining Room, Bathroom, Desk - Red",1,Y
VL-620,https://static-01.daraz.com.bd/p/2802a98066c94f50985e7ca3fb247e23.jpg,"Rectangular Table Top Tissue Box, Architectural Sculpture Napkin Box，Decorative Paper Box， for Kitchen Dining Room, Bathroom, Desk - Multicolor",1,Y
VL-621,https://static-01.daraz.com.bd/p/40b57b45a6fac25468b95e0e2cb266c2.jpg,"Rectangular Table Top Tissue Box, Architectural Sculpture Napkin Box，Decorative Paper Box， for Kitchen Dining Room, Bathroom, Desk - Gold",1,Y
VL-622,https://static-01.daraz.com.bd/p/8c3312292540d266bf532d02f6383b37.jpg,"Rectangular Table Top Tissue Box, Architectural Sculpture Napkin Box，Decorative Paper Box， for Kitchen Dining Room, Bathroom, Desk - White",1,Y
VL-623,https://static-01.daraz.com.bd/p/5c3601506ceb780cae311fd0aab3d68d.jpg,"Rectangular Table Top Tissue Box, Architectural Sculpture Napkin Box，Decorative Paper Box， for Kitchen Dining Room, Bathroom, Desk - Pink",1,Y
VL-624,https://bd-live-21.slatic.net/kf/S998be7babdfd40b494fbcc97fc8f6a43m.jpg,Mute Time Alarm Clock Student Children Get Up Bedroom Car Model Creative Personality Characteristics Gift Car Home Decoration - White,1,Y
VL-625,https://bd-live-21.slatic.net/kf/S98b5f217172e4bf78c5b8c433991ca0cK.jpg,Mute Time Alarm Clock Student Children Get Up Bedroom Car Model Creative Personality Characteristics Gift Car Home Decoration - Blue,1,Y
VL-626,https://bd-live-21.slatic.net/kf/S03a481a798e942f5a79e71fced398eb1C.jpg,Mute Time Alarm Clock Student Children Get Up Bedroom Car Model Creative Personality Characteristics Gift Car Home Decoration - Multicolor,1,Y
VL-626,https://bd-live-21.slatic.net/kf/S65f2fb5b0f98490482ebb5cef704bef13.jpg,Mute Time Alarm Clock Student Children Get Up Bedroom Car Model Creative Personality Characteristics Gift Car Home Decoration - Multicolor,2,Y
VL-627,https://bd-live-21.slatic.net/kf/S5862d70f188a4cb1bd3006a474639097J.jpg,Mute Time Alarm Clock Student Children Get Up Bedroom Car Model Creative Personality Characteristics Gift Car Home Decoration - Black,1,Y
VL-627,https://bd-live-21.slatic.net/kf/S7ca582899b12438a80b8de377f1f2aa8N.jpg,Mute Time Alarm Clock Student Children Get Up Bedroom Car Model Creative Personality Characteristics Gift Car Home Decoration - Black,2,Y
VL-628,https://bd-live-21.slatic.net/kf/S9a6f49ec46bd4d6c8f2b81b28c034e2e3.jpg,Mute Time Alarm Clock Student Children Get Up Bedroom Car Model Creative Personality Characteristics Gift Car Home Decoration - Red,1,Y
VL-629,https://bd-live-21.slatic.net/kf/S1cb54ba4241946e1b036cfa715e81593s.jpg,"Antique Finish Paris Eiffel Tower Miniature Metal Statue, Room, Cabinet, Office Decorative Showpiece (10cm)",1,Y
VL-629,https://bd-live-21.slatic.net/kf/S221b1071b6e0469e88d0f3310131e5dcV.jpg,"Antique Finish Paris Eiffel Tower Miniature Metal Statue, Room, Cabinet, Office Decorative Showpiece (10cm)",2,Y
VL-629,https://bd-live-21.slatic.net/kf/Scf3ab32a5d31422bb396da4035abeff8l.jpg,"Antique Finish Paris Eiffel Tower Miniature Metal Statue, Room, Cabinet, Office Decorative Showpiece (10cm)",3,Y
VL-629,https://bd-live-21.slatic.net/kf/S3be4346ee4bf42c2a0c6ee54a682428c3.jpg,"Antique Finish Paris Eiffel Tower Miniature Metal Statue, Room, Cabinet, Office Decorative Showpiece (10cm)",4,Y
VL-629,https://bd-live-21.slatic.net/kf/S0393bdc515ad4d36a4ee93194c15c8ad3.jpg,"Antique Finish Paris Eiffel Tower Miniature Metal Statue, Room, Cabinet, Office Decorative Showpiece (10cm)",5,Y
VL-629,https://bd-live-21.slatic.net/kf/S271b37a1853c48ba83d072a33b000eedh.jpg,"Antique Finish Paris Eiffel Tower Miniature Metal Statue, Room, Cabinet, Office Decorative Showpiece (10cm)",6,Y
VL-629,https://bd-live-21.slatic.net/kf/S72395defd4984ee78b81fd889c637295n.jpg,"Antique Finish Paris Eiffel Tower Miniature Metal Statue, Room, Cabinet, Office Decorative Showpiece (10cm)",7,Y
VL-630,https://bd-live-21.slatic.net/kf/S5e16dc72e34449dcba6aecda0c058d61A.jpg,Home Decoration Accessories Wrought Iron Bicycle Pen Holder Creative Desktop Decoration Boutique Gift Decoration Small Gift,1,Y
VL-631,https://static-01.daraz.com.bd/p/1c946d937f12e324bf9eee95376e856a.jpg,Pure Silver,1,Y
VL-632,https://bd-live-21.slatic.net/kf/S6dcb0f5147014605aa1c14e73f03f0c0D.jpg,Transparent Rotating Solar Crystal Lotus Flower for Positive Energy Good Luck Gifting Home Décor Diwali (Medium),1,Y
VL-633,https://bd-live-21.slatic.net/kf/Sf8eb857500894425898f63f4ea5c16feb.jpg,Eid Led Light Lights Light Art Crafts Decoration Supplies for Kid Girl Festival Party Ornaments,1,Y
VL-634,https://bd-live-21.slatic.net/kf/S691482e4078344a1b8e8f5e45f93c253X.jpg,Decorative DELI 7 sets Measuring Modern Blown Royal Strawberry Large Antique Milk Water Glass Jug with Lid,1,Y
VL-635,https://bd-live-21.slatic.net/kf/S8918ad1423404cdd9f0a463aa89cec9fi.jpg,Canton Tower Small Waist LED Night Light Handicraft Ornaments 6.5 x 19cm(Colorful Light),1,Y
VL-636,https://bd-live-21.slatic.net/kf/S4d122a717e634c0c9fe2e4e03e1974a4y.jpg,"Double Bell Silent Alarm Clock,Mini Personality Alarm Clock,Living Room Office Time Companion,Battery Powered, Night Light - Blue",1,Y
VL-637,https://bd-live-21.slatic.net/kf/S51f78cb2421a42cdba8bd848475053d9o.jpg,"Double Bell Silent Alarm Clock,Mini Personality Alarm Clock,Living Room Office Time Companion,Battery Powered, Night Light - Coffee",1,Y
VL-638,https://bd-live-21.slatic.net/kf/Sdee59db73e1d42638a285133ffb4e076x.jpg,"Double Bell Silent Alarm Clock,Mini Personality Alarm Clock,Living Room Office Time Companion,Battery Powered, Night Light - Multicolor",1,Y
VL-639,https://bd-live-21.slatic.net/kf/S8ee7024d9ce640d0a159048b2145ad41r.jpg,"Double Bell Silent Alarm Clock,Mini Personality Alarm Clock,Living Room Office Time Companion,Battery Powered, Night Light - Pink",1,Y
VL-640,https://bd-live-21.slatic.net/kf/Sbd816865c8e2402f8184be1e7f936dd7O.jpg,"Double Bell Silent Alarm Clock,Mini Personality Alarm Clock,Living Room Office Time Companion,Battery Powered, Night Light - Green",1,Y
VL-641,https://bd-live-21.slatic.net/kf/S7278756ebd9b4b188f25571b7fb672e0e.jpg,"Beautiful Vintage Calligraphy Pen With 5 Nibs || Quill Dip Fountain Pen For Writing, Gift, Drawing || Antique Feather Calligraphy Pen Set (Pack Of 1)",1,Y
VL-641,https://bd-live-21.slatic.net/kf/S97b401beb50445f6afd1265fc9c1d1e7D.jpg,"Beautiful Vintage Calligraphy Pen With 5 Nibs || Quill Dip Fountain Pen For Writing, Gift, Drawing || Antique Feather Calligraphy Pen Set (Pack Of 1)",2,Y
VL-641,https://bd-live-21.slatic.net/kf/S8e087183d66e49cfb9ef52687235eac1R.jpg,"Beautiful Vintage Calligraphy Pen With 5 Nibs || Quill Dip Fountain Pen For Writing, Gift, Drawing || Antique Feather Calligraphy Pen Set (Pack Of 1)",3,Y
VL-641,https://bd-live-21.slatic.net/kf/Sf5e699480d844915a5426f580278e0acp.jpg,"Beautiful Vintage Calligraphy Pen With 5 Nibs || Quill Dip Fountain Pen For Writing, Gift, Drawing || Antique Feather Calligraphy Pen Set (Pack Of 1)",4,Y
VL-642,https://bd-live-21.slatic.net/kf/S12c88146ce554cadbddfe2323871e5389.jpg,"Luxury Home Ornaments Vintage Antique Wooden Metal Phonograph Music Box for Living Room Desktop Decoration Birthday Gifts
  5.0 - Multicolor",1,Y
VL-643,https://bd-live-21.slatic.net/kf/Sdb27e95a48dc4702b235a616047c8940U.jpg,"Luxury Home Ornaments Vintage Antique Wooden Metal Phonograph Music Box for Living Room Desktop Decoration Birthday Gifts
  5.0 - Brown",1,Y
VL-644,https://bd-live-21.slatic.net/kf/Sb2c36bc40165480890fd3aba1f910368q.jpg,"Luxury Home Ornaments Vintage Antique Wooden Metal Phonograph Music Box for Living Room Desktop Decoration Birthday Gifts
  5.0 - White",1,Y
VL-645,https://bd-live-21.slatic.net/kf/Sea2ad3e6a45a4ffa9880e2e2c75254c06.jpg,Mute Alarm Clock Large Bell Metal Alarm Clocks Child Bedside Table Clock Wake UP LED Light Home Decoration Gift for Kids Friends,1,Y
VL-645,https://bd-live-21.slatic.net/kf/S03773f5056ba421881c1ff90321c8908x.jpg,Mute Alarm Clock Large Bell Metal Alarm Clocks Child Bedside Table Clock Wake UP LED Light Home Decoration Gift for Kids Friends,2,Y
VL-645,https://bd-live-21.slatic.net/kf/Sf83bdee036be4ede8b00a1638d777673H.jpg,Mute Alarm Clock Large Bell Metal Alarm Clocks Child Bedside Table Clock Wake UP LED Light Home Decoration Gift for Kids Friends,3,Y
VL-645,https://bd-live-21.slatic.net/kf/S6e07ac6bba474af68b1165f3f3ec8fa2s.jpg,Mute Alarm Clock Large Bell Metal Alarm Clocks Child Bedside Table Clock Wake UP LED Light Home Decoration Gift for Kids Friends,4,Y
VL-645,https://bd-live-21.slatic.net/kf/S4b1cd84e7ef7497b9e8655847027207ez.jpg,Mute Alarm Clock Large Bell Metal Alarm Clocks Child Bedside Table Clock Wake UP LED Light Home Decoration Gift for Kids Friends,5,Y
VL-646,https://bd-live-21.slatic.net/kf/Sfacc9612b48f48ae86913eee0631b3e2h.jpg,Cute Couple Glass Snow Dome Globe Showpiece with Colourful Lights for Giftingpecial Someone,1,Y
VL-647,https://bd-live-21.slatic.net/kf/S003af92c37b44c81ae4802a9ff2e5c3dS.jpg,Islamic Paper Weight Mecca Medina Crystal Water Glitters Dome,1,Y
VL-648,https://bd-live-21.slatic.net/kf/S239895d405874fdabf9b2a9c9933f2e73.jpg,Islamic Pen Holder Stand Snow Water Globe Mecca Green Rock Dome Glitter Gold,1,Y
VL-649,https://bd-live-21.slatic.net/kf/Sa571fbe15af346618ff2be61497601392.jpg,Romantic lover Christmas LED light Ornaments Novelty toys 2024 Christmas decorations Valentine's Day gift,1,Y
VL-650,https://bd-live-21.slatic.net/kf/S3047cc7207e64936a224d1474b473ba1D.jpg,2024 Valentine's Day gift Heart Design Romantic Love With Light & Music Glass Gift Decorative - Pink,1,Y
VL-650,https://bd-live-21.slatic.net/kf/Sdedf239e0aa54181a2a8758e212dfff62.jpg,2024 Valentine's Day gift Heart Design Romantic Love With Light & Music Glass Gift Decorative - Pink,2,Y
VL-651,https://bd-live-21.slatic.net/kf/Sa761460a72fc41d390f0dd94c213a64ac.jpg,2024 Valentine's Day gift Heart Design Romantic Love With Light & Music Glass Gift Decorative - Red,1,Y
VL-651,https://bd-live-21.slatic.net/kf/S4288f285c2d54b34adf70a67a550ea60A.jpg,2024 Valentine's Day gift Heart Design Romantic Love With Light & Music Glass Gift Decorative - Red,2,Y
VL-651,https://bd-live-21.slatic.net/kf/Sc66e55cafa014ce79427b538571ee117s.jpg,2024 Valentine's Day gift Heart Design Romantic Love With Light & Music Glass Gift Decorative - Red,3,Y
VL-652,https://bd-live-21.slatic.net/kf/S8fb3610221404d11962c522c5e7d0660g.jpg,Best Valentine's Day gift Romantic lover Christmas LED light Ornaments Novelty toys 2024 Christmas decorations,1,Y
VL-653,https://bd-live-21.slatic.net/kf/S27fb9d9c7c8a432a8d8b34b6011677bdx.jpg,Transparent clock dial three-dimensional golden large numbers silent wall clock creative wood grain retro living room light luxury wall clock - Brown,1,Y
VL-654,https://bd-live-21.slatic.net/kf/Sa3937db5e0094c75a081ddc5459dcfffU.jpg,Transparent clock dial three-dimensional golden large numbers silent wall clock creative wood grain retro living room light luxury wall clock - Gold,1,Y
VL-655,https://bd-live-21.slatic.net/kf/S7dfc4ac5757548e6b1d9aeb87d4de5f0R.jpg,Transparent clock dial three-dimensional golden large numbers silent wall clock creative wood grain retro living room light luxury wall clock - Brown,1,Y
VL-656,https://bd-live-21.slatic.net/kf/S8fd5f99b91b84b74b399e371162f53219.jpg,Transparent clock dial three-dimensional golden large numbers silent wall clock creative wood grain retro living room light luxury wall clock - Gold,1,Y
VL-657,https://bd-live-21.slatic.net/kf/Sac5bf15a59ae4b9898fd97c7f09ebf78j.jpg,Rotating Music Box Musical Instrument Crafts Miniature Cello Violin Model Creative Mini Box Base No Battery Required - For - Musical Box - Guitar,1,Y
VL-657,https://bd-live-21.slatic.net/kf/S8844843e17b14fa6be1c835d76ffe1bec.jpg,Rotating Music Box Musical Instrument Crafts Miniature Cello Violin Model Creative Mini Box Base No Battery Required - For - Musical Box - Guitar,2,Y
VL-657,https://bd-live-21.slatic.net/kf/Sc44d62ce2d3846dcb52b82256ce296fbg.jpg,Rotating Music Box Musical Instrument Crafts Miniature Cello Violin Model Creative Mini Box Base No Battery Required - For - Musical Box - Guitar,3,Y
VL-657,https://bd-live-21.slatic.net/kf/S68fa84c3160048daa837eca5a1abfc5eX.jpg,Rotating Music Box Musical Instrument Crafts Miniature Cello Violin Model Creative Mini Box Base No Battery Required - For - Musical Box - Guitar,4,Y
VL-657,https://bd-live-21.slatic.net/kf/Se86b5f97b1a54a4b90a68d0fa3fc1ddcu.jpg,Rotating Music Box Musical Instrument Crafts Miniature Cello Violin Model Creative Mini Box Base No Battery Required - For - Musical Box - Guitar,5,Y
VL-657,https://bd-live-21.slatic.net/kf/Se60140c8b89b495cb7ff64526eba0579N.jpg,Rotating Music Box Musical Instrument Crafts Miniature Cello Violin Model Creative Mini Box Base No Battery Required - For - Musical Box - Guitar,6,Y
VL-658,https://bd-live-21.slatic.net/kf/Sac5bf15a59ae4b9898fd97c7f09ebf78j.jpg,Rotating Music Box Musical Instrument Crafts Miniature Cello Violin Model Creative Mini Box Base No Battery Required - For - Musical Box - Pipa,1,Y
VL-658,https://bd-live-21.slatic.net/kf/S8844843e17b14fa6be1c835d76ffe1bec.jpg,Rotating Music Box Musical Instrument Crafts Miniature Cello Violin Model Creative Mini Box Base No Battery Required - For - Musical Box - Pipa,2,Y
VL-658,https://bd-live-21.slatic.net/kf/Sc44d62ce2d3846dcb52b82256ce296fbg.jpg,Rotating Music Box Musical Instrument Crafts Miniature Cello Violin Model Creative Mini Box Base No Battery Required - For - Musical Box - Pipa,3,Y
VL-658,https://bd-live-21.slatic.net/kf/S68fa84c3160048daa837eca5a1abfc5eX.jpg,Rotating Music Box Musical Instrument Crafts Miniature Cello Violin Model Creative Mini Box Base No Battery Required - For - Musical Box - Pipa,4,Y
VL-658,https://bd-live-21.slatic.net/kf/Se86b5f97b1a54a4b90a68d0fa3fc1ddcu.jpg,Rotating Music Box Musical Instrument Crafts Miniature Cello Violin Model Creative Mini Box Base No Battery Required - For - Musical Box - Pipa,5,Y
VL-658,https://bd-live-21.slatic.net/kf/Se60140c8b89b495cb7ff64526eba0579N.jpg,Rotating Music Box Musical Instrument Crafts Miniature Cello Violin Model Creative Mini Box Base No Battery Required - For - Musical Box - Pipa,6,Y
VL-659,https://bd-live-21.slatic.net/kf/Sac5bf15a59ae4b9898fd97c7f09ebf78j.jpg,Rotating Music Box Musical Instrument Crafts Miniature Cello Violin Model Creative Mini Box Base No Battery Required - For - Musical Box - Violin,1,Y
VL-659,https://bd-live-21.slatic.net/kf/S8844843e17b14fa6be1c835d76ffe1bec.jpg,Rotating Music Box Musical Instrument Crafts Miniature Cello Violin Model Creative Mini Box Base No Battery Required - For - Musical Box - Violin,2,Y
VL-659,https://bd-live-21.slatic.net/kf/Sc44d62ce2d3846dcb52b82256ce296fbg.jpg,Rotating Music Box Musical Instrument Crafts Miniature Cello Violin Model Creative Mini Box Base No Battery Required - For - Musical Box - Violin,3,Y
VL-659,https://bd-live-21.slatic.net/kf/S68fa84c3160048daa837eca5a1abfc5eX.jpg,Rotating Music Box Musical Instrument Crafts Miniature Cello Violin Model Creative Mini Box Base No Battery Required - For - Musical Box - Violin,4,Y
VL-659,https://bd-live-21.slatic.net/kf/Se86b5f97b1a54a4b90a68d0fa3fc1ddcu.jpg,Rotating Music Box Musical Instrument Crafts Miniature Cello Violin Model Creative Mini Box Base No Battery Required - For - Musical Box - Violin,5,Y
VL-659,https://bd-live-21.slatic.net/kf/Se60140c8b89b495cb7ff64526eba0579N.jpg,Rotating Music Box Musical Instrument Crafts Miniature Cello Violin Model Creative Mini Box Base No Battery Required - For - Musical Box - Violin,6,Y
VL-660,https://bd-live-21.slatic.net/kf/S9ffb94b8894e4d4682c9b1fd6eba8176s.jpg,Candles Light Halloween Christmas Ornament Home Garden Hanging LED Lantern Vintage Castle Flameless Lamp Holiday Party Decor - Multicolor,1,Y
VL-661,https://bd-live-21.slatic.net/kf/S42a1954c7cf6496dbf6e0337d691989ah.jpg,Candles Light Halloween Christmas Ornament Home Garden Hanging LED Lantern Vintage Castle Flameless Lamp Holiday Party Decor - Gold,1,Y
VL-662,https://bd-live-21.slatic.net/kf/S8709145930c948e19e49b5815886300cb.jpg,Candles Light Halloween Christmas Ornament Home Garden Hanging LED Lantern Vintage Castle Flameless Lamp Holiday Party Decor - White,1,Y
VL-663,https://bd-live-21.slatic.net/kf/S7a6dd218725c4ff5b5d08147f55f01080.jpg,Candles Light Halloween Christmas Ornament Home Garden Hanging LED Lantern Vintage Castle Flameless Lamp Holiday Party Decor - Red,1,Y
VL-664,https://bd-live-21.slatic.net/kf/S9591589cafce464aa3ffa5280ec4bcecn.jpg,Candles Light Halloween Christmas Ornament Home Garden Hanging LED Lantern Vintage Castle Flameless Lamp Holiday Party Decor - Black,1,Y
VL-665,https://bd-live-21.slatic.net/kf/S7b479d436b7e47659ed055243fd8f778q.jpg,"Modern Crystal Table Lamp Night Light Lamp Crystals Elegant Bedside Desk Lamp for Bedroom, Dining Room, Living Room, Coffee Room by SP Lighting",1,Y
VL-665,https://bd-live-21.slatic.net/kf/S27dbbd96214e4faab69432c80078f80bd.jpg,"Modern Crystal Table Lamp Night Light Lamp Crystals Elegant Bedside Desk Lamp for Bedroom, Dining Room, Living Room, Coffee Room by SP Lighting",2,Y
VL-665,https://bd-live-21.slatic.net/kf/Sbb46e853b9bf48b0bb59f38ac1f2c247Q.jpg,"Modern Crystal Table Lamp Night Light Lamp Crystals Elegant Bedside Desk Lamp for Bedroom, Dining Room, Living Room, Coffee Room by SP Lighting",3,Y
VL-665,https://bd-live-21.slatic.net/kf/Scfa6c06640b241a0be2b3ec5bf6c0262u.jpg,"Modern Crystal Table Lamp Night Light Lamp Crystals Elegant Bedside Desk Lamp for Bedroom, Dining Room, Living Room, Coffee Room by SP Lighting",4,Y
VL-665,https://bd-live-21.slatic.net/kf/S9e649fbed84a4c49928569936ec2da99J.jpg,"Modern Crystal Table Lamp Night Light Lamp Crystals Elegant Bedside Desk Lamp for Bedroom, Dining Room, Living Room, Coffee Room by SP Lighting",5,Y
VL-665,https://bd-live-21.slatic.net/kf/Sad4ca20bbf11404a91867265bad6e2adA.jpg,"Modern Crystal Table Lamp Night Light Lamp Crystals Elegant Bedside Desk Lamp for Bedroom, Dining Room, Living Room, Coffee Room by SP Lighting",6,Y
VL-665,https://bd-live-21.slatic.net/kf/S1155c3b3b0c547d3b35ff22f3bfd3005S.jpg,"Modern Crystal Table Lamp Night Light Lamp Crystals Elegant Bedside Desk Lamp for Bedroom, Dining Room, Living Room, Coffee Room by SP Lighting",7,Y
VL-665,https://bd-live-21.slatic.net/kf/S4b7c728465ed4942b951f898b74f9e52p.jpg,"Modern Crystal Table Lamp Night Light Lamp Crystals Elegant Bedside Desk Lamp for Bedroom, Dining Room, Living Room, Coffee Room by SP Lighting",8,Y
VL-666,https://bd-live-21.slatic.net/kf/S756ad0df82264e6895675766a365513bY.jpg,Music Box Wind Up Musicbox Twirling Music Box Rotating Base Brass Wind Instrument Replica Artware Gift for Christmas Birthday - Trumpet,1,Y
VL-666,https://bd-live-21.slatic.net/kf/S27504072b243452ba95882a74ad990f0u.jpg,Music Box Wind Up Musicbox Twirling Music Box Rotating Base Brass Wind Instrument Replica Artware Gift for Christmas Birthday - Trumpet,2,Y
VL-666,https://bd-live-21.slatic.net/kf/S42bec2bd34f54b4f8d2d78d5771a5994o.jpg,Music Box Wind Up Musicbox Twirling Music Box Rotating Base Brass Wind Instrument Replica Artware Gift for Christmas Birthday - Trumpet,3,Y
VL-666,https://bd-live-21.slatic.net/kf/Se576334c89624156bd84c0c775c77cd4d.jpg,Music Box Wind Up Musicbox Twirling Music Box Rotating Base Brass Wind Instrument Replica Artware Gift for Christmas Birthday - Trumpet,4,Y
VL-666,https://bd-live-21.slatic.net/kf/Se0df8cd9799446559c62bf69e18d57c0e.jpg,Music Box Wind Up Musicbox Twirling Music Box Rotating Base Brass Wind Instrument Replica Artware Gift for Christmas Birthday - Trumpet,5,Y
VL-666,https://bd-live-21.slatic.net/kf/Sb55bba54065148ceae419dd995ccdca2q.jpg,Music Box Wind Up Musicbox Twirling Music Box Rotating Base Brass Wind Instrument Replica Artware Gift for Christmas Birthday - Trumpet,6,Y
VL-666,https://bd-live-21.slatic.net/kf/S3c3cb5c3d4914d39b7fc671be2dc9c321.jpg,Music Box Wind Up Musicbox Twirling Music Box Rotating Base Brass Wind Instrument Replica Artware Gift for Christmas Birthday - Trumpet,7,Y
VL-666,https://bd-live-21.slatic.net/kf/S42722390709247b6862bc09f7a1bf426A.jpg,Music Box Wind Up Musicbox Twirling Music Box Rotating Base Brass Wind Instrument Replica Artware Gift for Christmas Birthday - Trumpet,8,Y
VL-667,https://bd-live-21.slatic.net/kf/S756ad0df82264e6895675766a365513bY.jpg,Music Box Wind Up Musicbox Twirling Music Box Rotating Base Brass Wind Instrument Replica Artware Gift for Christmas Birthday - saxophone,1,Y
VL-667,https://bd-live-21.slatic.net/kf/S27504072b243452ba95882a74ad990f0u.jpg,Music Box Wind Up Musicbox Twirling Music Box Rotating Base Brass Wind Instrument Replica Artware Gift for Christmas Birthday - saxophone,2,Y
VL-667,https://bd-live-21.slatic.net/kf/S42bec2bd34f54b4f8d2d78d5771a5994o.jpg,Music Box Wind Up Musicbox Twirling Music Box Rotating Base Brass Wind Instrument Replica Artware Gift for Christmas Birthday - saxophone,3,Y
VL-667,https://bd-live-21.slatic.net/kf/Se576334c89624156bd84c0c775c77cd4d.jpg,Music Box Wind Up Musicbox Twirling Music Box Rotating Base Brass Wind Instrument Replica Artware Gift for Christmas Birthday - saxophone,4,Y
VL-667,https://bd-live-21.slatic.net/kf/Se0df8cd9799446559c62bf69e18d57c0e.jpg,Music Box Wind Up Musicbox Twirling Music Box Rotating Base Brass Wind Instrument Replica Artware Gift for Christmas Birthday - saxophone,5,Y
VL-667,https://bd-live-21.slatic.net/kf/Sb55bba54065148ceae419dd995ccdca2q.jpg,Music Box Wind Up Musicbox Twirling Music Box Rotating Base Brass Wind Instrument Replica Artware Gift for Christmas Birthday - saxophone,6,Y
VL-667,https://bd-live-21.slatic.net/kf/S3c3cb5c3d4914d39b7fc671be2dc9c321.jpg,Music Box Wind Up Musicbox Twirling Music Box Rotating Base Brass Wind Instrument Replica Artware Gift for Christmas Birthday - saxophone,7,Y
VL-667,https://bd-live-21.slatic.net/kf/S42722390709247b6862bc09f7a1bf426A.jpg,Music Box Wind Up Musicbox Twirling Music Box Rotating Base Brass Wind Instrument Replica Artware Gift for Christmas Birthday - saxophone,8,Y
VL-668,https://bd-live-21.slatic.net/kf/S756ad0df82264e6895675766a365513bY.jpg,Music Box Wind Up Musicbox Twirling Music Box Rotating Base Brass Wind Instrument Replica Artware Gift for Christmas Birthday - Freanch Horn,1,Y
VL-668,https://bd-live-21.slatic.net/kf/S27504072b243452ba95882a74ad990f0u.jpg,Music Box Wind Up Musicbox Twirling Music Box Rotating Base Brass Wind Instrument Replica Artware Gift for Christmas Birthday - Freanch Horn,2,Y
VL-668,https://bd-live-21.slatic.net/kf/S42bec2bd34f54b4f8d2d78d5771a5994o.jpg,Music Box Wind Up Musicbox Twirling Music Box Rotating Base Brass Wind Instrument Replica Artware Gift for Christmas Birthday - Freanch Horn,3,Y
VL-668,https://bd-live-21.slatic.net/kf/Se576334c89624156bd84c0c775c77cd4d.jpg,Music Box Wind Up Musicbox Twirling Music Box Rotating Base Brass Wind Instrument Replica Artware Gift for Christmas Birthday - Freanch Horn,4,Y
VL-668,https://bd-live-21.slatic.net/kf/Se0df8cd9799446559c62bf69e18d57c0e.jpg,Music Box Wind Up Musicbox Twirling Music Box Rotating Base Brass Wind Instrument Replica Artware Gift for Christmas Birthday - Freanch Horn,5,Y
VL-668,https://bd-live-21.slatic.net/kf/Sb55bba54065148ceae419dd995ccdca2q.jpg,Music Box Wind Up Musicbox Twirling Music Box Rotating Base Brass Wind Instrument Replica Artware Gift for Christmas Birthday - Freanch Horn,6,Y
VL-668,https://bd-live-21.slatic.net/kf/S3c3cb5c3d4914d39b7fc671be2dc9c321.jpg,Music Box Wind Up Musicbox Twirling Music Box Rotating Base Brass Wind Instrument Replica Artware Gift for Christmas Birthday - Freanch Horn,7,Y
VL-668,https://bd-live-21.slatic.net/kf/S42722390709247b6862bc09f7a1bf426A.jpg,Music Box Wind Up Musicbox Twirling Music Box Rotating Base Brass Wind Instrument Replica Artware Gift for Christmas Birthday - Freanch Horn,8,Y
VL-669,https://bd-live-21.slatic.net/kf/Saf4bbb5c47444530af4c62d3a513af99S.jpg,"Golden Crystal Table Lamp for Bedroom, Living Room, Dining Room, Kitchen,Study Decorative Bedside Nightstand Desk Lamp Shade for Home, Hall,Office,Hotels,Classic Golden Crystal Table Lamps",1,Y
VL-669,https://bd-live-21.slatic.net/kf/Seb4834c657974d13aaa7a90805873df1P.jpg,"Golden Crystal Table Lamp for Bedroom, Living Room, Dining Room, Kitchen,Study Decorative Bedside Nightstand Desk Lamp Shade for Home, Hall,Office,Hotels,Classic Golden Crystal Table Lamps",2,Y
VL-670,https://bd-live-21.slatic.net/kf/S92568997c5ca4a12a497398b1fe62366s.jpg,Classic Telephone Alarm Clock Jam Loceng Penggera Telefon Klasik Table Vintage Retro Nordic Antique Home Living Hall Gold Decoration Decor Birthday Christmas Gift Present Souvenir Hadiah Hiasan Antik Ruang Tamu Warna Emas - Black,1,Y
VL-671,https://bd-live-21.slatic.net/kf/Sa49108d33481422abb0be9f48a34364es.jpg,Classic Telephone Alarm Clock Jam Loceng Penggera Telefon Klasik Table Vintage Retro Nordic Antique Home Living Hall Gold Decoration Decor Birthday Christmas Gift Present Souvenir Hadiah Hiasan Antik Ruang Tamu Warna Emas - Gold,1,Y
VL-672,https://bd-live-21.slatic.net/kf/Saa3cb6bdd9d642dfb68d684350d011e3M.jpg,Classic Telephone Alarm Clock Jam Loceng Penggera Telefon Klasik Table Vintage Retro Nordic Antique Home Living Hall Gold Decoration Decor Birthday Christmas Gift Present Souvenir Hadiah Hiasan Antik Ruang Tamu Warna Emas - Multicolor,1,Y
VL-673,https://bd-live-21.slatic.net/kf/S9cd0f12aa53045e8b3d4ae04e60c3f6ap.jpg,Cute Guitar Violin Alarm Clock Jam Bell Cute Retro Vintage Classic TV Cabinet Study Table Desk Decoration Ornament Valentine Christmas Birthday Girl Kids Present Gift Sourvenir Study Table Decoration Almari Gift - Black,1,Y
VL-674,https://bd-live-21.slatic.net/kf/S6ede480eec564f9b8de53bc6c6b7fb38N.jpg,Cute Guitar Violin Alarm Clock Jam Bell Cute Retro Vintage Classic TV Cabinet Study Table Desk Decoration Ornament Valentine Christmas Birthday Girl Kids Present Gift Sourvenir Study Table Decoration Almari Gift - antique gold,1,Y
VL-674,https://bd-live-21.slatic.net/kf/Sfcd53ddd24c847219f394c35130878b6T.jpg,Cute Guitar Violin Alarm Clock Jam Bell Cute Retro Vintage Classic TV Cabinet Study Table Desk Decoration Ornament Valentine Christmas Birthday Girl Kids Present Gift Sourvenir Study Table Decoration Almari Gift - antique gold,2,Y
VL-674,https://bd-live-21.slatic.net/kf/S909ccca6e44546f3bcf7f0e097c8660ab.jpg,Cute Guitar Violin Alarm Clock Jam Bell Cute Retro Vintage Classic TV Cabinet Study Table Desk Decoration Ornament Valentine Christmas Birthday Girl Kids Present Gift Sourvenir Study Table Decoration Almari Gift - antique gold,3,Y
VL-674,https://bd-live-21.slatic.net/kf/S53714ca0052c4715b17320cab721e5bfd.jpg,Cute Guitar Violin Alarm Clock Jam Bell Cute Retro Vintage Classic TV Cabinet Study Table Desk Decoration Ornament Valentine Christmas Birthday Girl Kids Present Gift Sourvenir Study Table Decoration Almari Gift - antique gold,4,Y
VL-675,https://bd-live-21.slatic.net/kf/S6ede480eec564f9b8de53bc6c6b7fb38N.jpg,Cute Guitar Violin Alarm Clock Jam Bell Cute Retro Vintage Classic TV Cabinet Study Table Desk Decoration Ornament Valentine Christmas Birthday Girl Kids Present Gift Sourvenir Study Table Decoration Almari Gift - Gold,1,Y
VL-675,https://bd-live-21.slatic.net/kf/Sfcd53ddd24c847219f394c35130878b6T.jpg,Cute Guitar Violin Alarm Clock Jam Bell Cute Retro Vintage Classic TV Cabinet Study Table Desk Decoration Ornament Valentine Christmas Birthday Girl Kids Present Gift Sourvenir Study Table Decoration Almari Gift - Gold,2,Y
VL-675,https://bd-live-21.slatic.net/kf/S909ccca6e44546f3bcf7f0e097c8660ab.jpg,Cute Guitar Violin Alarm Clock Jam Bell Cute Retro Vintage Classic TV Cabinet Study Table Desk Decoration Ornament Valentine Christmas Birthday Girl Kids Present Gift Sourvenir Study Table Decoration Almari Gift - Gold,3,Y
VL-675,https://bd-live-21.slatic.net/kf/S53714ca0052c4715b17320cab721e5bfd.jpg,Cute Guitar Violin Alarm Clock Jam Bell Cute Retro Vintage Classic TV Cabinet Study Table Desk Decoration Ornament Valentine Christmas Birthday Girl Kids Present Gift Sourvenir Study Table Decoration Almari Gift - Gold,4,Y
VL-676,https://bd-live-21.slatic.net/kf/Sdc5f4eb2e3c04bbd850c3f2c1b1eb818g.jpg,12/15/17 Inch Magnetic Dartboard Darts Suit Double Sided Flocking Dartboards Dart Plate of Safety Dart Safety Game Board Toy - Black 17inches,1,Y
VL-676,https://bd-live-21.slatic.net/kf/Sc74a08911a544cc88faa3e2074c47713t.jpg,12/15/17 Inch Magnetic Dartboard Darts Suit Double Sided Flocking Dartboards Dart Plate of Safety Dart Safety Game Board Toy - Black 17inches,2,Y
VL-676,https://bd-live-21.slatic.net/kf/Sc757f7e0eb204746a0dc3ce4284243f6n.jpg,12/15/17 Inch Magnetic Dartboard Darts Suit Double Sided Flocking Dartboards Dart Plate of Safety Dart Safety Game Board Toy - Black 17inches,3,Y
VL-676,https://bd-live-21.slatic.net/kf/Sf0f1ffe7cce64a1ca73e13fdbb22b0006.jpg,12/15/17 Inch Magnetic Dartboard Darts Suit Double Sided Flocking Dartboards Dart Plate of Safety Dart Safety Game Board Toy - Black 17inches,4,Y
VL-676,https://bd-live-21.slatic.net/kf/S6318c12ab77e48dfb8821a3c6dbf7c05G.jpg,12/15/17 Inch Magnetic Dartboard Darts Suit Double Sided Flocking Dartboards Dart Plate of Safety Dart Safety Game Board Toy - Black 17inches,5,Y
VL-676,https://bd-live-21.slatic.net/kf/S7d796f2510be4e56965f6b0f72ffd28eL.jpg,12/15/17 Inch Magnetic Dartboard Darts Suit Double Sided Flocking Dartboards Dart Plate of Safety Dart Safety Game Board Toy - Black 17inches,6,Y
VL-676,https://bd-live-21.slatic.net/kf/Se45350ea92ac442abcec127b41b1730bs.jpg,12/15/17 Inch Magnetic Dartboard Darts Suit Double Sided Flocking Dartboards Dart Plate of Safety Dart Safety Game Board Toy - Black 17inches,7,Y
VL-676,https://bd-live-21.slatic.net/kf/S13ea018e96964c95a38067a508e6e933A.jpg,12/15/17 Inch Magnetic Dartboard Darts Suit Double Sided Flocking Dartboards Dart Plate of Safety Dart Safety Game Board Toy - Black 17inches,8,Y
VL-677,https://bd-live-21.slatic.net/kf/Sdc5f4eb2e3c04bbd850c3f2c1b1eb818g.jpg,12/15/17 Inch Magnetic Dartboard Darts Suit Double Sided Flocking Dartboards Dart Plate of Safety Dart Safety Game Board Toy - Black 15inches,1,Y
VL-677,https://bd-live-21.slatic.net/kf/Sc74a08911a544cc88faa3e2074c47713t.jpg,12/15/17 Inch Magnetic Dartboard Darts Suit Double Sided Flocking Dartboards Dart Plate of Safety Dart Safety Game Board Toy - Black 15inches,2,Y
VL-677,https://bd-live-21.slatic.net/kf/Sc757f7e0eb204746a0dc3ce4284243f6n.jpg,12/15/17 Inch Magnetic Dartboard Darts Suit Double Sided Flocking Dartboards Dart Plate of Safety Dart Safety Game Board Toy - Black 15inches,3,Y
VL-677,https://bd-live-21.slatic.net/kf/Sf0f1ffe7cce64a1ca73e13fdbb22b0006.jpg,12/15/17 Inch Magnetic Dartboard Darts Suit Double Sided Flocking Dartboards Dart Plate of Safety Dart Safety Game Board Toy - Black 15inches,4,Y
VL-677,https://bd-live-21.slatic.net/kf/S6318c12ab77e48dfb8821a3c6dbf7c05G.jpg,12/15/17 Inch Magnetic Dartboard Darts Suit Double Sided Flocking Dartboards Dart Plate of Safety Dart Safety Game Board Toy - Black 15inches,5,Y
VL-677,https://bd-live-21.slatic.net/kf/S7d796f2510be4e56965f6b0f72ffd28eL.jpg,12/15/17 Inch Magnetic Dartboard Darts Suit Double Sided Flocking Dartboards Dart Plate of Safety Dart Safety Game Board Toy - Black 15inches,6,Y
VL-677,https://bd-live-21.slatic.net/kf/Se45350ea92ac442abcec127b41b1730bs.jpg,12/15/17 Inch Magnetic Dartboard Darts Suit Double Sided Flocking Dartboards Dart Plate of Safety Dart Safety Game Board Toy - Black 15inches,7,Y
VL-677,https://bd-live-21.slatic.net/kf/S13ea018e96964c95a38067a508e6e933A.jpg,12/15/17 Inch Magnetic Dartboard Darts Suit Double Sided Flocking Dartboards Dart Plate of Safety Dart Safety Game Board Toy - Black 15inches,8,Y
VL-678,https://bd-live-21.slatic.net/kf/Sdc5f4eb2e3c04bbd850c3f2c1b1eb818g.jpg,12/15/17 Inch Magnetic Dartboard Darts Suit Double Sided Flocking Dartboards Dart Plate of Safety Dart Safety Game Board Toy - Black 12inches,1,Y
VL-678,https://bd-live-21.slatic.net/kf/Sc74a08911a544cc88faa3e2074c47713t.jpg,12/15/17 Inch Magnetic Dartboard Darts Suit Double Sided Flocking Dartboards Dart Plate of Safety Dart Safety Game Board Toy - Black 12inches,2,Y
VL-678,https://bd-live-21.slatic.net/kf/Sc757f7e0eb204746a0dc3ce4284243f6n.jpg,12/15/17 Inch Magnetic Dartboard Darts Suit Double Sided Flocking Dartboards Dart Plate of Safety Dart Safety Game Board Toy - Black 12inches,3,Y
VL-678,https://bd-live-21.slatic.net/kf/Sf0f1ffe7cce64a1ca73e13fdbb22b0006.jpg,12/15/17 Inch Magnetic Dartboard Darts Suit Double Sided Flocking Dartboards Dart Plate of Safety Dart Safety Game Board Toy - Black 12inches,4,Y
VL-678,https://bd-live-21.slatic.net/kf/S6318c12ab77e48dfb8821a3c6dbf7c05G.jpg,12/15/17 Inch Magnetic Dartboard Darts Suit Double Sided Flocking Dartboards Dart Plate of Safety Dart Safety Game Board Toy - Black 12inches,5,Y
VL-678,https://bd-live-21.slatic.net/kf/S7d796f2510be4e56965f6b0f72ffd28eL.jpg,12/15/17 Inch Magnetic Dartboard Darts Suit Double Sided Flocking Dartboards Dart Plate of Safety Dart Safety Game Board Toy - Black 12inches,6,Y
VL-678,https://bd-live-21.slatic.net/kf/Se45350ea92ac442abcec127b41b1730bs.jpg,12/15/17 Inch Magnetic Dartboard Darts Suit Double Sided Flocking Dartboards Dart Plate of Safety Dart Safety Game Board Toy - Black 12inches,7,Y
VL-678,https://bd-live-21.slatic.net/kf/S13ea018e96964c95a38067a508e6e933A.jpg,12/15/17 Inch Magnetic Dartboard Darts Suit Double Sided Flocking Dartboards Dart Plate of Safety Dart Safety Game Board Toy - Black 12inches,8,Y
VL-679,https://bd-live-21.slatic.net/kf/S32098ad7dd7849c394d54d70ba2b00f4p.jpg,Clay Tea Cup with Tray. Handmade. Organic - Red,1,Y
VL-680,https://bd-live-21.slatic.net/kf/S157395f7a3df410da3ac0e656b3ede9aY.jpg,Clay Tea Cup with Tray. Handmade. Organic - Red 2set (2cup and 2tray),1,Y
VL-680,https://bd-live-21.slatic.net/kf/S6dcee2f9fdf34c5ca32d601e66df232aa.jpg,Clay Tea Cup with Tray. Handmade. Organic - Red 2set (2cup and 2tray),2,Y
VL-680,https://bd-live-21.slatic.net/kf/Saf3fc968d1c1497cb348c7f28bea131bQ.jpg,Clay Tea Cup with Tray. Handmade. Organic - Red 2set (2cup and 2tray),3,Y
VL-681,https://bd-live-21.slatic.net/kf/S970dd86d567f49839e6352d924d7fb5du.jpg,London eye ferris wheel home decoration gift model metal jewelry home decoration accessories - Red,1,Y
VL-682,https://bd-live-21.slatic.net/kf/S6fb50aa6b2034d78bb92fc7f288cdd65S.jpg,London eye ferris wheel home decoration gift model metal jewelry home decoration accessories - Green,1,Y
VL-683,https://bd-live-21.slatic.net/kf/S81f63347fe7740bb8d313cdfa752e494L.jpg,London eye ferris wheel home decoration gift model metal jewelry home decoration accessories - Multicolor,1,Y
VL-684,https://bd-live-21.slatic.net/kf/S0e44c3fc2bbf40f1b53cfaad02215975m.jpg,Metal Table Lamp for Bedroom And Living Room with Wooden Base And White Shade,1,Y
VL-685,https://bd-live-21.slatic.net/kf/S3a3409ecf4a849e9940003bdc4f346357.jpg,Creative Nordic Crystal Crafts Pineapple Pear Home Decoration Ornaments Gift Apple Pear Pineapple Decorative Handicraft,1,Y
VL-686,https://bd-live-21.slatic.net/kf/Sbff8c1e1b9f04fccbbd2578081484ce4t.jpg,Modern Light Luxury Wall Clock Living Room Decorative Wall Clock Creative Home Simple Watch Wall-mounted Nordic Fashion Quartz - Green,1,Y
VL-687,https://bd-live-21.slatic.net/kf/S69ee2d0231f24375be7c8692d82603e2e.jpg,Modern Light Luxury Wall Clock Living Room Decorative Wall Clock Creative Home Simple Watch Wall-mounted Nordic Fashion Quartz - White,1,Y
VL-688,https://bd-live-21.slatic.net/kf/S9ee900c465d344759ad22d4016677540o.jpg,Modern Light Luxury Wall Clock Living Room Decorative Wall Clock Creative Home Simple Watch Wall-mounted Nordic Fashion Quartz - Multicolor,1,Y
VL-689,https://bd-live-21.slatic.net/kf/Sa6d9b8b83fa04307a241f2c7902c2494W.jpg,Multicolor Cute Lovers Miniature Landscape DIY Ornament Garden Doll Decoration 1 Set (B),1,Y
VL-690,https://bd-live-21.slatic.net/kf/Sc80890ca926d484c896d8a944c4a249eh.jpg,Lanterns Decorative Indoor Middle Eastern Style Battery Operated Lamp Transparent Warm Light Supplies Exquisite Printed Hangable,1,Y
VL-690,https://bd-live-21.slatic.net/kf/S76060496eaab4b1a8288146487c764fek.jpg,Lanterns Decorative Indoor Middle Eastern Style Battery Operated Lamp Transparent Warm Light Supplies Exquisite Printed Hangable,2,Y
VL-690,https://bd-live-21.slatic.net/kf/Sb19d80b095e64e1bb40185f649ca7ab1H.jpg,Lanterns Decorative Indoor Middle Eastern Style Battery Operated Lamp Transparent Warm Light Supplies Exquisite Printed Hangable,3,Y
VL-690,https://bd-live-21.slatic.net/kf/Sa60a1dff796b4d948c72eac07b17e9d8F.jpg,Lanterns Decorative Indoor Middle Eastern Style Battery Operated Lamp Transparent Warm Light Supplies Exquisite Printed Hangable,4,Y
VL-690,https://bd-live-21.slatic.net/kf/Scb3ea058f6c8428fb7c290b51d8b27da2.jpg,Lanterns Decorative Indoor Middle Eastern Style Battery Operated Lamp Transparent Warm Light Supplies Exquisite Printed Hangable,5,Y
VL-690,https://bd-live-21.slatic.net/kf/S2455f260eec0427491ceabfcfebf0211s.jpg,Lanterns Decorative Indoor Middle Eastern Style Battery Operated Lamp Transparent Warm Light Supplies Exquisite Printed Hangable,6,Y
VL-690,https://bd-live-21.slatic.net/kf/S29cf650edf214be2b828bf811d113e46I.jpg,Lanterns Decorative Indoor Middle Eastern Style Battery Operated Lamp Transparent Warm Light Supplies Exquisite Printed Hangable,7,Y
VL-690,https://bd-live-21.slatic.net/kf/Sff750bfb01ce44f7a15a8b9924a2b0a4V.jpg,Lanterns Decorative Indoor Middle Eastern Style Battery Operated Lamp Transparent Warm Light Supplies Exquisite Printed Hangable,8,Y
VL-691,https://bd-live-21.slatic.net/kf/S860c4a8ee33241598a2bb557a5fc495dV.jpg,Retro Lantern Outdoor Garden Decorative Old Lantern Flameless Vintage Lantern Hanging Lights for Camping Patio Yard Christmas Decorations - Gold,1,Y
VL-692,https://bd-live-21.slatic.net/kf/S511f8dfc50ec43a08e019cf9512a422fh.jpg,Retro Lantern Outdoor Garden Decorative Old Lantern Flameless Vintage Lantern Hanging Lights for Camping Patio Yard Christmas Decorations - White,1,Y
VL-693,https://bd-live-21.slatic.net/kf/Sd12da1cd99004705a46883bfb9fac580b.jpg,Retro Lantern Outdoor Garden Decorative Old Lantern Flameless Vintage Lantern Hanging Lights for Camping Patio Yard Christmas Decorations - Black,1,Y
VL-694,https://bd-live-21.slatic.net/kf/S83cfe1932909455683e694a7775855aaS.jpg,Retro Lantern Outdoor Garden Decorative Old Lantern Flameless Vintage Lantern Hanging Lights for Camping Patio Yard Christmas Decorations - Red,1,Y
VL-695,https://bd-live-21.slatic.net/kf/S47f3b98bfbb543f0933b28fccd2a127b0.jpg,Retro Lantern Outdoor Garden Decorative Old Lantern Flameless Vintage Lantern Hanging Lights for Camping Patio Yard Christmas Decorations - Multicolor,1,Y
VL-696,https://bd-live-21.slatic.net/kf/Sf9d5c6a1670b42f39375c969523c9722o.jpg,"Alarm Clock, Desktop Mute Quartz Clock Mini Alarm Clock 5cm for Students - Black",1,Y
VL-696,https://bd-live-21.slatic.net/kf/S3ad93daf0964498991e7126244cc4676p.jpg,"Alarm Clock, Desktop Mute Quartz Clock Mini Alarm Clock 5cm for Students - Black",2,Y
VL-696,https://bd-live-21.slatic.net/kf/S4a6175bac9994d299df2a2e092ef5b22z.jpg,"Alarm Clock, Desktop Mute Quartz Clock Mini Alarm Clock 5cm for Students - Black",3,Y
VL-696,https://bd-live-21.slatic.net/kf/S8ced78653dc44a67a747af392a98acb8x.jpg,"Alarm Clock, Desktop Mute Quartz Clock Mini Alarm Clock 5cm for Students - Black",4,Y
VL-696,https://bd-live-21.slatic.net/kf/Sfd8f2ea3b8f14e55986a6e6a8ef40ee1R.jpg,"Alarm Clock, Desktop Mute Quartz Clock Mini Alarm Clock 5cm for Students - Black",5,Y
VL-696,https://bd-live-21.slatic.net/kf/S817adf9a473b4196b2ec1ba63aaec16ax.jpg,"Alarm Clock, Desktop Mute Quartz Clock Mini Alarm Clock 5cm for Students - Black",6,Y
VL-696,https://bd-live-21.slatic.net/kf/S479804a10a414c0da2b8772d30d7b2abh.jpg,"Alarm Clock, Desktop Mute Quartz Clock Mini Alarm Clock 5cm for Students - Black",7,Y
VL-696,https://bd-live-21.slatic.net/kf/S51acae020fe24ce0adaf0ea9de8eaa3dE.jpg,"Alarm Clock, Desktop Mute Quartz Clock Mini Alarm Clock 5cm for Students - Black",8,Y
VL-697,https://bd-live-21.slatic.net/kf/Sf9d5c6a1670b42f39375c969523c9722o.jpg,"Alarm Clock, Desktop Mute Quartz Clock Mini Alarm Clock 5cm for Students - Green",1,Y
VL-697,https://bd-live-21.slatic.net/kf/S3ad93daf0964498991e7126244cc4676p.jpg,"Alarm Clock, Desktop Mute Quartz Clock Mini Alarm Clock 5cm for Students - Green",2,Y
VL-697,https://bd-live-21.slatic.net/kf/S4a6175bac9994d299df2a2e092ef5b22z.jpg,"Alarm Clock, Desktop Mute Quartz Clock Mini Alarm Clock 5cm for Students - Green",3,Y
VL-697,https://bd-live-21.slatic.net/kf/S8ced78653dc44a67a747af392a98acb8x.jpg,"Alarm Clock, Desktop Mute Quartz Clock Mini Alarm Clock 5cm for Students - Green",4,Y
VL-697,https://bd-live-21.slatic.net/kf/Sfd8f2ea3b8f14e55986a6e6a8ef40ee1R.jpg,"Alarm Clock, Desktop Mute Quartz Clock Mini Alarm Clock 5cm for Students - Green",5,Y
VL-697,https://bd-live-21.slatic.net/kf/S817adf9a473b4196b2ec1ba63aaec16ax.jpg,"Alarm Clock, Desktop Mute Quartz Clock Mini Alarm Clock 5cm for Students - Green",6,Y
VL-697,https://bd-live-21.slatic.net/kf/S479804a10a414c0da2b8772d30d7b2abh.jpg,"Alarm Clock, Desktop Mute Quartz Clock Mini Alarm Clock 5cm for Students - Green",7,Y
VL-697,https://bd-live-21.slatic.net/kf/S51acae020fe24ce0adaf0ea9de8eaa3dE.jpg,"Alarm Clock, Desktop Mute Quartz Clock Mini Alarm Clock 5cm for Students - Green",8,Y
VL-698,https://bd-live-21.slatic.net/kf/Sf9d5c6a1670b42f39375c969523c9722o.jpg,"Alarm Clock, Desktop Mute Quartz Clock Mini Alarm Clock 5cm for Students - Multicolor",1,Y
VL-698,https://bd-live-21.slatic.net/kf/S3ad93daf0964498991e7126244cc4676p.jpg,"Alarm Clock, Desktop Mute Quartz Clock Mini Alarm Clock 5cm for Students - Multicolor",2,Y
VL-698,https://bd-live-21.slatic.net/kf/S4a6175bac9994d299df2a2e092ef5b22z.jpg,"Alarm Clock, Desktop Mute Quartz Clock Mini Alarm Clock 5cm for Students - Multicolor",3,Y
VL-698,https://bd-live-21.slatic.net/kf/S8ced78653dc44a67a747af392a98acb8x.jpg,"Alarm Clock, Desktop Mute Quartz Clock Mini Alarm Clock 5cm for Students - Multicolor",4,Y
VL-698,https://bd-live-21.slatic.net/kf/Sfd8f2ea3b8f14e55986a6e6a8ef40ee1R.jpg,"Alarm Clock, Desktop Mute Quartz Clock Mini Alarm Clock 5cm for Students - Multicolor",5,Y
VL-698,https://bd-live-21.slatic.net/kf/S817adf9a473b4196b2ec1ba63aaec16ax.jpg,"Alarm Clock, Desktop Mute Quartz Clock Mini Alarm Clock 5cm for Students - Multicolor",6,Y
VL-698,https://bd-live-21.slatic.net/kf/S479804a10a414c0da2b8772d30d7b2abh.jpg,"Alarm Clock, Desktop Mute Quartz Clock Mini Alarm Clock 5cm for Students - Multicolor",7,Y
VL-698,https://bd-live-21.slatic.net/kf/S51acae020fe24ce0adaf0ea9de8eaa3dE.jpg,"Alarm Clock, Desktop Mute Quartz Clock Mini Alarm Clock 5cm for Students - Multicolor",8,Y
VL-699,https://bd-live-21.slatic.net/kf/Sf9d5c6a1670b42f39375c969523c9722o.jpg,"Alarm Clock, Desktop Mute Quartz Clock Mini Alarm Clock 5cm for Students - Pink",1,Y
VL-699,https://bd-live-21.slatic.net/kf/S3ad93daf0964498991e7126244cc4676p.jpg,"Alarm Clock, Desktop Mute Quartz Clock Mini Alarm Clock 5cm for Students - Pink",2,Y
VL-699,https://bd-live-21.slatic.net/kf/S4a6175bac9994d299df2a2e092ef5b22z.jpg,"Alarm Clock, Desktop Mute Quartz Clock Mini Alarm Clock 5cm for Students - Pink",3,Y
VL-699,https://bd-live-21.slatic.net/kf/S8ced78653dc44a67a747af392a98acb8x.jpg,"Alarm Clock, Desktop Mute Quartz Clock Mini Alarm Clock 5cm for Students - Pink",4,Y
VL-699,https://bd-live-21.slatic.net/kf/Sfd8f2ea3b8f14e55986a6e6a8ef40ee1R.jpg,"Alarm Clock, Desktop Mute Quartz Clock Mini Alarm Clock 5cm for Students - Pink",5,Y
VL-699,https://bd-live-21.slatic.net/kf/S817adf9a473b4196b2ec1ba63aaec16ax.jpg,"Alarm Clock, Desktop Mute Quartz Clock Mini Alarm Clock 5cm for Students - Pink",6,Y
VL-699,https://bd-live-21.slatic.net/kf/S479804a10a414c0da2b8772d30d7b2abh.jpg,"Alarm Clock, Desktop Mute Quartz Clock Mini Alarm Clock 5cm for Students - Pink",7,Y
VL-699,https://bd-live-21.slatic.net/kf/S51acae020fe24ce0adaf0ea9de8eaa3dE.jpg,"Alarm Clock, Desktop Mute Quartz Clock Mini Alarm Clock 5cm for Students - Pink",8,Y
VL-700,https://bd-live-21.slatic.net/kf/Sf9d5c6a1670b42f39375c969523c9722o.jpg,"Alarm Clock, Desktop Mute Quartz Clock Mini Alarm Clock 5cm for Students - Blue",1,Y
VL-700,https://bd-live-21.slatic.net/kf/S3ad93daf0964498991e7126244cc4676p.jpg,"Alarm Clock, Desktop Mute Quartz Clock Mini Alarm Clock 5cm for Students - Blue",2,Y
VL-700,https://bd-live-21.slatic.net/kf/S4a6175bac9994d299df2a2e092ef5b22z.jpg,"Alarm Clock, Desktop Mute Quartz Clock Mini Alarm Clock 5cm for Students - Blue",3,Y
VL-700,https://bd-live-21.slatic.net/kf/S8ced78653dc44a67a747af392a98acb8x.jpg,"Alarm Clock, Desktop Mute Quartz Clock Mini Alarm Clock 5cm for Students - Blue",4,Y
VL-700,https://bd-live-21.slatic.net/kf/Sfd8f2ea3b8f14e55986a6e6a8ef40ee1R.jpg,"Alarm Clock, Desktop Mute Quartz Clock Mini Alarm Clock 5cm for Students - Blue",5,Y
VL-700,https://bd-live-21.slatic.net/kf/S817adf9a473b4196b2ec1ba63aaec16ax.jpg,"Alarm Clock, Desktop Mute Quartz Clock Mini Alarm Clock 5cm for Students - Blue",6,Y
VL-700,https://bd-live-21.slatic.net/kf/S479804a10a414c0da2b8772d30d7b2abh.jpg,"Alarm Clock, Desktop Mute Quartz Clock Mini Alarm Clock 5cm for Students - Blue",7,Y
VL-700,https://bd-live-21.slatic.net/kf/S51acae020fe24ce0adaf0ea9de8eaa3dE.jpg,"Alarm Clock, Desktop Mute Quartz Clock Mini Alarm Clock 5cm for Students - Blue",8,Y
VL-701,https://bd-live-21.slatic.net/kf/Sf9d5c6a1670b42f39375c969523c9722o.jpg,"Alarm Clock, Desktop Mute Quartz Clock Mini Alarm Clock 5cm for Students - Red",1,Y
VL-701,https://bd-live-21.slatic.net/kf/S3ad93daf0964498991e7126244cc4676p.jpg,"Alarm Clock, Desktop Mute Quartz Clock Mini Alarm Clock 5cm for Students - Red",2,Y
VL-701,https://bd-live-21.slatic.net/kf/S4a6175bac9994d299df2a2e092ef5b22z.jpg,"Alarm Clock, Desktop Mute Quartz Clock Mini Alarm Clock 5cm for Students - Red",3,Y
VL-701,https://bd-live-21.slatic.net/kf/S8ced78653dc44a67a747af392a98acb8x.jpg,"Alarm Clock, Desktop Mute Quartz Clock Mini Alarm Clock 5cm for Students - Red",4,Y
VL-701,https://bd-live-21.slatic.net/kf/Sfd8f2ea3b8f14e55986a6e6a8ef40ee1R.jpg,"Alarm Clock, Desktop Mute Quartz Clock Mini Alarm Clock 5cm for Students - Red",5,Y
VL-701,https://bd-live-21.slatic.net/kf/S817adf9a473b4196b2ec1ba63aaec16ax.jpg,"Alarm Clock, Desktop Mute Quartz Clock Mini Alarm Clock 5cm for Students - Red",6,Y
VL-701,https://bd-live-21.slatic.net/kf/S479804a10a414c0da2b8772d30d7b2abh.jpg,"Alarm Clock, Desktop Mute Quartz Clock Mini Alarm Clock 5cm for Students - Red",7,Y
VL-701,https://bd-live-21.slatic.net/kf/S51acae020fe24ce0adaf0ea9de8eaa3dE.jpg,"Alarm Clock, Desktop Mute Quartz Clock Mini Alarm Clock 5cm for Students - Red",8,Y
VL-702,https://bd-live-21.slatic.net/kf/S1a3ca607f9dc46b2805c9da5a15c1216E.jpg,Practical LED Candle Nostalgia Shooting Props Lightweight 80s Retro LED Decorative Candle - Black,1,Y
VL-703,https://bd-live-21.slatic.net/kf/Sf1be8f1fba684e87ac87959b07feb014f.jpg,Practical LED Candle Nostalgia Shooting Props Lightweight 80s Retro LED Decorative Candle - White,1,Y
VL-704,https://bd-live-21.slatic.net/kf/S9cd977417e974a5186825665d7bf84e1Z.jpg,Practical LED Candle Nostalgia Shooting Props Lightweight 80s Retro LED Decorative Candle - Multicolor,1,Y
VL-705,https://bd-live-21.slatic.net/kf/S3d07a1c9965947f0a7eccd6c8fbaf2efB.jpg,Practical LED Candle Nostalgia Shooting Props Lightweight 80s Retro LED Decorative Candle - Red,1,Y
VL-706,https://static-01.daraz.com.bd/p/4c248ecc09d2fe18525db6dc36313abf.jpg,3 Pcs Set Pirax Oven Proof Glass Serving Dish - Transparent 3 Pcs Set,1,Y
VL-706,https://static-01.daraz.com.bd/p/98ee9f966d61be9dd7399700a5f1033c.jpg,3 Pcs Set Pirax Oven Proof Glass Serving Dish - Transparent 3 Pcs Set,2,Y
VL-706,https://static-01.daraz.com.bd/p/5efc1a6f12214265807245d7cd669d7f.jpg,3 Pcs Set Pirax Oven Proof Glass Serving Dish - Transparent 3 Pcs Set,3,Y
VL-706,https://static-01.daraz.com.bd/p/10e63879271079fff8310d2a4505e50c.jpg,3 Pcs Set Pirax Oven Proof Glass Serving Dish - Transparent 3 Pcs Set,4,Y
VL-706,https://bd-live-21.slatic.net/kf/See511deda6da4af298d65d264eea74fbJ.jpg,3 Pcs Set Pirax Oven Proof Glass Serving Dish - Transparent 3 Pcs Set,5,Y
VL-707,https://bd-live-21.slatic.net/kf/Sf7e9d9e5f49f4907a79cb5efd5a876ec8.jpg,LED Ramadan Light Decor 2023 for Home Islamic Muslim Party Decor Ramadan Festival Party Supples Eid Al Adha Gift - White,1,Y
VL-708,https://bd-live-21.slatic.net/kf/S3304b7cb6bcb40039d6df46db0e80ecdv.jpg,LED Ramadan Light Decor 2023 for Home Islamic Muslim Party Decor Ramadan Festival Party Supples Eid Al Adha Gift - Multicolor,1,Y
VL-709,https://bd-live-21.slatic.net/kf/S4b9ac78068734777b0e9d69bd2b9f47aT.jpg,LED Ramadan Light Decor 2023 for Home Islamic Muslim Party Decor Ramadan Festival Party Supples Eid Al Adha Gift - Black,1,Y
VL-710,https://bd-live-21.slatic.net/kf/S1c9b0acd14824ef49b84bb4a57ff48a8S.jpg,Sailing Clock Home Gift Smooth Antique Screen Creative Decoration Digital Silver - Black,1,Y
VL-711,https://bd-live-21.slatic.net/kf/Se6528513ad6441ce83b4c473b38d41e8Z.jpg,Sailing Clock Home Gift Smooth Antique Screen Creative Decoration Digital Silver - Gold,1,Y
VL-712,https://bd-live-21.slatic.net/kf/S18a60c7695794686aef9a0f7944c998dW.jpg,Vintage Windmill Alarm Clock Desk Office Pen Holder Vintage Clock Office Alarm Clock - Black,1,Y
VL-713,https://bd-live-21.slatic.net/kf/Sad2d939efa0b471c85d9bb6548414bf6H.jpg,Vintage Windmill Alarm Clock Desk Office Pen Holder Vintage Clock Office Alarm Clock - Gold,1,Y
VL-714,https://bd-live-21.slatic.net/kf/S2190c14599af4674b6de976bb7fbf8130.jpg,Vintage Windmill Alarm Clock Desk Office Pen Holder Vintage Clock Office Alarm Clock - Multicolor,1,Y
VL-715,https://bd-live-21.slatic.net/kf/Sb48f584a18be4fb685c04bc48fc260d6k.jpg,Bathroom Accessories 4Pcs/Set Bathroom Gadgets Dispenser Cup Soap Dish Toothbrush Holder (Color : Sky Blue),1,Y
VL-716,https://bd-live-21.slatic.net/kf/Sab95daa55dd54eceabe664e0d8ce72e3T.jpg,Handmade Soap Rose Bouquet with Carry Bag Soap Flower Eternal Rose Valentine's Day Creative Birthday Gift Present Gifts - Pink,1,Y
VL-717,https://bd-live-21.slatic.net/kf/Sfbd44eed14ab49b3adcffc18de1bc63b8.jpg,Handmade Soap Rose Bouquet with Carry Bag Soap Flower Eternal Rose Valentine's Day Creative Birthday Gift Present Gifts - Red,1,Y
VL-718,https://bd-live-21.slatic.net/kf/Sd1b99be30e2d4755b443729e5d254bd9t.jpg,Handmade Soap Rose Bouquet with Carry Bag Soap Flower Eternal Rose Valentine's Day Creative Birthday Gift Present Gifts - Purple,1,Y
VL-719,https://bd-live-21.slatic.net/kf/S250a4ce1506c46fbaa4b447cc18026c4S.jpg,Handmade Soap Rose Bouquet with Carry Bag Soap Flower Eternal Rose Valentine's Day Creative Birthday Gift Present Gifts - Blue,1,Y
VL-720,https://bd-live-21.slatic.net/kf/S0a9254585918477aa304fd87bc5091b3d.jpg,4Pcs/Set Bathroom Gadgets Dispenser Cup Soap Dish Toothbrush Holder Bathroom Accessorie (Color : White),1,Y
VL-721,https://bd-live-21.slatic.net/kf/Se6dc7a259b4a4e8686872efcf5a60ec2f.jpg,1PC Bicycle Piggy Bank Money Box Metal Piggy Coin Bank Money Saving Box Home Decoration Figurines Craft Gift For Kids,1,Y
VL-722,https://bd-live-21.slatic.net/kf/S8bd861bc21b944e4872dc490a79cb4b7y.jpg,New stylish light luxury quality multi-functional separation storage plate European glass living room hotel pastry fruit plate.,1,Y
VL-723,https://bd-live-21.slatic.net/kf/S7e68021fa5d5499a93827866c10f0dc2j.jpg,"Galaxy Rose Flower in Glass Dome with LED Strip, Shiny Artificial Gold Foil Rose Gifts, Light Up Lasts Forever Glass Rose, Unique Gifts for Girlfriend/Grandma/Wife/Moms",1,Y
VL-724,https://bd-live-21.slatic.net/kf/Sa879290f70ca4c96801d5d823fe33b84T.jpg,Eid Mubarak LED Warm Retro Night Light Portable Metal Portable Lantern Home Table Wall Lighting Ramadan Party Decoration - Black,1,Y
VL-725,https://bd-live-21.slatic.net/kf/S6df986586cc14652b6def689e390b1d2S.jpg,Eid Mubarak LED Warm Retro Night Light Portable Metal Portable Lantern Home Table Wall Lighting Ramadan Party Decoration - Red,1,Y
VL-726,https://bd-live-21.slatic.net/kf/S45ad194ca7fa43909750918c1f7d8a865.jpg,Eid Mubarak LED Warm Retro Night Light Portable Metal Portable Lantern Home Table Wall Lighting Ramadan Party Decoration - Multicolor,1,Y
VL-727,https://bd-live-21.slatic.net/kf/Sc7a205d0698a48f48124d8463019484cq.jpg,Eid Mubarak LED Warm Retro Night Light Portable Metal Portable Lantern Home Table Wall Lighting Ramadan Party Decoration - Gold,1,Y
VL-728,https://bd-live-21.slatic.net/kf/S12e2270669ed4ab692f57231bd1dd43fA.jpg,Eid Mubarak LED Warm Retro Night Light Portable Metal Portable Lantern Home Table Wall Lighting Ramadan Party Decoration - Silver,1,Y
VL-729,https://bd-live-21.slatic.net/kf/S088f510baa8d4ea59f24c5f4dfe292e2R.jpg,"European-style Metal Tempered Glass Fruit Plate Three-layer Retro Elegant Hotel Home Living Room Fruit Plate (Color : Gold, Size : One size)",1,Y
VL-730,https://bd-live-21.slatic.net/kf/S7b585641e8b84fe7aef6c6f37c0351270.jpg,Luxury Egg Shaped Toothpick Automatic Push-type Toothpick Box Creative Toothpick Holder for Home Hotel Restaurant Decor,1,Y
VL-731,https://bd-live-21.slatic.net/kf/S833707b5b5574881a92bcb4709608302M.jpg,Bronze Tone Metal Vintage Car Model Gifts Gifts for Men Birthday Gift,1,Y
VL-731,https://bd-live-21.slatic.net/kf/S54f7daab5e8c44b284a038e76ddf835c4.jpg,Bronze Tone Metal Vintage Car Model Gifts Gifts for Men Birthday Gift,2,Y
VL-731,https://bd-live-21.slatic.net/kf/S25a4553967694467bb90d0c2baf729f5H.jpg,Bronze Tone Metal Vintage Car Model Gifts Gifts for Men Birthday Gift,3,Y
VL-731,https://bd-live-21.slatic.net/kf/S5ef0634821f64ad4a08b2b5684ee12fdb.jpg,Bronze Tone Metal Vintage Car Model Gifts Gifts for Men Birthday Gift,4,Y
VL-731,https://bd-live-21.slatic.net/kf/S1b89f95ddc7c4fdfbc7a023957080154z.jpg,Bronze Tone Metal Vintage Car Model Gifts Gifts for Men Birthday Gift,5,Y
VL-732,https://bd-live-21.slatic.net/kf/S86a00b593f1342fdb9960c17fa366b6cp.jpg,Metal sculpture Retro Classic Handmade Iron Motorcycle unique metal art decoration Ornaments for Motocycle Lovers (16 * 7 * 9cm) (Brown Curved bicycle),1,Y
VL-732,https://bd-live-21.slatic.net/kf/S5999fae404214b7d88cc0365c52ecfa3x.jpg,Metal sculpture Retro Classic Handmade Iron Motorcycle unique metal art decoration Ornaments for Motocycle Lovers (16 * 7 * 9cm) (Brown Curved bicycle),2,Y
VL-732,https://bd-live-21.slatic.net/kf/S619230501e6b486b8fb10a8fe0222e8fV.jpg,Metal sculpture Retro Classic Handmade Iron Motorcycle unique metal art decoration Ornaments for Motocycle Lovers (16 * 7 * 9cm) (Brown Curved bicycle),3,Y
VL-732,https://bd-live-21.slatic.net/kf/Sab121136f1754408a6693e0a8c2672759.jpg,Metal sculpture Retro Classic Handmade Iron Motorcycle unique metal art decoration Ornaments for Motocycle Lovers (16 * 7 * 9cm) (Brown Curved bicycle),4,Y
VL-732,https://bd-live-21.slatic.net/kf/S72db7a6454344ba39dbbc6276556c8150.jpg,Metal sculpture Retro Classic Handmade Iron Motorcycle unique metal art decoration Ornaments for Motocycle Lovers (16 * 7 * 9cm) (Brown Curved bicycle),5,Y
VL-733,https://bd-live-21.slatic.net/kf/S28ef8f4b57b847bcb068170d5db48be9a.jpg,Flameless Led Candles - Set Of 3 Candle Light Taper Candle Holder Electric Candlesticks Battery Operated Candles Flame Eid Ramadan candes light - Gold,1,Y
VL-734,https://bd-live-21.slatic.net/kf/S92d22ade0d9e4e39b6561d74e21da1f4E.jpg,Flameless Led Candles - Set Of 3 Candle Light Taper Candle Holder Electric Candlesticks Battery Operated Candles Flame Eid Ramadan candes light - Antique gold,1,Y
VL-735,https://bd-live-21.slatic.net/kf/Sb4c94d61c4554d77a6bfcd1401d6285dl.jpg,Ramadan Lantern Mini Eid Mubarak Candle Lantern Black Moon Castle Decorative Hanging Candle Lanterns for Ramadan Decorations Wedding Decorations Table Centerpiece - Gold,1,Y
VL-736,https://bd-live-21.slatic.net/kf/Sf6485af0613d42dc8047dd9786cd44a5M.jpg,Ramadan Lantern Mini Eid Mubarak Candle Lantern Black Moon Castle Decorative Hanging Candle Lanterns for Ramadan Decorations Wedding Decorations Table Centerpiece - Silver,1,Y
VL-737,https://bd-live-21.slatic.net/kf/Sea4a86d045034759a3d506553c77dba76.jpg,DUBAI Futuristic Metal Texture Dubai Museum Ornaments (Office/Home Decor) - Green,1,Y
VL-738,https://bd-live-21.slatic.net/kf/S9ef5c3813b7240b18ddbbcd21deeb5cc4.jpg,DUBAI Futuristic Metal Texture Dubai Museum Ornaments (Office/Home Decor) - Silver,1,Y
VL-739,https://bd-live-21.slatic.net/kf/Se50ced49d50544c5aa58d83bb931ba735.jpg,DUBAI Futuristic Metal Texture Dubai Museum Ornaments (Office/Home Decor) - Red,1,Y
VL-740,https://bd-live-21.slatic.net/kf/Sc0719979439d4a1985829f018584903a9.jpg,DUBAI Futuristic Metal Texture Dubai Museum Ornaments (Office/Home Decor) - Gold,1,Y
VL-741,https://bd-live-21.slatic.net/kf/S8fc38e6fb4674ad1b5aff03daf705a64W.jpg,Moving pendulum  Round Wall Clock - Blue  - C9P Watch,1,Y
VL-742,https://bd-live-21.slatic.net/kf/S7eb974d5ba8d4bf2b35d986d913b3c35d.jpg,Moving pendulum  Wall Clock - Blue and Silver - C9/A Watch - Blue,1,Y
VL-743,https://bd-live-21.slatic.net/kf/Sa554366b89e444be8d45713b233d0d434.jpg,Moving pendulum  Wall Clock - Blue and Silver - C9/A Watch - Silver,1,Y
VL-744,https://bd-live-21.slatic.net/kf/Sa633009ff35f4a449c3f06683e7f3be0s.jpg,Pendulum Wall clock: 16/P(Small),1,Y
VL-745,https://static-01.daraz.com.bd/p/b2af48420acb45bc1a98e6aac17a6a82.jpg,"Nightlight, Led Shell Pearl Night Light Streamer Mermaid Fairy Shell Night Lamp for Bedside Xmas Gift Bedroom Home Decoration Desk Lights - White",1,Y
VL-746,https://static-01.daraz.com.bd/p/66407758c9a684b8688ff0dc2c88d638.jpg,"Nightlight, Led Shell Pearl Night Light Streamer Mermaid Fairy Shell Night Lamp for Bedside Xmas Gift Bedroom Home Decoration Desk Lights - Pink",1,Y
VL-747,https://static-01.daraz.com.bd/p/3ce553b0b4e104053ce7667f92122265.jpg,"Nightlight, Led Shell Pearl Night Light Streamer Mermaid Fairy Shell Night Lamp for Bedside Xmas Gift Bedroom Home Decoration Desk Lights - Blue",1,Y
VL-748,https://static-01.daraz.com.bd/p/63fb00af0ea7b22cd90060de9502a2c3.jpg,"Nightlight, Led Shell Pearl Night Light Streamer Mermaid Fairy Shell Night Lamp for Bedside Xmas Gift Bedroom Home Decoration Desk Lights - Multicolor",1,Y
VL-749,https://bd-live-21.slatic.net/kf/S024942be1d21406c9b49f4b0ac7822672.jpg,Mini K9 Crystal Candle Lantern Gold Silver Candle Holder Wedding Table Centerpieces Candlestick Home Tea Light Holder,1,Y
VL-750,https://static-01.daraz.com.bd/p/b058d069cca65bda5ecc03e214993a31.jpg,"Unique Liquid Wave Cruise Ship Decoration,Titanic,Cruise Ship That No Longer Sinks, for Car Dashboard Decorative Showpiece/Idol, Paperweight, Home Decor Decoration & Gifting Purpose",1,Y
VL-750,https://static-01.daraz.com.bd/p/f095fa7c2d2b8b53eed0a4fe9ac73014.png,"Unique Liquid Wave Cruise Ship Decoration,Titanic,Cruise Ship That No Longer Sinks, for Car Dashboard Decorative Showpiece/Idol, Paperweight, Home Decor Decoration & Gifting Purpose",2,Y
VL-750,https://bd-live-21.slatic.net/kf/S12e15b8492a04cb7ab4ef318ce8553afU.jpg,"Unique Liquid Wave Cruise Ship Decoration,Titanic,Cruise Ship That No Longer Sinks, for Car Dashboard Decorative Showpiece/Idol, Paperweight, Home Decor Decoration & Gifting Purpose",3,Y
VL-750,https://bd-live-21.slatic.net/kf/Seb6512b3077a4e1e9a7c4dcf7bf99940J.jpg,"Unique Liquid Wave Cruise Ship Decoration,Titanic,Cruise Ship That No Longer Sinks, for Car Dashboard Decorative Showpiece/Idol, Paperweight, Home Decor Decoration & Gifting Purpose",4,Y
VL-750,https://bd-live-21.slatic.net/kf/S191c208d5e974fdb9826e0d0b36c7706Q.jpg,"Unique Liquid Wave Cruise Ship Decoration,Titanic,Cruise Ship That No Longer Sinks, for Car Dashboard Decorative Showpiece/Idol, Paperweight, Home Decor Decoration & Gifting Purpose",5,Y
VL-750,https://bd-live-21.slatic.net/kf/S984baf9475a043109b7b230c2ad32fbfg.jpg,"Unique Liquid Wave Cruise Ship Decoration,Titanic,Cruise Ship That No Longer Sinks, for Car Dashboard Decorative Showpiece/Idol, Paperweight, Home Decor Decoration & Gifting Purpose",6,Y
VL-750,https://bd-live-21.slatic.net/kf/Sbf602befd66c4044be6f9c16e15fce81t.jpg,"Unique Liquid Wave Cruise Ship Decoration,Titanic,Cruise Ship That No Longer Sinks, for Car Dashboard Decorative Showpiece/Idol, Paperweight, Home Decor Decoration & Gifting Purpose",7,Y
VL-750,https://bd-live-21.slatic.net/kf/Se32b882e1f3c460bbc5d9e1b357f03e1T.jpg,"Unique Liquid Wave Cruise Ship Decoration,Titanic,Cruise Ship That No Longer Sinks, for Car Dashboard Decorative Showpiece/Idol, Paperweight, Home Decor Decoration & Gifting Purpose",8,Y
VL-751,https://bd-live-21.slatic.net/kf/Sa581231d1dfb4ee6ba4d7ef36acc4509m.jpg,Retro Wall-Mounted Gear Wall Clock Round Roman Numerals Non Ticking Wall Clock Living Room Large Decorative for Bar Cafe Restaurant EtcB-60cm(24inch),1,Y
VL-752,https://bd-live-21.slatic.net/kf/S94083bb5b2ca495ca66aa4b7ce9a02b5W.jpg,Retro Wooden Hourglass Timer – 5 Minute Sand Timer with Blue Sand & Wooden Base – Home Decor & Desk Gift,1,Y
VL-752,https://bd-live-21.slatic.net/kf/Sc3583302e441478293a2aa115fce413dL.jpg,Retro Wooden Hourglass Timer – 5 Minute Sand Timer with Blue Sand & Wooden Base – Home Decor & Desk Gift,2,Y
VL-752,https://bd-live-21.slatic.net/kf/S9aa093b3bd574202bb895b513679c587e.jpg,Retro Wooden Hourglass Timer – 5 Minute Sand Timer with Blue Sand & Wooden Base – Home Decor & Desk Gift,3,Y
VL-752,https://bd-live-21.slatic.net/kf/S5865bb73fad14549992c0b9ae547fa6bo.jpg,Retro Wooden Hourglass Timer – 5 Minute Sand Timer with Blue Sand & Wooden Base – Home Decor & Desk Gift,4,Y
VL-753,https://bd-live-21.slatic.net/kf/S442b7fd9bb724f7791eb38d4f0744994i.jpg,"Stronrive Electric Tea Lights | Battery Operated Cube Tea Lights | Romantic Candles, Electric LED Candles for Christmas, Weddings, Halloween",1,Y
VL-754,https://bd-live-21.slatic.net/kf/S1aacd0c88ab14127ac3f77b96df75618F.jpg,"1pc Creative Desktop Tissue Box, Tissue Holder, Creative Flower Pattern Napkin Box For Home And Office, Tissue Box For Hotel - Red",1,Y
VL-755,https://bd-live-21.slatic.net/kf/Se8b51861b7cb4f94b6876733f05cb203O.jpg,"1pc Creative Desktop Tissue Box, Tissue Holder, Creative Flower Pattern Napkin Box For Home And Office, Tissue Box For Hotel - Silver",1,Y
VL-756,https://bd-live-21.slatic.net/kf/S6c71a6a8c7e64661be264111e2682657d.jpg,"1pc Creative Desktop Tissue Box, Tissue Holder, Creative Flower Pattern Napkin Box For Home And Office, Tissue Box For Hotel - Gold",1,Y
VL-757,https://bd-live-21.slatic.net/kf/Se40157d8a7a8404bb917b49051c25622G.jpg,Crystal & Iron Candle Holders Moon Shaped Candlestick For Home Decoration,1,Y
VL-758,https://bd-live-21.slatic.net/kf/Sdadba508b7a34d3fafede871d78b1e5cR.jpg,"Napkin Holder Gold Sonwaha Napkin Holders for Tables,Napkin Holders for Kitchen Modern Napkin Holder Paper Napkins Holder for Dining,Picnic Table,Kitchen Countertops,Indoor&Outdoor Use",1,Y
VL-759,https://bd-live-21.slatic.net/kf/S2c721170076a4cb989cf5f221bd07e9bX.jpg,"Luxury Crystal Tissue Box Holder - Elegant Gold & Silver, Square Napkin Dispenser For Living Room, Bathroom Decor & Gifts",1,Y
VL-760,https://bd-live-21.slatic.net/kf/S4f406b4e5c744970ac50435f529c2212f.jpg,K9 Modern Transparent Bedroom K9 Crystal Table Lamp Lights Desk Bedside Lamperus De Mesa 110-240v Height 49cm± Wide 21cm± Warm light,1,Y
VL-761,https://bd-live-21.slatic.net/kf/S3112bbb73bae44cea20c9dd92b0e5cadM.jpg,Bride And Groom Candle Metal Lantern Wedding Glass Candle Holder Lantern,1,Y
VL-762,https://bd-live-21.slatic.net/kf/S2c37e04727dc4815bcb2ff8ed85c0c04D.jpg,"Table Top Metal Candle Stand, For Decoration",1,Y
VL-763,https://bd-live-21.slatic.net/kf/S2d8463f2c72d41e38ce73bb3bb574388V.jpg,Aluminum alloy Condiment Pot Seasoning Container Spice Glass Jar Salt Sugar Bowl Pepper Coffee Storage Organizer Swan Rack Set,1,Y
VL-764,https://bd-live-21.slatic.net/kf/Sc16cec8f5d844df5a6cc577eea67f03cC.jpg,Electric Desktop Table Clock Electronic Alarm Digital Big LED Screen Desk Clock Data Time Calendar Desk Watch For Office Home - Black,1,Y
VL-765,https://bd-live-21.slatic.net/kf/S3fb21476d83f4668a2e09e218a6a0388e.jpg,Electric Desktop Table Clock Electronic Alarm Digital Big LED Screen Desk Clock Data Time Calendar Desk Watch For Office Home - Blue,1,Y
VL-766,https://bd-live-21.slatic.net/kf/S07d4d8cd14ad48b5a9feacadacf80b92O.jpg,Electric Desktop Table Clock Electronic Alarm Digital Big LED Screen Desk Clock Data Time Calendar Desk Watch For Office Home - Pink,1,Y
VL-767,https://bd-live-21.slatic.net/kf/S86525f15dc284b2ca18061eabad64412c.jpg,"Vintage Oversized Modern Large Rustic Wall Clock with Moving Gears Steampunk Clocks High quality Gear Machine Wall Clock.
Home Decoration Luxury wall Clock Design for Bedroom, Dining room Living Room Office Decor.",1,Y
VL-768,https://bd-live-21.slatic.net/kf/S1c5aca3fcbe847f7ab90c00732316fd7K.jpg,Enarose Domed Glass Embossed Number Wall Clock A51143,1,Y
VL-769,https://bd-live-21.slatic.net/kf/Sf2a9bcd9c782435d88145ac3e8b2ed61I.jpg,European Metal Candle Holder Glass Handicraft Golden Candlesticks Modern Home Decor,1,Y
VL-770,https://bd-live-21.slatic.net/kf/S9775e02043a44b40866ee058aa365e41i.jpg,European Metal Candle Holder Gold Modern Decor Candle Stick Candle Holder Glass Vase Decorative Vase Dining Table Decor Gifts,1,Y
VL-771,https://bd-live-21.slatic.net/kf/Sd29bace3668e47158fa3604fadc4f60dR.jpg,Creative Bike Design Planter For Home Tricycle with Plant Pot,1,Y
VL-772,https://bd-live-21.slatic.net/kf/S76503cc74c1d4db1acbef51a03eef0468.jpg,Metal Cage With Ceramic Vase,1,Y
VL-773,https://bd-live-21.slatic.net/kf/S4fce10b568ea4025ba34c4665ccd00fer.jpg,Crystal Oval Table Lamp – USB Rechargeable Modern Luxury Night Light for Living Room Bedroom and Bedside Decoration,1,Y
VL-773,https://bd-live-21.slatic.net/kf/S62e04f487b304106a19aaf222cb6d9aeE.jpg,Crystal Oval Table Lamp – USB Rechargeable Modern Luxury Night Light for Living Room Bedroom and Bedside Decoration,2,Y
VL-773,https://bd-live-21.slatic.net/kf/Sfd162ca311a7440894c577ecd6344987i.jpg,Crystal Oval Table Lamp – USB Rechargeable Modern Luxury Night Light for Living Room Bedroom and Bedside Decoration,3,Y
VL-773,https://bd-live-21.slatic.net/kf/S04e33685c39b4f508bab0cae193f3ac4Q.jpg,Crystal Oval Table Lamp – USB Rechargeable Modern Luxury Night Light for Living Room Bedroom and Bedside Decoration,4,Y
VL-773,https://bd-live-21.slatic.net/kf/S2016c3d3e77c4945a55ef00bd59edec05.jpg,Crystal Oval Table Lamp – USB Rechargeable Modern Luxury Night Light for Living Room Bedroom and Bedside Decoration,5,Y
VL-773,https://bd-live-21.slatic.net/kf/Sf356156ba935446280f135233c772e7eo.jpg,Crystal Oval Table Lamp – USB Rechargeable Modern Luxury Night Light for Living Room Bedroom and Bedside Decoration,6,Y
VL-773,https://bd-live-21.slatic.net/kf/S488132bd15ba42cb8c91f29205c8e1e1v.jpg,Crystal Oval Table Lamp – USB Rechargeable Modern Luxury Night Light for Living Room Bedroom and Bedside Decoration,7,Y
VL-773,https://bd-live-21.slatic.net/kf/S88a95477cd71443db256203c54e23c31k.jpg,Crystal Oval Table Lamp – USB Rechargeable Modern Luxury Night Light for Living Room Bedroom and Bedside Decoration,8,Y
VL-774,https://bd-live-21.slatic.net/kf/S39ed8922d854411eafa4ed16c4e4173b9.jpg,"Metal Showpiece Combo Big Ben (18 CM), London Eye (9 CM)",1,Y
VL-774,https://bd-live-21.slatic.net/kf/S712db7360d5d4cf69099b0224edf3ea4l.jpg,"Metal Showpiece Combo Big Ben (18 CM), London Eye (9 CM)",2,Y
VL-774,https://bd-live-21.slatic.net/kf/S26cb5b6aa6954d369d74ef1af9f4bc37F.jpg,"Metal Showpiece Combo Big Ben (18 CM), London Eye (9 CM)",3,Y
VL-774,https://bd-live-21.slatic.net/kf/S04ab9d760b124df394819e573098f77aI.jpg,"Metal Showpiece Combo Big Ben (18 CM), London Eye (9 CM)",4,Y
VL-774,https://bd-live-21.slatic.net/kf/Scfbd89598f4341d49586c54b647f1a1cP.jpg,"Metal Showpiece Combo Big Ben (18 CM), London Eye (9 CM)",5,Y
VL-774,https://bd-live-21.slatic.net/kf/S56c7b331a0a949af947c46328a2a309at.jpg,"Metal Showpiece Combo Big Ben (18 CM), London Eye (9 CM)",6,Y
VL-774,https://bd-live-21.slatic.net/kf/Se0a7b304dc764147b22ca06930b35fcf5.jpg,"Metal Showpiece Combo Big Ben (18 CM), London Eye (9 CM)",7,Y
VL-775,https://bd-live-21.slatic.net/kf/S383f9a3e8b8743ae9c6a75ee674b875a6.jpg,"Dubai Burj Khalifa Tower Miniature, Dubai City Landmark, Souvenir, Model, Replica, Monuments, Decorative Showpiece for Home, Antique Finish (12cm) (S1)",1,Y
VL-775,https://bd-live-21.slatic.net/kf/S1096fbceb6c64ac8911e0c04f36e567de.jpg,"Dubai Burj Khalifa Tower Miniature, Dubai City Landmark, Souvenir, Model, Replica, Monuments, Decorative Showpiece for Home, Antique Finish (12cm) (S1)",2,Y
VL-775,https://bd-live-21.slatic.net/kf/Se0d6b30133fc4273ac85c0113adcbfbdh.jpg,"Dubai Burj Khalifa Tower Miniature, Dubai City Landmark, Souvenir, Model, Replica, Monuments, Decorative Showpiece for Home, Antique Finish (12cm) (S1)",3,Y
VL-775,https://bd-live-21.slatic.net/kf/S5b13b55065dd47758bd8e4b098399d06b.jpg,"Dubai Burj Khalifa Tower Miniature, Dubai City Landmark, Souvenir, Model, Replica, Monuments, Decorative Showpiece for Home, Antique Finish (12cm) (S1)",4,Y
VL-775,https://bd-live-21.slatic.net/kf/Sd1b3e7cc7d5b496292967784a962932dw.jpg,"Dubai Burj Khalifa Tower Miniature, Dubai City Landmark, Souvenir, Model, Replica, Monuments, Decorative Showpiece for Home, Antique Finish (12cm) (S1)",5,Y
VL-776,https://bd-live-21.slatic.net/kf/S271819354a3d46f4a8d458f0bccbc739V.jpg,"Burj Khalifa, Eiffel Tower, Big Ben Tower Combo Model Replica, Souvenir, Table Decorative Showpiece, Home Office Decor, Antique Finish, Metal - 18CM (Combo 1) Pack of 4 (COMBO-49)",1,Y
VL-776,https://bd-live-21.slatic.net/kf/Sd8edfcc47d4e45d081e226a020176bfe7.jpg,"Burj Khalifa, Eiffel Tower, Big Ben Tower Combo Model Replica, Souvenir, Table Decorative Showpiece, Home Office Decor, Antique Finish, Metal - 18CM (Combo 1) Pack of 4 (COMBO-49)",2,Y
VL-776,https://bd-live-21.slatic.net/kf/S389c3ef483434b6eb9beb09983ac81641.jpg,"Burj Khalifa, Eiffel Tower, Big Ben Tower Combo Model Replica, Souvenir, Table Decorative Showpiece, Home Office Decor, Antique Finish, Metal - 18CM (Combo 1) Pack of 4 (COMBO-49)",3,Y
VL-776,https://bd-live-21.slatic.net/kf/S4d09d7d5a7564988b1d09e987d01ef31e.jpg,"Burj Khalifa, Eiffel Tower, Big Ben Tower Combo Model Replica, Souvenir, Table Decorative Showpiece, Home Office Decor, Antique Finish, Metal - 18CM (Combo 1) Pack of 4 (COMBO-49)",4,Y
VL-777,https://static-01.daraz.com.bd/p/2c6931ac92dea0ec7af6201f765b2e7a.jpg,"Loud Alarm Clock for Heavy Sleepers, 4.5"", Silent Quartz, Back Light, Dual Clock Suitable for Adults, Retro Makes You a Punctual Person Silent Non-Ticking Bedside Alarm Clock,  Metal Structure, Retro Vintage Design with Twin Bell - Gold",1,Y
VL-778,https://static-01.daraz.com.bd/p/0157b1a2858a880ae4099d5dfe7a5ecf.jpg,"Loud Alarm Clock for Heavy Sleepers, 4.5"", Silent Quartz, Back Light, Dual Clock Suitable for Adults, Retro Makes You a Punctual Person Silent Non-Ticking Bedside Alarm Clock,  Metal Structure, Retro Vintage Design with Twin Bell - SILVER A",1,Y
VL-779,https://bd-live-21.slatic.net/kf/S6078fb55d6c84b56abcefd0e3da9ff46B.jpg,"Loud Alarm Clock for Heavy Sleepers, 4.5"", Silent Quartz, Back Light, Dual Clock Suitable for Adults, Retro Makes You a Punctual Person Silent Non-Ticking Bedside Alarm Clock,  Metal Structure, Retro Vintage Design with Twin Bell - Multicolor",1,Y
VL-780,https://bd-live-21.slatic.net/kf/S14cc4edba2d841459ab7555532ef25f0H.jpg,"Loud Alarm Clock for Heavy Sleepers, 4.5"", Silent Quartz, Back Light, Dual Clock Suitable for Adults, Retro Makes You a Punctual Person Silent Non-Ticking Bedside Alarm Clock,  Metal Structure, Retro Vintage Design with Twin Bell - Silver",1,Y
VL-781,https://bd-live-21.slatic.net/kf/S8f87aec63bf94ad4975ebf865940c6be9.jpg,"Loud Alarm Clock for Heavy Sleepers, 4.5"", Silent Quartz, Back Light, Dual Clock Suitable for Adults, Retro Makes You a Punctual Person Silent Non-Ticking Bedside Alarm Clock,  Metal Structure, Retro Vintage Design with Twin Bell - Black",1,Y
VL-782,https://bd-live-21.slatic.net/kf/S10998f5daa654e03a925d1ef41354f6ds.jpg,"Loud Alarm Clock for Heavy Sleepers, 4.5"", Silent Quartz, Back Light, Dual Clock Suitable for Adults, Retro Makes You a Punctual Person Silent Non-Ticking Bedside Alarm Clock,  Metal Structure, Retro Vintage Design with Twin Bell - Green",1,Y
VL-783,https://bd-live-21.slatic.net/kf/Sfd9f27b7f8934b2597d2d463a727df93D.jpg,"Loud Alarm Clock for Heavy Sleepers, 4.5"", Silent Quartz, Back Light, Dual Clock Suitable for Adults, Retro Makes You a Punctual Person Silent Non-Ticking Bedside Alarm Clock,  Metal Structure, Retro Vintage Design with Twin Bell - Blue",1,Y
VL-784,https://bd-live-21.slatic.net/kf/S085876dc42a34bccb097666b2a5429604.jpg,"Loud Alarm Clock for Heavy Sleepers, 4.5"", Silent Quartz, Back Light, Dual Clock Suitable for Adults, Retro Makes You a Punctual Person Silent Non-Ticking Bedside Alarm Clock,  Metal Structure, Retro Vintage Design with Twin Bell - Orange",1,Y
VL-785,https://bd-live-21.slatic.net/kf/Sfdca0694896e4da78ed4575e7223dad3a.jpg,"Vintage Retro Alarm Clock with Silent Pointer, Round Number, Dual Bell, Bedside Night Light, Home Decor, Noisy Clocks - antique brass",1,Y
VL-786,https://bd-live-21.slatic.net/kf/Seafdf6badf16439c95d1a384146a305a6.jpg,"Vintage Retro Alarm Clock with Silent Pointer, Round Number, Dual Bell, Bedside Night Light, Home Decor, Noisy Clocks - Bronze",1,Y
VL-787,https://bd-live-21.slatic.net/kf/S51c81af2a4a049c0a01d47f728d47bb0U.jpg,"Vintage Retro Alarm Clock with Silent Pointer, Round Number, Dual Bell, Bedside Night Light, Home Decor, Noisy Clocks - Silver",1,Y
VL-788,https://bd-live-21.slatic.net/kf/S086080e38d164ebab73f30aa85e2e420l.jpg,Western Vintage car Metal Crafts Figurine Statue Model,1,Y
VL-789,https://bd-live-21.slatic.net/kf/Sb13ab2a624d14924a1750799db3bc6b4c.jpg,Shanghai Oriental Pearl TV Tower Ornaments Marker Dots Bronze Statue Decoration House #2,1,Y
VL-790,https://bd-live-21.slatic.net/kf/Sef5019b047164445bcd398ad87283981y.jpg,"Ins LED Crystal Lamp with Touch Sensor Switch, Bedroom Bedside Lamp, USB Rechargeable, Atmosphere Table Lamp, 3 Colors Acrylic Desk Light - Gold",1,Y
VL-791,https://bd-live-21.slatic.net/kf/S7023ab01f4c245ed8bc0c8e5b0d170b0s.jpg,"Ins LED Crystal Lamp with Touch Sensor Switch, Bedroom Bedside Lamp, USB Rechargeable, Atmosphere Table Lamp, 3 Colors Acrylic Desk Light - Gold B",1,Y
VL-792,https://bd-live-21.slatic.net/kf/Scf0b7d06001e4d9e91feedd10dc707ack.jpg,Statue Sculpture Figurine Retro Wrought Iron Classic Car Model Home Accessories Ornaments Boys Handmade Creative Birthday Gifts Home Decor - Black,1,Y
VL-793,https://bd-live-21.slatic.net/kf/Sf226f7ff90224c26b72021d1a628f6c6L.jpg,Statue Sculpture Figurine Retro Wrought Iron Classic Car Model Home Accessories Ornaments Boys Handmade Creative Birthday Gifts Home Decor - Multicolor,1,Y
VL-794,https://bd-live-21.slatic.net/kf/S1f1b9fb38da145b5a82f38eefd67b406R.jpg,"100% hand-made, brand new, will last a long time due to the electroplating process involved in the creation.
Nuts and Bolts - Each of our cars is made of reusable metal parts and nuts and bolts, each of which is unique.
Materials - These stunning desk scu",1,Y
VL-795,https://bd-live-21.slatic.net/kf/S3964584e3b9e4ba58cac53f058385256b.jpg,"Touch Control Crystal Rechargeable Table Desk Lamp
 Night Lights",1,Y
VL-796,https://bd-live-21.slatic.net/kf/Se097a9b31d204f51bb750e14c615d49dw.jpg,"Vintage Gramophone Music Box, Mechanical Clockwork Musical Box for Home Classical Valentine's Day",1,Y
VL-797,https://bd-live-21.slatic.net/kf/S88e23acaec5d494296d864c7b03b156dy.jpg,"Desk Clock, Modern Simple Alarm Clock, 5 Inch Metal Desktop Clock, Silent and Non-Ticking, Home Decorative Clock, Easy to Read in The Office/Bedroom - Pink",1,Y
VL-798,https://bd-live-21.slatic.net/kf/S364215e5b11a402ea9028e9566cb58f0O.jpg,"Desk Clock, Modern Simple Alarm Clock, 5 Inch Metal Desktop Clock, Silent and Non-Ticking, Home Decorative Clock, Easy to Read in The Office/Bedroom - Orange",1,Y
VL-799,https://bd-live-21.slatic.net/kf/S0e11e086a728443ea6b5ef01891643d83.jpg,"Desk Clock, Modern Simple Alarm Clock, 5 Inch Metal Desktop Clock, Silent and Non-Ticking, Home Decorative Clock, Easy to Read in The Office/Bedroom - Black",1,Y
VL-800,https://bd-live-21.slatic.net/kf/S99e2aa4c8111472ca19dd8187d1fe12ed.jpg,"Desk Clock, Modern Simple Alarm Clock, 5 Inch Metal Desktop Clock, Silent and Non-Ticking, Home Decorative Clock, Easy to Read in The Office/Bedroom - Multicolor",1,Y
VL-801,https://bd-live-21.slatic.net/kf/S9917dfbbabcd45e19a56323c081cf348e.jpg,"Desk Clock, Modern Simple Alarm Clock, 5 Inch Metal Desktop Clock, Silent and Non-Ticking, Home Decorative Clock, Easy to Read in The Office/Bedroom - White",1,Y
VL-802,https://bd-live-21.slatic.net/kf/Sc565b5a8de0e42138a55439b90527fe6O.jpg,"Desk Clock, Modern Simple Alarm Clock, 5 Inch Metal Desktop Clock, Silent and Non-Ticking, Home Decorative Clock, Easy to Read in The Office/Bedroom - Grey",1,Y
VL-803,https://bd-live-21.slatic.net/kf/S2b76b24975fa4c1086b2486fb5618256a.jpg,"Oil Lamps for Indoor Use, Vintage Kerosene Lamps for Indoor Use, Height 25 cm Vintage Style Clear Glass Kerosene Lamp with Carry Ring, Large Capacity Oil Lantern - Black",1,Y
VL-804,https://bd-live-21.slatic.net/kf/Sa96263848fdb4ea19b9dfe4d427d434d9.jpg,"Oil Lamps for Indoor Use, Vintage Kerosene Lamps for Indoor Use, Height 25 cm Vintage Style Clear Glass Kerosene Lamp with Carry Ring, Large Capacity Oil Lantern - Grey",1,Y
VL-805,https://bd-live-21.slatic.net/kf/Sc40aaf60686241d6b81bef2628cf9afc1.jpg,"Oil Lamps for Indoor Use, Vintage Kerosene Lamps for Indoor Use, Height 25 cm Vintage Style Clear Glass Kerosene Lamp with Carry Ring, Large Capacity Oil Lantern - Multicolor",1,Y
VL-806,https://bd-live-21.slatic.net/kf/S018ee3beb61a4036b06036e4596cf651s.jpg,"Oil Lamps for Indoor Use, Vintage Kerosene Lamps for Indoor Use, Height 25 cm Vintage Style Clear Glass Kerosene Lamp with Carry Ring, Large Capacity Oil Lantern - Red",1,Y
VL-807,https://bd-live-21.slatic.net/kf/S7e61d0d94f914f529c5cd26a2dcb3ebcV.jpg,"Oil Lamps for Indoor Use, Vintage Kerosene Lamps for Indoor Use, Height 25 cm Vintage Style Clear Glass Kerosene Lamp with Carry Ring, Large Capacity Oil Lantern - Blue",1,Y
VL-808,https://bd-live-21.slatic.net/kf/S50be1f4a579b4d24b7d5f592153326c90.jpg,Small Fire Lamp Christmas Decoration Christmas Decoration Vintage Lantern Lanterns for Indoor Use Lantern Decoration Table Decoration Small Lantern Glass Battery,1,Y
VL-809,https://bd-live-21.slatic.net/kf/Sc9edd329db1c4f45aa16c09ab48e4e81s.jpg,"Crystal Rechargeable Table Touch Control Desk Lamp
 Night Lights - light mooon",1,Y
VL-810,https://bd-live-21.slatic.net/kf/S3d17e1e467e54d0ab76e4bee2f2ef148Q.jpg,"Crystal Rechargeable Table Touch Control Desk Lamp
 Night Lights - light star",1,Y
VL-811,https://bd-live-21.slatic.net/kf/Sc76c6c821efa4fea80a5fe70e7c361e97.jpg,"Crystal Rechargeable Table Touch Control Desk Lamp
 Night Lights - light round",1,Y
VL-812,https://bd-live-21.slatic.net/kf/S55b577563a5d4d6fa9fa11d29fbf2baaC.jpg,"Pendulum Wall Clocks Antique Plastic Grandfather Wall Clock With Swinging Pendulum, Battery Operated Home Decor For Living Room-Brown",1,Y
VL-813,https://bd-live-21.slatic.net/kf/Sf731b27947264b00a092695dbd9535beE.jpg,Flexi Incense Burner with Copper Plate,1,Y
VL-814,https://bd-live-21.slatic.net/kf/S417f987882444ee5972ee19fe489c5211.jpg,LED Desk Lamp for Kids Room Bedside Table Ambient Light,1,Y
VL-815,https://bd-live-21.slatic.net/kf/S5b2bfb147cdf4198b7325407da8e90f18.jpg,Classical instrument music box home wine cabinet decoration violin and guitar octave box home decoration - guitar,1,Y
VL-816,https://bd-live-21.slatic.net/kf/Sdd95d5584c6e4992a3df0c47e212faaaR.jpg,Classical instrument music box home wine cabinet decoration violin and guitar octave box home decoration - randomly,1,Y
VL-817,https://bd-live-21.slatic.net/kf/Sdadfbb7f539b4fde851bee2960f00b00c.jpg,Classical instrument music box home wine cabinet decoration violin and guitar octave box home decoration - violin,1,Y
VL-818,https://bd-live-21.slatic.net/kf/S8a63f73dd59d40eb90bb21886a6f68256.jpg,Classical instrument music box home wine cabinet decoration violin and guitar octave box home decoration - Pipe,1,Y
VL-819,https://bd-live-21.slatic.net/kf/S1b6e416cca6b40ba88977acbe8d553b41.jpg,Creative Bear Pen Holder smart Alarm Clock Cartoon design Cute Children′s Clock Student Desktop Clock Bedside Table Clock,1,Y
VL-820,https://bd-live-21.slatic.net/kf/Sc8647da6751342a38a38031da6aea208q.jpg,500ML Stainless Steel Thermo Vacuum Flask Gift Set | Office & Outdoor Thermos with Cup - Blue,1,Y
VL-821,https://bd-live-21.slatic.net/kf/S74c263de20a94d9383f56cc1edbec822g.jpg,500ML Stainless Steel Thermo Vacuum Flask Gift Set | Office & Outdoor Thermos with Cup - Black,1,Y
VL-822,https://bd-live-21.slatic.net/kf/S2df34f48152e475d95ee528692b13cce6.jpg,500ML Stainless Steel Thermo Vacuum Flask Gift Set | Office & Outdoor Thermos with Cup - Grey,1,Y
VL-823,https://bd-live-21.slatic.net/kf/S43cdc7d4682042c58ce8071ede1ab6c0T.jpg,500ML Stainless Steel Thermo Vacuum Flask Gift Set | Office & Outdoor Thermos with Cup - Green,1,Y
VL-824,https://bd-live-21.slatic.net/kf/S6b361cd1b489407facd9f765ec75ab7cD.jpg,4 Inch Twin Bell Loud Alarm Clock Metal Frame 3D Dial with Backlight Battery Operate Desk Table Alarm Clock For Home and Office - Multicolor,1,Y
VL-825,https://bd-live-21.slatic.net/kf/S917df39c18574d10aa09110b0bd0e769B.jpg,"Led Vintage Kerosene Lamp Effect Table Lamp, Suitable For Indoor And Outdoor, Camping, Party, Festival Decoration - White",1,Y
VL-826,https://bd-live-21.slatic.net/kf/S709f14f2bfaf4cb795c61eab0bb0fb3e4.jpg,"Led Vintage Kerosene Lamp Effect Table Lamp, Suitable For Indoor And Outdoor, Camping, Party, Festival Decoration - Multicolor",1,Y
VL-827,https://bd-live-21.slatic.net/kf/Sdc406e9dabd24f03b8f063ea9def857eo.jpg,"Led Vintage Kerosene Lamp Effect Table Lamp, Suitable For Indoor And Outdoor, Camping, Party, Festival Decoration - Gold",1,Y
VL-828,https://bd-live-21.slatic.net/kf/S9ce6e489a8814dc196a38096469a6322B.jpg,"Led Vintage Kerosene Lamp Effect Table Lamp, Suitable For Indoor And Outdoor, Camping, Party, Festival Decoration - Black",1,Y
VL-829,https://bd-live-21.slatic.net/kf/Sd68cc3538b60418e88a9f93c93ebcbe9X.jpg,"MKYOKO Loud Alarm Clock with Backlight Battery Operated Classic Retro Metal Twin Bell Travel Small Alarm Clocks for Kids Adults and Heavy Sleepers, Super Loud Alarm Clock for Heavy Sleepers,4 inches Twin Bell Alarm Clock with Backlight,Battery Operated,Si - Orange",1,Y
VL-830,https://bd-live-21.slatic.net/kf/Sfd4845d742db4551a9c7f0015c7f68764.jpg,"MKYOKO Loud Alarm Clock with Backlight Battery Operated Classic Retro Metal Twin Bell Travel Small Alarm Clocks for Kids Adults and Heavy Sleepers, Super Loud Alarm Clock for Heavy Sleepers,4 inches Twin Bell Alarm Clock with Backlight,Battery Operated,Si - Green",1,Y
VL-831,https://bd-live-21.slatic.net/kf/S1f244058bb444e91827a5845b0bd68869.jpg,"MKYOKO Loud Alarm Clock with Backlight Battery Operated Classic Retro Metal Twin Bell Travel Small Alarm Clocks for Kids Adults and Heavy Sleepers, Super Loud Alarm Clock for Heavy Sleepers,4 inches Twin Bell Alarm Clock with Backlight,Battery Operated,Si - Black",1,Y
VL-832,https://static-01.daraz.com.bd/p/0157b1a2858a880ae4099d5dfe7a5ecf.jpg,"MKYOKO Loud Alarm Clock with Backlight Battery Operated Classic Retro Metal Twin Bell Travel Small Alarm Clocks for Kids Adults and Heavy Sleepers, Super Loud Alarm Clock for Heavy Sleepers,4 inches Twin Bell Alarm Clock with Backlight,Battery Operated,Si - SILVER A",1,Y
VL-833,https://bd-live-21.slatic.net/kf/S4096dcef657d4291ab21813b8d3ce19fv.jpg,"MKYOKO Loud Alarm Clock with Backlight Battery Operated Classic Retro Metal Twin Bell Travel Small Alarm Clocks for Kids Adults and Heavy Sleepers, Super Loud Alarm Clock for Heavy Sleepers,4 inches Twin Bell Alarm Clock with Backlight,Battery Operated,Si - Blue",1,Y
VL-834,https://bd-live-21.slatic.net/kf/S5361bab2a0e341ceae3a990dca0ef8d8f.jpg,"MKYOKO Loud Alarm Clock with Backlight Battery Operated Classic Retro Metal Twin Bell Travel Small Alarm Clocks for Kids Adults and Heavy Sleepers, Super Loud Alarm Clock for Heavy Sleepers,4 inches Twin Bell Alarm Clock with Backlight,Battery Operated,Si - Multicolor",1,Y
VL-835,https://bd-live-21.slatic.net/kf/S05c5bfad743141f08c6142e66427c5b2r.jpg,"MKYOKO Loud Alarm Clock with Backlight Battery Operated Classic Retro Metal Twin Bell Travel Small Alarm Clocks for Kids Adults and Heavy Sleepers, Super Loud Alarm Clock for Heavy Sleepers,4 inches Twin Bell Alarm Clock with Backlight,Battery Operated,Si - Silver",1,Y
VL-836,https://static-01.daraz.com.bd/p/2c6931ac92dea0ec7af6201f765b2e7a.jpg,"MKYOKO Loud Alarm Clock with Backlight Battery Operated Classic Retro Metal Twin Bell Travel Small Alarm Clocks for Kids Adults and Heavy Sleepers, Super Loud Alarm Clock for Heavy Sleepers,4 inches Twin Bell Alarm Clock with Backlight,Battery Operated,Si - Gold",1,Y
VL-837,https://bd-live-21.slatic.net/kf/S4b2c3c790ffd43a8aa2216ea85e5997dk.jpg,Muslim Ramadan Festival Decor Supplies Led Wind Lantern Pendant Eid Mubarak Light Ornament Ramadan Decoration For Home - Gold,1,Y
VL-838,https://bd-live-21.slatic.net/kf/S61576d385ff042c0b4fb9286fcb9c2f8p.jpg,Muslim Ramadan Festival Decor Supplies Led Wind Lantern Pendant Eid Mubarak Light Ornament Ramadan Decoration For Home - Silver,1,Y
VL-839,https://bd-live-21.slatic.net/kf/S2eec0f2968e14158bd5b5432f3d66c9eA.jpg,Muslim Ramadan Festival Decor Supplies Led Wind Lantern Pendant Eid Mubarak Light Ornament Ramadan Decoration For Home - Black,1,Y
VL-840,https://bd-live-21.slatic.net/kf/Sb61827a18c3641c5b64b692f90ba24853.jpg,4 Inch Twin Bell Loud Alarm Clock Metal Frame 3D Dial with Backlight Battery Operate Desk Table Alarm Clock For Home and Office - Black,1,Y
VL-841,https://bd-live-21.slatic.net/kf/S424245db89264d60aa0e87eb345b81e66.jpg,"Digital Alarm Clock LED Digital Desk Clock Table Electronic Clock Sound Control Backlight Alarm Clocks Bedroom Bedside Kid Home Decor Despertador 4.3"" LED Display with Tempe - Black",1,Y
VL-842,https://bd-live-21.slatic.net/kf/S3352a6e5abfd492d984717f4c4e6dd5cd.jpg,"Digital Alarm Clock LED Digital Desk Clock Table Electronic Clock Sound Control Backlight Alarm Clocks Bedroom Bedside Kid Home Decor Despertador 4.3"" LED Display with Tempe - Green",1,Y
VL-843,https://bd-live-21.slatic.net/kf/S75a83c371c0641db800cb706f008c98cC.jpg,"Digital Alarm Clock LED Digital Desk Clock Table Electronic Clock Sound Control Backlight Alarm Clocks Bedroom Bedside Kid Home Decor Despertador 4.3"" LED Display with Tempe - Blue",1,Y
VL-844,https://bd-live-21.slatic.net/kf/S3a13e22d318b44159507e77cce990f71D.jpg,"Digital Alarm Clock LED Digital Desk Clock Table Electronic Clock Sound Control Backlight Alarm Clocks Bedroom Bedside Kid Home Decor Despertador 4.3"" LED Display with Tempe - Multicolor",1,Y
VL-845,https://bd-live-21.slatic.net/kf/S94791cb2e3fe4f2eac206d816d4eae43O.jpg,"Digital Alarm Clock LED Digital Desk Clock Table Electronic Clock Sound Control Backlight Alarm Clocks Bedroom Bedside Kid Home Decor Despertador 4.3"" LED Display with Tempe - Pink",1,Y
VL-846,https://bd-live-21.slatic.net/kf/Sf1a01590777b435d8f922aa065718815X.jpg,"Adorable Mini Digital Alarm Clock - Small Bedroom Bedside Table Clock with Colorful Design - Perfect Back to School Gift for Students, No Battery Included - Black",1,Y
VL-847,https://bd-live-21.slatic.net/kf/S5f389b9d1cb44d4daa5d70a7c33cf51ao.jpg,"Adorable Mini Digital Alarm Clock - Small Bedroom Bedside Table Clock with Colorful Design - Perfect Back to School Gift for Students, No Battery Included - Pink",1,Y
VL-848,https://bd-live-21.slatic.net/kf/Sd3367f6fa432463ab17fefeeb10378e2e.jpg,"Adorable Mini Digital Alarm Clock - Small Bedroom Bedside Table Clock with Colorful Design - Perfect Back to School Gift for Students, No Battery Included - Blue",1,Y
VL-849,https://bd-live-21.slatic.net/kf/Se350251293e04ebeae8599d669d6f4eeB.jpg,"Adorable Mini Digital Alarm Clock - Small Bedroom Bedside Table Clock with Colorful Design - Perfect Back to School Gift for Students, No Battery Included - Multicolor",1,Y
VL-850,https://bd-live-21.slatic.net/kf/S6915f688837d42968744da2a2ab24006B.jpg,"Adorable Mini Digital Alarm Clock - Small Bedroom Bedside Table Clock with Colorful Design - Perfect Back to School Gift for Students, No Battery Included - White",1,Y
VL-851,https://bd-live-21.slatic.net/kf/S3ad110ba008b4fe7bf29128c71896d55y.jpg,"Mumuso Ramadan Hexagonal Wind Lamp, Gold Ramadan Lantern Lamp EID Mubarak LED Light Ornaments Muslim Party Hang Decor Ramadan Mubarak Decoration LED Night Lamp, Warm Yellow Light - Muslim Eid Crafts Lantern Pendant - Built-in 3LR44 Button Battery - Home B - Multicolor",1,Y
VL-852,https://bd-live-21.slatic.net/kf/Se2a89bff424c484995c21cdb7d55cd40I.jpg,"Mumuso Ramadan Hexagonal Wind Lamp, Gold Ramadan Lantern Lamp EID Mubarak LED Light Ornaments Muslim Party Hang Decor Ramadan Mubarak Decoration LED Night Lamp, Warm Yellow Light - Muslim Eid Crafts Lantern Pendant - Built-in 3LR44 Button Battery - Home B - Gold",1,Y
VL-853,https://bd-live-21.slatic.net/kf/Sda20cd92a8ad42709ba134bb1eb21c49y.jpg,"Mumuso Ramadan Hexagonal Wind Lamp, Gold Ramadan Lantern Lamp EID Mubarak LED Light Ornaments Muslim Party Hang Decor Ramadan Mubarak Decoration LED Night Lamp, Warm Yellow Light - Muslim Eid Crafts Lantern Pendant - Built-in 3LR44 Button Battery - Home B - Black",1,Y
VL-854,https://bd-live-21.slatic.net/kf/S12fe566ffc2048aeb504ff6e7d48da08U.jpg,"Mumuso Ramadan Hexagonal Wind Lamp, Gold Ramadan Lantern Lamp EID Mubarak LED Light Ornaments Muslim Party Hang Decor Ramadan Mubarak Decoration LED Night Lamp, Warm Yellow Light - Muslim Eid Crafts Lantern Pendant - Built-in 3LR44 Button Battery - Home B - Red",1,Y
VL-855,https://bd-live-21.slatic.net/kf/S2346d16b68d6451cb95109b97c3a5c5bY.jpg,"Mumuso Ramadan Hexagonal Wind Lamp, Gold Ramadan Lantern Lamp EID Mubarak LED Light Ornaments Muslim Party Hang Decor Ramadan Mubarak Decoration LED Night Lamp, Warm Yellow Light - Muslim Eid Crafts Lantern Pendant - Built-in 3LR44 Button Battery - Home B - Silver",1,Y
VL-856,https://bd-live-21.slatic.net/kf/S62c227ffe524473990b203f83bcb4e6dr.jpg,"Unique Trapezoidal Ramadan Decoration Table Lamp - LED Electronic Candle Lantern with Six-Sided Carved Hollow Design - Festival Home Decor, Atmosphere Lighting, Ornament Props for Ramadan and Home Celebration - Black",1,Y
VL-857,https://bd-live-21.slatic.net/kf/Sbdd6ac977e0a449c89b626605daa2b5fS.jpg,"Unique Trapezoidal Ramadan Decoration Table Lamp - LED Electronic Candle Lantern with Six-Sided Carved Hollow Design - Festival Home Decor, Atmosphere Lighting, Ornament Props for Ramadan and Home Celebration - Silver",1,Y
VL-858,https://bd-live-21.slatic.net/kf/S5d3e0b84fa22404abea2f7720d169a17D.jpg,"Unique Trapezoidal Ramadan Decoration Table Lamp - LED Electronic Candle Lantern with Six-Sided Carved Hollow Design - Festival Home Decor, Atmosphere Lighting, Ornament Props for Ramadan and Home Celebration - Multicolor",1,Y
VL-859,https://bd-live-21.slatic.net/kf/S9d9a474d60404802a01deaabccf0504bt.jpg,"Unique Trapezoidal Ramadan Decoration Table Lamp - LED Electronic Candle Lantern with Six-Sided Carved Hollow Design - Festival Home Decor, Atmosphere Lighting, Ornament Props for Ramadan and Home Celebration - White",1,Y
VL-860,https://bd-live-21.slatic.net/kf/S92edc7d7fa34408aab824d84d3591e7ak.jpg,"Unique Trapezoidal Ramadan Decoration Table Lamp - LED Electronic Candle Lantern with Six-Sided Carved Hollow Design - Festival Home Decor, Atmosphere Lighting, Ornament Props for Ramadan and Home Celebration - Gold",1,Y
VL-861,https://bd-live-21.slatic.net/kf/Sbb51190c82dc469aa9750b2680071b7eV.jpg,Large Soft & Comfortable Newborn Baby Bedding Set with Protective Mosquito Net & 3 Pillows - Blue,1,Y
VL-862,https://bd-live-21.slatic.net/kf/S7615f907368d467ab033c2760f5e5c5ae.jpg,Large Soft & Comfortable Newborn Baby Bedding Set with Protective Mosquito Net & 3 Pillows - Pink,1,Y
VL-863,https://bd-live-21.slatic.net/kf/S6488a51ad45e452b964878e9ae76b86ec.jpg,Large Soft & Comfortable Newborn Baby Bedding Set with Protective Mosquito Net & 3 Pillows - Red,1,Y
VL-864,https://bd-live-21.slatic.net/kf/S0c9e384f2f2d412b93b1075f01cbdfeeL.jpg,Compas wall clock living room creative clock net red wall lamp restaurant home fashion wall clock silent swing clock - Multicolor,1,Y
VL-865,https://bd-live-21.slatic.net/kf/S08a58252149741df8b620236b0ca2278l.jpg,"Smartwatch and Jewelry Set, Watch, Necklace, Ring, Earrings, Bracelet, Charging Cable Included",1,Y
VL-866,https://bd-live-21.slatic.net/kf/S6b7d61eae9f448a5b43672e53361041aM.jpg,Multifunction Metal Mesh Office Desk Organizer Pen Business Card Holder Stationery Organizer - Black,1,Y
VL-867,https://bd-live-21.slatic.net/kf/S075f7618f00048e68daa9d8b0ba249c4q.jpg,Multifunction Metal Mesh Office Desk Organizer Pen Business Card Holder Stationery Organizer - Multicolor,1,Y
VL-868,https://bd-live-21.slatic.net/kf/S768942bbf66b497e928877012bb82c11n.jpg,desktop table promotion custom multi purpose single stand office mesh metal black pencil cup pen holder,1,Y
VL-869,https://bd-live-21.slatic.net/kf/S493909163ee94c9fad5ea17e5c19f3ccu.jpg,Swing Decoration pendulum Wall Clock movement Luxury Decoration Modern Fashion 3D Digital Silent Living Room Clock Table - White,1,Y
VL-870,https://bd-live-21.slatic.net/kf/S1883582c004844b6aff3b7d315921b6e3.jpg,Swing Decoration pendulum Wall Clock movement Luxury Decoration Modern Fashion 3D Digital Silent Living Room Clock Table - Gold,1,Y
VL-871,https://bd-live-21.slatic.net/kf/S72c17f9b10c54f4c9a985c8b7ab5ca71j.jpg,Swing Decoration pendulum Wall Clock movement Luxury Decoration Modern Fashion 3D Digital Silent Living Room Clock Table - Multicolor,1,Y
VL-872,https://bd-live-21.slatic.net/kf/S734ce2db027a4ef18f7537a10e1759626.jpg,wall clock dual-purpose rectangular classic style silent grandfather pendulum wall clock,1,Y
VL-873,https://bd-live-21.slatic.net/kf/S7100d3bea6da4076aaebd88f9cdbfa535.jpg,"10 in 1 Magnet Kit Stress Releaf Project Ceramic Educational Teamwork Matching Skills Fun,Science Magnetic Balls Art & Craft Bar/Ring/Thread/Car Magnets",1,Y
VL-874,https://bd-live-21.slatic.net/kf/Sc41aac1821a546b7b54c331747f0bfc6D.jpg,Wall Clock Silent Gold Round Wall Clock Wall Art Wall Clock Living Room Home Decoration Wall Clock Room Decoration (D As show),1,Y
VL-875,https://bd-live-21.slatic.net/kf/Sf2980cb540624152bfcdc41f109b6e43a.jpg,European style living room large silent double-sided wall clock creative modern quartz wall clock,1,Y
VL-876,https://bd-live-21.slatic.net/kf/S7e6d3a0c7b164eea9292aa456d244ab84.jpg,Balance eagle tower desktop decoration balance model alloy Eiffel bird dining table cabinet table ornament metal decoration office desk ornament modern home decor sculpture,1,Y
VL-877,https://bd-live-21.slatic.net/kf/S9e55fd2f586f4ec78382f971b48dd944j.jpg,Cute Chicken Egg-Shaped Cartoon Alarm Clock for Kids | 8.5 cm Analog Desk Clock | Bedroom Decor | Best Return Birthday Gift for Boys & Girls,1,Y
VL-878,https://bd-live-21.slatic.net/kf/S598ef8169e2c4fe9860d6eea8ca960620.jpg,Yellow Duck LED Night Light Auto Lamp Kid Room Beside Lights Cute EU / US Plug,1,Y
VL-879,https://bd-live-21.slatic.net/kf/S768942bbf66b497e928877012bb82c11n.jpg,desktop table promotion custom multi purpose single stand office mesh metal black pencil cup pen holder,1,Y
VL-880,https://static-01.daraz.com.bd/p/f632e87f24b00d496ca157d5d66143ad.jpg,"Glass Little Message Bottle, for Gift Purpose, Birthday & Other Occasion Secret Message Bottle - Transparent",1,Y
VL-880,https://static-01.daraz.com.bd/p/efff755bfab262a5ab2113abe86be79f.jpg,"Glass Little Message Bottle, for Gift Purpose, Birthday & Other Occasion Secret Message Bottle - Transparent",2,Y
VL-880,https://static-01.daraz.com.bd/p/5cc5f3479a2b29ad5719e739f545ece3.jpg,"Glass Little Message Bottle, for Gift Purpose, Birthday & Other Occasion Secret Message Bottle - Transparent",3,Y
VL-881,https://bd-live-21.slatic.net/kf/Sf0980bab44bc4f2daa3b5711527a6d8eV.jpg,Colorful LED Optic Fiber Flower Light Star Sky Shaped Valentine Party Lamp Day Atmosphere Home Decoration Night Festival,1,Y
VL-882,https://bd-live-21.slatic.net/kf/Sbd05f886c261473cbad92028b373c3e7o.jpg,Battery Operated Led Candle Flameless Flickering Fake Candle Multicolor Color Lamp Birthday Party Tealights,1,Y
VL-883,https://bd-live-21.slatic.net/kf/S0c9e384f2f2d412b93b1075f01cbdfeeL.jpg,Compas wall clock living room creative clock net red wall lamp restaurant home fashion wall clock silent swing clock - Multicolor,1,Y
VL-884,https://bd-live-21.slatic.net/kf/S0865b00ec1e448ef9baa3259d784ffd5I.jpg,Boat Pen holder Mini Boat Nautical Souvenirs Sailor Souvenir Boat - Multicolor,1,Y
VL-885,https://bd-live-21.slatic.net/kf/S2584a865277d4b02bef91928106f4061m.jpg,Boat Pen holder Mini Boat Nautical Souvenirs Sailor Souvenir Boat - Purple,1,Y
VL-886,https://bd-live-21.slatic.net/kf/S5a560aeee71f42b3819563311bceb0908.jpg,Boat Pen holder Mini Boat Nautical Souvenirs Sailor Souvenir Boat - Green,1,Y
VL-887,https://static-01.daraz.com.bd/p/8c223f6e0e418908e1e57acce0c6a822.jpg,Squid Game Face-Mask - Premium Quality for Fans,1,Y
VL-887,https://static-01.daraz.com.bd/p/be1574d9d49e9638b04f74d508e98399.jpg,Squid Game Face-Mask - Premium Quality for Fans,2,Y
VL-887,https://static-01.daraz.com.bd/p/d4e1d956e1af77a6d57fbefb8b227baf.jpg,Squid Game Face-Mask - Premium Quality for Fans,3,Y
VL-888,https://bd-live-21.slatic.net/kf/S85eb37ad1d384474a9a54480d88ad7b4L.jpg,"Ramadan, Eid , Simulation Fire Wind Lamp Portable Small Halloween LED Light Decor Eid,Ramadan",1,Y
VL-889,https://bd-live-21.slatic.net/kf/S30d1667b7a8d4ee4894e70bc6cd3dd8fG.jpg,Ramadan Lantern Decor Plastic LED Eid Mubarak Lamp Exquisite Battery Powered Ramadan Festival Light Home for Tabletop Decor,1,Y
VL-890,https://bd-live-21.slatic.net/kf/S3ad731bdd4e74b6398b9e6c30a27a7d1F.jpg,"Simulation Fire Wind Lamp Portable Small Halloween LED Light Decor Eid,Ramadan",1,Y
VL-891,https://bd-live-21.slatic.net/kf/Se2419b2c9176447db47068371f8ab386x.jpg,Led Candle Flameless Flickering Fake Candle Multicolor Color Lamp Birthday Party Tealights Battery Operated quantity 01pcs,1,Y
VL-892,https://bd-live-21.slatic.net/kf/S418466a0eb6d4864afaa7f2657e226711.jpg,"Lotus Lamp Led Candle Electronic LED Candle Set Lighting Wedding Party Festival Decorations Led Candle

Perfect for Eid , Ramadan",1,Y
VL-893,https://bd-live-21.slatic.net/kf/S3786d06bf3864136a2a4636f933242781.jpg,Stylish Trendy Sunglass | DR 1001 D,1,Y
VL-894,https://bd-live-21.slatic.net/kf/S074a423a069c4f70b10f57cbf32b850cb.jpg,Happy Time Bear Desk Clock for Kids,1,Y
VL-895,https://bd-live-21.slatic.net/kf/S5ba051c261684ece95c6cc063f4f4501w.jpg,"Vintage Rose Tower Desk Clock - Quartz Alarm Clock with Ornate Design, Battery-Powered (AA) for Home, Office, Study - Ideal for Bookshelf, Living Room Decor & Special Occasions like Valentine's & Easter",1,Y
VL-896,https://bd-live-21.slatic.net/kf/S9411f753b4c347879dc73e40e6ccbd7bm.jpg,New Robot Alarm Clock Fashion Personality Creative Alarm Clock Student Bedside Clock Home Alarm Clock Hand Quartz Digital Table Alarm Clock,1,Y
VL-897,https://bd-live-21.slatic.net/kf/S18a16ce22fed42849a4196eaeeb2a8a4Z.jpg,Flat Eagle Kite 1.1m Flying Bird Kite With 30 Meter Kite Line Large Kite Kids Gift Family Trips Garden Outdoor Sports DIY Toy,1,Y
VL-898,https://bd-live-21.slatic.net/kf/Sc9a6f214163646a591148d60ac7eb05fL.jpg,"Acrylic Plastic Battery Operated Mini Lantern | LED Lamp Candle for Vintage Antique Decoration (Square, 1)",1,Y
VL-899,https://bd-live-21.slatic.net/kf/S2f10468f9e934847afc805f9316d2bc5D.jpg,"1:160 Scale Airbus A380 Airplane Model (45cm) – Passenger Aircraft Toy for Kids & Adults, DIY Assembly Kit, Home & Office Decor, Gift Item",1,Y
VL-900,https://bd-live-21.slatic.net/kf/S9775661855874800b340a1e1ea0a8ba4h.jpg,Cute Mini Metal Alarm Clock Portable Creative 5cm Clockin Bedroom Home Decoration,1,Y
VL-901,https://bd-live-21.slatic.net/kf/S35793a6ad63a498b85d660e811ce6919l.jpg,"Ceramic Flower Vase for Home Decoration – Elegant Indoor Vases for Living Room, Bedroom & Tabletop Decor",1,Y
VL-902,https://bd-live-21.slatic.net/kf/Sa9b5b737ce2546ea81e5a6b64e550568K.jpg,3 PIECE WALL BUTTERFLY MIRRORS,1,Y
VL-903,https://bd-live-21.slatic.net/kf/S5220559ebfd4481293bbdac13d9c1385A.jpg,"12 PCS Gold 3D Butterfly Wall Stickers – Elegant Art Decal for Room, Wedding, Party & Home Decoration",1,Y
VL-904,https://bd-live-21.slatic.net/kf/S83eb59aad3784b33b4e7d1f3f33ae739H.jpg,1.1m Large Eagle Kite for Kids & Family – Includes 30m Flying Line – Outdoor Garden Fun Toy,1,Y
VL-905,https://bd-live-21.slatic.net/kf/Sdeba0fd9ecb04dcb94db75a84cf9ab59Y.jpg,"Crystal LED Table Lamp – Modern Scandinavian Design with Soft Light for Bedroom, Living Room & Home Decor",1,Y
VL-906,https://bd-live-21.slatic.net/kf/S43fde2bcb2044a688828ab88578700aap.jpg,"Crystal Makeup Brush Holder – Elegant Cosmetic Organizer & Gift Idea for Eid, Christmas, Birthday & Anniversary",1,Y
VL-907,https://bd-live-21.slatic.net/kf/S56bca7acdccd4801b140583da3ef3be3e.jpg,"14.2cm Rotating World Globe for Kids & Adults – Stainless Steel Stand, Clear Map for Geography Learning & Home Office Decoration - Blue",1,Y
VL-908,https://bd-live-21.slatic.net/kf/S29da80b2c23b438faf8665525e8bb828t.jpg,"14.2cm Rotating World Globe for Kids & Adults – Stainless Steel Stand, Clear Map for Geography Learning & Home Office Decoration - White",1,Y
VL-909,https://bd-live-21.slatic.net/kf/S2db2a431954941fe80a0ed07331cc15eJ.jpg,"Educational 10.6cm World Globe for Kids – Rotating Map for Geography Learning, Clear Details, Perfect for Classroom & Desk Decor - Blue",1,Y
VL-910,https://bd-live-21.slatic.net/kf/Scc858984fa684238bb92a402728f4868W.jpg,"Educational 10.6cm World Globe for Kids – Rotating Map for Geography Learning, Clear Details, Perfect for Classroom & Desk Decor - White",1,Y
VL-911,https://bd-live-21.slatic.net/kf/Sfa6c9abaa6e94f2ab46bd13670151e9bm.jpg,"LED Small Candle Lanterns Decorative, Tea Light Lantern Decoration, Black Hanging Decorative Lantern, Table Centerpiece for Wedding Xmas Ramadan Decor, Battery Included",1,Y
VL-911,https://bd-live-21.slatic.net/kf/S5e7164a323764ea8af4d27266f4773c0e.jpg,"LED Small Candle Lanterns Decorative, Tea Light Lantern Decoration, Black Hanging Decorative Lantern, Table Centerpiece for Wedding Xmas Ramadan Decor, Battery Included",2,Y
VL-911,https://bd-live-21.slatic.net/kf/Sa1391fcf89214eae9c9cbd1755f89adfR.jpg,"LED Small Candle Lanterns Decorative, Tea Light Lantern Decoration, Black Hanging Decorative Lantern, Table Centerpiece for Wedding Xmas Ramadan Decor, Battery Included",3,Y
VL-911,https://bd-live-21.slatic.net/kf/Sa23063cb56a04015bf06130101ed9b6ch.jpg,"LED Small Candle Lanterns Decorative, Tea Light Lantern Decoration, Black Hanging Decorative Lantern, Table Centerpiece for Wedding Xmas Ramadan Decor, Battery Included",4,Y
VL-911,https://bd-live-21.slatic.net/kf/S5bb839da903043e2800f9a27ede766a9V.jpg,"LED Small Candle Lanterns Decorative, Tea Light Lantern Decoration, Black Hanging Decorative Lantern, Table Centerpiece for Wedding Xmas Ramadan Decor, Battery Included",5,Y
VL-911,https://bd-live-21.slatic.net/kf/Sec4d53c4995b4972be143b4b05582e306.jpg,"LED Small Candle Lanterns Decorative, Tea Light Lantern Decoration, Black Hanging Decorative Lantern, Table Centerpiece for Wedding Xmas Ramadan Decor, Battery Included",6,Y
VL-912,https://bd-live-21.slatic.net/kf/S3e58722d54e2491780586ed49ebcbf79k.jpg,"Heart-Shaped Makeup Brush Holder – Cosmetic Storage Cup for Eyeliner, Pencils & Desk | Gift Idea for Eid, Christmas, Birthday & Anniversary",1,Y
VL-913,https://bd-live-21.slatic.net/kf/S145c465601ea456798961723859a54d4k.jpg,"Ramadan LED Candle Lantern – Decorative Moonlight Lamp for Eid Mubarak, Battery Operated Hanging Night Light",1,Y
VL-914,https://bd-live-21.slatic.net/kf/S7b21561fa3444a3f86738b2addbbac231.jpg,"Violin-Shaped Alarm Clock with Pen Holder – Creative Musical Desk Clock for Bedroom, Living Room & Gift Decor - White",1,Y
VL-915,https://bd-live-21.slatic.net/kf/S19716a01abed4635963b55c91b39dcfd8.jpg,"Violin-Shaped Alarm Clock with Pen Holder – Creative Musical Desk Clock for Bedroom, Living Room & Gift Decor - Red",1,Y
VL-916,https://bd-live-21.slatic.net/kf/Saac8fee44e2445d481aa6dd725b8b1ec9.jpg,"Everlasting LED Rose in Glass Dome – Romantic Gift for Valentine’s Day, Anniversary, Eid,Christmas & Home Decor",1,Y
VL-917,https://bd-live-21.slatic.net/kf/Se019621438544e8fa4b44bc5bfac56d3b.jpg,Floating Cruise Ship Drift Bottle – Acrylic Liquid Motion Desk & Car Decor | Mini Ship in a Bottle Novelty Gift,1,Y
VL-918,https://bd-live-21.slatic.net/kf/S230fd4d21a994ad2b9421fa70b6b29aaY.jpg,3D Rotatable Sand Art Hourglass – Moving Quicksand Painting in Round Glass Frame for Home Decor & Gifts - Pink,1,Y
VL-919,https://bd-live-21.slatic.net/kf/S65277df7918e43109d1f56b57db7ce38g.jpg,3D Rotatable Sand Art Hourglass – Moving Quicksand Painting in Round Glass Frame for Home Decor & Gifts - Blue,1,Y
VL-920,https://bd-live-21.slatic.net/kf/Sf93081d992cc408ebf825a4a8494bf2aA.jpg,3D Rotatable Sand Art Hourglass – Moving Quicksand Painting in Round Glass Frame for Home Decor & Gifts - Multicolor,1,Y
VL-921,https://bd-live-21.slatic.net/kf/Sdd25a8771e0244e5ae128d54cce6bfd06.jpg,3D Rotatable Sand Art Hourglass – Moving Quicksand Painting in Round Glass Frame for Home Decor & Gifts - White,1,Y
VL-922,https://bd-live-21.slatic.net/kf/Sa34310a66f6d462084a084d1cccc51d0h.jpg,3D Rotatable Sand Art Hourglass – Moving Quicksand Painting in Round Glass Frame for Home Decor & Gifts - Yellow,1,Y
VL-923,https://bd-live-21.slatic.net/kf/Sde4b9b9446c94664be6c475c0a3ae0c5i.jpg,"ColourBright 30-Minute Large Sand Timer – Modern Hourglass with Colored Sand for Home, Office & Study Decor - Blue",1,Y
VL-924,https://bd-live-21.slatic.net/kf/S2b7dffa9a4534c9f95e2097382724eaan.jpg,"ColourBright 30-Minute Large Sand Timer – Modern Hourglass with Colored Sand for Home, Office & Study Decor - Black",1,Y
VL-925,https://bd-live-21.slatic.net/kf/S8b651110285c44bfbaea5dc6275d4149w.jpg,"ColourBright 30-Minute Large Sand Timer – Modern Hourglass with Colored Sand for Home, Office & Study Decor - Yellow",1,Y
VL-926,https://bd-live-21.slatic.net/kf/S682476c89bd9470bb180c09a0a30ecd3z.jpg,"ColourBright 30-Minute Large Sand Timer – Modern Hourglass with Colored Sand for Home, Office & Study Decor - Orange",1,Y
VL-927,https://bd-live-21.slatic.net/kf/Sa0fe6f4e5823427b9063e938953accc3K.jpg,"ColourBright 30-Minute Large Sand Timer – Modern Hourglass with Colored Sand for Home, Office & Study Decor - Green",1,Y
VL-928,https://bd-live-21.slatic.net/kf/S5214114e6fc74fbfa85f5b8d47a42fbcP.jpg,"ColourBright 30-Minute Large Sand Timer – Modern Hourglass with Colored Sand for Home, Office & Study Decor - Multicolor",1,Y
VL-929,https://bd-live-21.slatic.net/kf/Se36944fa365847a19eb736441a9e3d4e5.jpg,"10cm Mini LED Retro Pony Lantern – Glowing Candle Night Light for Dollhouse, Home Decor & Gifts",1,Y
VL-930,https://bd-live-21.slatic.net/kf/S9167daa96f2e42a5baab954191a23770z.jpg,"3-in-1 Sand Timer – 1, 2, 3 Minute Hourglass for Kitchen, Study & Office Desk Decoration",1,Y
VL-931,https://bd-live-21.slatic.net/kf/S3c2e1c567799474494d41955eec3cad04.jpg,Black Metal Tall Ribbed Decorative Vase with Gold Tops (Set of 2),1,Y
VL-932,https://bd-live-21.slatic.net/kf/S6873b780dae64bc1926087cfe40112bdm.jpg,"Long Pole LED Electronic Candle Light – Smokeless Plastic Swing Flame Candle for Buddha Lamp, Wedding & Home Decor",1,Y
VL-933,https://bd-live-21.slatic.net/kf/Seeaf3e9bbb174e42830684824076fe47M.jpg,"20cm Luxury Vintage World Globe – Political Earth Map with Metal Base for Education, Table Decor & Gift - Blue",1,Y
VL-934,https://bd-live-21.slatic.net/kf/Se7953bd1db214210995141e70705aa42T.jpg,"20cm Luxury Vintage World Globe – Political Earth Map with Metal Base for Education, Table Decor & Gift - Black",1,Y
VL-935,https://bd-live-21.slatic.net/kf/Sd2b277554c494b6e8f28789694e98159j.jpg,Modern Wrought Iron Indoor Water Fountain – Stylish Desktop Metal Fountain with Pump for Home & Office Decor,1,Y
VL-936,https://bd-live-21.slatic.net/kf/Sa91684f84c8f4dec94aa2d295b23fbaaL.jpg,LED Golden Pillar Crystal Table Lamp,1,Y
VL-937,https://bd-live-21.slatic.net/kf/S474b5c7011d947e48158c2b993533a39C.jpg,"Luxury Metal Wall Decor – Leaf & Flower Design in Gold, Green, Blue & Black – Premium Home Wall Art Decoration",1,Y
VL-938,https://bd-live-21.slatic.net/kf/See2a2529c30040549f18ee89a37c9d28Q.jpg,"Retro LED Lantern – Warm Light Vintage Table Lamp for Home, Ramadan & Festival Decoration – 12cm - Silver",1,Y
VL-939,https://bd-live-21.slatic.net/kf/S1d0ae23c78ae49fd8f63ff1cd319abe9n.jpg,"Retro LED Lantern – Warm Light Vintage Table Lamp for Home, Ramadan & Festival Decoration – 12cm - Gold",1,Y
VL-940,https://bd-live-21.slatic.net/kf/S5217e171e5f548309ba0a5df346664c65.jpg,"Retro LED Lantern – Warm Light Vintage Table Lamp for Home, Ramadan & Festival Decoration – 12cm - Black",1,Y
VL-941,https://bd-live-21.slatic.net/kf/S2f5e78a07d564eada2414b8836d678ddn.jpg,"Retro LED Lantern – Warm Light Vintage Table Lamp for Home, Ramadan & Festival Decoration – 12cm - Multicolor",1,Y
VL-942,https://bd-live-21.slatic.net/kf/Sf0f435f80f0f433ea57dd3a30cd875d2D.jpg,"Metal Wall Decor – Elegant Leaf & Flower Design in Golden, Green, Blue & Black Colors – Home & Living Room Decoration",1,Y
VL-943,https://bd-live-21.slatic.net/kf/Sb1f2cb64eb054e0c85692f83e05e407fl.jpg,"20cm Geographic Globe – PVC World Map for Students, Rotating Educational Earth Globe with Stand - Pink",1,Y
VL-944,https://bd-live-21.slatic.net/kf/S261653a502c74760b01d474e6872ed66y.jpg,"20cm Geographic Globe – PVC World Map for Students, Rotating Educational Earth Globe with Stand - Blue",1,Y
VL-945,https://bd-live-21.slatic.net/kf/S0ba214ae087747a0bd7aef3d84ab3d35r.jpg,"Geographic globe, PVC, Black, 20cm",1,Y
VL-946,https://bd-live-21.slatic.net/kf/S39a90a735b004e7c90ef5c3f7dfb10c54.jpg,Luxury Arabic Style Tea Set Showpiece – 7 Pcs Decorative Gift Set - Purple,1,Y
VL-947,https://bd-live-21.slatic.net/kf/S900a75da18d6431a81f4bf1ac0a4c3f3M.jpg,Luxury Arabic Style Tea Set Showpiece – 7 Pcs Decorative Gift Set - Red,1,Y
VL-948,https://bd-live-21.slatic.net/kf/S685d6dbe95ff4db5947c89f6db3c3303X.jpg,Luxury Arabic Style Tea Set Showpiece – 7 Pcs Decorative Gift Set - Green,1,Y
VL-949,https://bd-live-21.slatic.net/kf/S170cbdcf8f2e477daba52628c755915ci.jpg,"Flameless LED Tea Light Candle – Battery Operated, Transparent Acrylic Design – Home Decor, Party & Night Light",1,Y
VL-950,https://bd-live-21.slatic.net/kf/Sc747eae208f54f4cac6b82ec20caf89cz.jpg,Happy Birthday Banner Set – 1 Set Letter Flag Decoration with Confetti Balloons – Rose Gold / Blue Theme Party Decor - Pink,1,Y
VL-951,https://bd-live-21.slatic.net/kf/Sa0f0c9d1caf6432f8479d066984c90855.jpg,Happy Birthday Banner Set – 1 Set Letter Flag Decoration with Confetti Balloons – Rose Gold / Blue Theme Party Decor - Green,1,Y
VL-952,https://bd-live-21.slatic.net/kf/S8bb0454fcddf4deb9f3814dfbb77adc24.jpg,Happy Birthday Banner Set – 1 Set Letter Flag Decoration with Confetti Balloons – Rose Gold / Blue Theme Party Decor - Black,1,Y
VL-953,https://bd-live-21.slatic.net/kf/Sa8f870673b304187826d90f1440b5d4aJ.jpg,Happy Birthday Banner Set – 1 Set Letter Flag Decoration with Confetti Balloons – Rose Gold / Blue Theme Party Decor - Blue,1,Y
VL-954,https://bd-live-21.slatic.net/kf/Se06163b2287e49cf8dc88501b014e7b37.jpg,Happy Birthday Banner Set – 1 Set Letter Flag Decoration with Confetti Balloons – Rose Gold / Blue Theme Party Decor - Sky Blue,1,Y
VL-955,https://bd-live-21.slatic.net/kf/Sfea96d77d1b04aaf854f4d4407d9bc7b6.jpg,Happy Birthday Banner Set – 1 Set Letter Flag Decoration with Confetti Balloons – Rose Gold / Blue Theme Party Decor - White,1,Y
VL-956,https://bd-live-21.slatic.net/kf/Sd1ee6704f19e4e9ca64287f4f32208d66.jpg,Happy Birthday Banner Set – 1 Set Letter Flag Decoration with Confetti Balloons – Rose Gold / Blue Theme Party Decor - Multicolor,1,Y
VL-957,https://bd-live-21.slatic.net/kf/S34d076a189b04d0099f69a6014c6ac45S.jpg,"3pcs Crystal LED Flameless Candle Light Set – Battery Operated Tealight for Eid, Ramadan,Wedding, Party, Christmas, and Home Decor",1,Y
VL-958,https://bd-live-21.slatic.net/kf/S3c5cb31e29a54e51ab70ba7da94d0783P.jpg,"Crystal LED Flameless Candle Light – Battery Operated Tealight for Wedding, Party, Christmas, Halloween Decor",1,Y
VL-959,https://bd-live-21.slatic.net/kf/S5c66a3f1141e4dee985113dc3eb31a7eT.jpg,"Elegant Gold Moon & Star Table Night Light – Decorative Ambient Lamp for Home, Eid, Ramadan, Party, Holiday, Christmas & Gifts (27×17.5×10cm) - 1",1,Y
VL-960,https://bd-live-21.slatic.net/kf/S6efc817f1d8446e1b5be2c2dad73e3cfz.jpg,"Elegant Gold Moon & Star Table Night Light – Decorative Ambient Lamp for Home, Eid, Ramadan, Party, Holiday, Christmas & Gifts (27×17.5×10cm) - 2",1,Y
VL-961,https://bd-live-21.slatic.net/kf/S5f04b01c2ffc428da1ddba6dc9687ca0k.jpg,"Modern Golden Metal Fruit Basket – Decorative Storage Bowl for Kitchen, Table & Home Decor (28x20cm)",1,Y
VL-962,https://bd-live-21.slatic.net/kf/S759173ade4d9456fae705c66bb795988l.jpg,"Vintage Honeycomb LED Flame Lantern – Retro Plastic Night Lamp for Home & Eid, Ramadan, Christmas, gifts Decorations",1,Y
VL-963,https://bd-live-21.slatic.net/kf/S9b9331017291482db33e781daf32671dk.jpg,"Modern Crystal Vase Table Lamp – USB-Powered Ambient Night Light with 3 Colors for Bedroom, Living Room, Hotel & Gift Decor",1,Y
VL-964,https://bd-live-21.slatic.net/kf/Sd41ecbe4a7374267b18e15995325b1c47.jpg,"Vintage Aladdin Magic Genie Lamp – Mini Retro Decorative Metal Statue for Home, Table & Gift Decor - Green",1,Y
VL-965,https://bd-live-21.slatic.net/kf/Sf4a350e5f2f3466a87491f36ab63705d2.jpg,"Vintage Aladdin Magic Genie Lamp – Mini Retro Decorative Metal Statue for Home, Table & Gift Decor - Blue",1,Y
VL-966,https://bd-live-21.slatic.net/kf/S9d642af9dac64c8caaeaa4663a27e5dfH.jpg,"Vintage Aladdin Magic Genie Lamp – Mini Retro Decorative Metal Statue for Home, Table & Gift Decor - Red",1,Y
VL-967,https://static-01.daraz.com.bd/p/39fb7c56cfb43c22e9628b2378dc34c9.jpg,Tin House-Shaped Steel Piggy Bank – Lockable Coin Money Saving Box for Kids | PUBG Design | Birthday Gift for Children - Multicolor,1,Y
VL-968,https://static-01.daraz.com.bd/p/30488bc97d7e6eaa114a14617e8910b3.jpg,Tin House-Shaped Steel Piggy Bank – Lockable Coin Money Saving Box for Kids | PUBG Design | Birthday Gift for Children - Blue,1,Y
VL-969,https://static-01.daraz.com.bd/p/3cece7d7d781ac83a4a9d978c2a97544.jpg,Tin House-Shaped Steel Piggy Bank – Lockable Coin Money Saving Box for Kids | PUBG Design | Birthday Gift for Children - Red,1,Y
VL-970,https://static-01.daraz.com.bd/p/7488b4173b9e02099a7f923a7e8f6f99.jpg,Tin House-Shaped Steel Piggy Bank – Lockable Coin Money Saving Box for Kids | PUBG Design | Birthday Gift for Children - Green,1,Y
VL-971,https://bd-live-21.slatic.net/kf/S4630288cf56d45ef8067be2056c159c2h.jpg,Metal House-Shaped Piggy Bank for Kids – Lockable Coin Money Saving Box with Key | Christmas Gift for Children | Pink & Blue - Pink,1,Y
VL-972,https://bd-live-21.slatic.net/kf/S9d99a98732b44843bc1a0012defcca8de.jpg,Metal House-Shaped Piggy Bank for Kids – Lockable Coin Money Saving Box with Key | Christmas Gift for Children | Pink & Blue - Blue,1,Y
VL-973,https://bd-live-21.slatic.net/kf/S26f8a5c36a5c40998c56ba1864a8d063P.jpg,AYATUL KURSI CRYSTAL ISLAMIC HOME DECOR RAMADAN EID GIFT,1,Y
VL-974,https://bd-live-21.slatic.net/kf/S1edc971b33014e458a8dc2dc37faa76c7.jpg,3D Moving Sand Art Picture 5/7inch Hourglass,1,Y
VL-975,https://bd-live-21.slatic.net/kf/Se267147efe3f43f29dfaa9996e54f61aX.jpg,"Crystal Round LED Tealight – Smokeless & Flameless Acrylic Decorative Candle for Diwali, Home, Birthday, Christmas, Party & Festival Decoration",1,Y
VL-976,https://bd-live-21.slatic.net/kf/S0e7b35cde6f1463594468ae40ba11ba4g.jpg,"Crystal LED Candle Lights – Battery-Powered Tealight with Diamond Sparkle for Wedding, Party, Christmas, Valentine’s Day & Home Decor",1,Y
VL-977,https://static-01.daraz.com.bd/p/7c83073c37f556c4676b63916fda1e41.jpg,Retro Metal Alarm Clock – Double Bell Analog Desk Table Clock with Night Light & Silent Movement for Home & Office,1,Y
VL-977,https://static-01.daraz.com.bd/p/05a6930e6a4dea44c965a5f677c8d95e.jpg,Retro Metal Alarm Clock – Double Bell Analog Desk Table Clock with Night Light & Silent Movement for Home & Office,2,Y
VL-977,https://static-01.daraz.com.bd/p/ea88acc149b411c20415441b00537d72.jpg,Retro Metal Alarm Clock – Double Bell Analog Desk Table Clock with Night Light & Silent Movement for Home & Office,3,Y
VL-977,https://static-01.daraz.com.bd/p/5d3398dd0e3fcb1bb29ee0528f61755e.jpg,Retro Metal Alarm Clock – Double Bell Analog Desk Table Clock with Night Light & Silent Movement for Home & Office,4,Y
VL-978,https://static-01.daraz.com.bd/p/9bf171cfbcdad43ec7afcad0fec48813.jpg,King Size Baby Bedding Set With Mosquito Net - Blue,1,Y
VL-979,https://static-01.daraz.com.bd/p/5adbce22db29cf3c6500c21c6477da5e.jpg,King Size Baby Bedding Set With Mosquito Net - Pink,1,Y
VL-980,https://static-01.daraz.com.bd/p/39f4006345af8f1e47abbc8aff232a25.jpg,King Size Baby Bedding Set With Mosquito Net - Multicolor,1,Y
VL-980,https://static-01.daraz.com.bd/p/2dbfc51a37acfcbd3a7e9b379d6745aa.jpg,King Size Baby Bedding Set With Mosquito Net - Multicolor,2,Y
VL-981,https://bd-live-21.slatic.net/kf/S68c91c33a69e41b79a517c4df583de256.jpg,"Cycle Shape Gold TeaLight Candle Holder for Diwali Home Decor Center Table Bedroom Living Room Office Decorative Gift Items Flower Pot Stand with Amber Glass Cup,Return Gift - Black",1,Y
VL-982,https://bd-live-21.slatic.net/kf/S826ef2a11acb46e4a1001367baf06ba6B.jpg,"Cycle Shape Gold TeaLight Candle Holder for Diwali Home Decor Center Table Bedroom Living Room Office Decorative Gift Items Flower Pot Stand with Amber Glass Cup,Return Gift - Gold",1,Y
VL-983,https://bd-live-21.slatic.net/kf/S9177c52fb3774ce3ae456ee431c726402.jpg,"Tea Light Candle Holder, Bike Candlestick with Candle Cup, Metal Geometric Candle Stands, Bird Tabletop Centerpiece Dating Wedding Party Decor (Bird)",1,Y
VL-984,https://static-01.daraz.com.bd/p/a778ebdc3adec8e00a08eee708c4f609.jpg,Smart & Beautiful Super Absorbent Anti-slippery Bath Mat Kitchen Carpet Anti Slip Bathroom Mat Door Mat Entrance,1,Y
VL-985,https://static-01.daraz.com.bd/p/de9b0adf94714fd0ddda0f9bb16a7ecb.jpg,"Arabic Numeral Wristwatch, Black Matte Stainless Steel Band, Aura watch, Analog Watch, - Blue",1,Y
VL-986,https://static-01.daraz.com.bd/p/48c9c010adaedc4a9c0781e5ff99f201.jpg,"Arabic Numeral Wristwatch, Black Matte Stainless Steel Band, Aura watch, Analog Watch, - White",1,Y
VL-987,https://bd-live-21.slatic.net/kf/S54ea30a3e1d5471ea347ecc5cde4353bB.jpg,"Arabic Numeral Wristwatch, Black Matte Stainless Steel Band, Aura watch, Analog Watch, - Black",1,Y
VL-988,https://bd-live-21.slatic.net/kf/Sc2bd40fe326a4c8da49bdb9d89ab95aeI.jpg,Heat Resistant Glass Pot – Lutsinar Borosilicate Soup Pot for Micro Oven & Kitchen Cookware - Ripple,1,Y
VL-989,https://bd-live-21.slatic.net/kf/Sffcde8deb7704592970803988521c2e3e.jpg,Heat Resistant Glass Pot – Lutsinar Borosilicate Soup Pot for Micro Oven & Kitchen Cookware - Bubbles,1,Y
VL-990,https://static-01.daraz.com.bd/p/1351679674b1d955b348806514e6a952.jpg,"ECOCO Multifunctional Napkin & Tissue Box Holder with Remote Control Storage – Stylish & Practical Organizer for Living Room, Dining Room & Home Office - Blue",1,Y
VL-991,https://static-01.daraz.com.bd/p/6b97e970ac98c9c7a5148dc6bb2813bf.jpg,"ECOCO Multifunctional Napkin & Tissue Box Holder with Remote Control Storage – Stylish & Practical Organizer for Living Room, Dining Room & Home Office - Grey",1,Y
VL-992,https://static-01.daraz.com.bd/p/d476363caf4c4d947ca06927c50f3689.jpg,"ECOCO Multifunctional Napkin & Tissue Box Holder with Remote Control Storage – Stylish & Practical Organizer for Living Room, Dining Room & Home Office - Pink",1,Y
VL-993,https://static-01.daraz.com.bd/p/69e6843ffd3e231d3b4b0b07d0a90e27.jpg,"ECOCO Multifunctional Napkin & Tissue Box Holder with Remote Control Storage – Stylish & Practical Organizer for Living Room, Dining Room & Home Office - Multicolor",1,Y
VL-994,https://static-01.daraz.com.bd/p/21e3854bc972f08715bd41f2b3364dda.jpg,Baby Mosari – Portable Folding Mosquito Net for Kids & Infants – Multicolor Crib Tent for Travel & Home Use - Pink,1,Y
VL-995,https://static-01.daraz.com.bd/p/2dc5265e329a50a983b54054f74630e0.jpg,Baby Mosari – Portable Folding Mosquito Net for Kids & Infants – Multicolor Crib Tent for Travel & Home Use - Blue,1,Y
VL-996,https://static-01.daraz.com.bd/p/fdc870b42f340257e67fd7c5b73597e5.jpg,Baby Mosari – Portable Folding Mosquito Net for Kids & Infants – Multicolor Crib Tent for Travel & Home Use - Multicolor,1,Y
VL-996,https://static-01.daraz.com.bd/p/e0fb5b914d18502dafb7e18fa2fc1db1.jpg,Baby Mosari – Portable Folding Mosquito Net for Kids & Infants – Multicolor Crib Tent for Travel & Home Use - Multicolor,2,Y
VL-997,https://static-01.daraz.com.bd/p/15bf89ee31243d82220ce48d372b4feb.jpg,Crystal Table Lamp – Decorative Bedside Nightstand Lamp with Chrome Shade and Metal Base E27 for Bedroom Living Room Guest Room Dresser Table Wedding Gift Red Gold,1,Y
VL-998,https://bd-live-21.slatic.net/kf/S4b8205e9386f43a8a7216491db9e2537x.jpg,Michael Kors Women's Watch - Rose Gold,1,Y
VL-999,https://bd-live-21.slatic.net/kf/S75d980f7e9a7439a9faf259b8109bed5Y.jpg,Michael Kors Women's Watch - Gold,1,Y
VL-1000,https://bd-live-21.slatic.net/kf/S2f263fbbc2e94b21b12cab28b29e8b9cz.jpg,Wonder Multicolor Original Laser Light/Laser Pointer/Laser Torch Led Laser Light and Key Chain Hook Pocket Red Laser Pointer Mini Laser Torch for Kids Boys and Girls Fun & Play Value,1,Y
VL-1001,https://static-01.daraz.com.bd/p/f85040eb254ee9a698886141275fde1c.jpg,"Castle Shaped Alarm Clock – Vintage Resin Design, Battery Operated Desktop Clock for Home, Bedroom & Living Room Decoration",1,Y
VL-1002,https://static-01.daraz.com.bd/p/cb35157556405770accf9e6923c1595d.jpg,Montessori Wooden Puzzle Board – 0-20 Numbers & Alphabet Learning Toy with Shape Matching | Educational Cognitive Puzzle for Kids - Numbers (0–20),1,Y
VL-1003,https://static-01.daraz.com.bd/p/224a53bf6f633bdc063d7c71ddbdefad.jpg,Montessori Wooden Puzzle Board – 0-20 Numbers & Alphabet Learning Toy with Shape Matching | Educational Cognitive Puzzle for Kids - alphabets (a b c),1,Y
VL-1004,https://static-01.daraz.com.bd/p/33d6bcd022204ad4594af16a3de5a39e.jpg,Montessori Wooden Puzzle Board – 0-20 Numbers & Alphabet Learning Toy with Shape Matching | Educational Cognitive Puzzle for Kids - Number and Sign,1,Y
VL-1005,https://static-01.daraz.com.bd/p/ed242c2f7e097ac49ff0d0683cc6a8de.jpg,Montessori Wooden Puzzle Board – 0-20 Numbers & Alphabet Learning Toy with Shape Matching | Educational Cognitive Puzzle for Kids - Alphabets (A B C),1,Y
VL-1006,https://static-01.daraz.com.bd/p/f5138ce805835acc7d753ca8468a9bca.jpg,Montessori Wooden Puzzle Board – 0-20 Numbers & Alphabet Learning Toy with Shape Matching | Educational Cognitive Puzzle for Kids - Multicolor,1,Y
VL-1007,https://static-01.daraz.com.bd/p/5ccc66ea1ba73cd0297e3d879ecff927.jpg,Plastic Fashion Dolls Set – Honey Girls Beauty Baby Toys for Kids | Stylish Dress-Up Dolls Playset for Girls,1,Y
VL-1008,https://static-01.daraz.com.bd/p/e15eb22eb662c954168d6cb35b631e53.jpg,10pcs/5pcs/1pcs Baby Cotton Katha – Soft & Lightweight Newborn Blanket | Comfortable Handcrafted Quilt for Babies (All Seasons) - Multicolor 10pcs,1,Y
VL-1009,https://static-01.daraz.com.bd/p/3e46fd89efbc891ea2a2e6b11f6ea360.jpg,10pcs/5pcs/1pcs Baby Cotton Katha – Soft & Lightweight Newborn Blanket | Comfortable Handcrafted Quilt for Babies (All Seasons) - Multicolor 1pcs,1,Y
VL-1010,https://static-01.daraz.com.bd/p/ee19fee654a469ffb8c23a56f84feba2.jpg,10pcs/5pcs/1pcs Baby Cotton Katha – Soft & Lightweight Newborn Blanket | Comfortable Handcrafted Quilt for Babies (All Seasons) - Multicolor 5pcs,1,Y
VL-1011,https://static-01.daraz.com.bd/p/2c6931ac92dea0ec7af6201f765b2e7a.jpg,Alarm Clock – Classic Gold Silver - Gold,1,Y
VL-1012,https://static-01.daraz.com.bd/p/0157b1a2858a880ae4099d5dfe7a5ecf.jpg,Alarm Clock – Classic Gold Silver - Silver,1,Y
VL-1013,https://static-01.daraz.com.bd/p/db8e0ab3e2beb1d09dcb40e5c2ce245c.jpg,Alarm Clock – Gold and Ice Blue Dusky Pink - Blue,1,Y
VL-1014,https://static-01.daraz.com.bd/p/5a7ff95e74eaff59b30c7d62ea10a05b.jpg,Alarm Clock – Gold and Ice Blue Dusky Pink - Pink,1,Y
VL-1015,https://static-01.daraz.com.bd/p/3a899335370c47799f26de1920377660.jpg,Alarm Clock – Gold and Ice Blue Dusky Pink - Black,1,Y
VL-1016,https://bd-live-21.slatic.net/kf/S825c96ca6d0442ae99f6994be6aed0fbg.jpg,"LED Electronic Ambient Candy Light – Mini Decorative Table Lamp & Night Light for Home, Bedroom & Kids Room Decor - Blue",1,Y
VL-1017,https://bd-live-21.slatic.net/kf/S330c770385684db7afc2cd96255491d0F.jpg,"LED Electronic Ambient Candy Light – Mini Decorative Table Lamp & Night Light for Home, Bedroom & Kids Room Decor - Pink",1,Y
VL-1018,https://bd-live-21.slatic.net/kf/S60d4543652144095b824d80fa95b5bc4j.jpg,"LED Electronic Ambient Candy Light – Mini Decorative Table Lamp & Night Light for Home, Bedroom & Kids Room Decor - Multicolor",1,Y
VL-1019,https://bd-live-21.slatic.net/kf/Sb74cf8e7458147efaafdc98efdceb498t.jpg,"Alloy Helicopter Model – Metal Aircraft Decorative Ornament for Desktop, Office & Home Decor",1,Y
VL-1019,https://bd-live-21.slatic.net/kf/Sf278ca53c0294dee8d13955faaca096fT.jpg,"Alloy Helicopter Model – Metal Aircraft Decorative Ornament for Desktop, Office & Home Decor",2,Y
VL-1019,https://bd-live-21.slatic.net/kf/S0ddfe52f2cb241fb90a886d686fbc74bL.jpg,"Alloy Helicopter Model – Metal Aircraft Decorative Ornament for Desktop, Office & Home Decor",3,Y
VL-1019,https://bd-live-21.slatic.net/kf/S20e269cb2f8849df904fcc5c260cac45h.jpg,"Alloy Helicopter Model – Metal Aircraft Decorative Ornament for Desktop, Office & Home Decor",4,Y
VL-1019,https://bd-live-21.slatic.net/kf/S40795c83dd004ee68b028973e1fcdc38K.jpg,"Alloy Helicopter Model – Metal Aircraft Decorative Ornament for Desktop, Office & Home Decor",5,Y
VL-1020,https://bd-live-21.slatic.net/kf/S074e29fccc494d5b9e1d902c700fa43cE.jpg,"Embossed Label with English Numbers – Durable Adhesive Code YZC-053 for Office, School & Home Organization",1,Y
VL-1021,https://bd-live-21.slatic.net/kf/S4efdc5e9c2ca4371bfbd15a5d33957f2V.jpg,"Capital English Alphabet Stickers for Decoration – Uppercase Letters DIY Craft Wall, Notebook, and School Project (DB-034)",1,Y
VL-1022,https://bd-live-21.slatic.net/kf/S5c1f292f7ad145878660fc61116d5fa0Y.jpg,"Mini 12oz Stainless Steel Water Bottle, Small Vacuum Insulated Water Bottle Leak Proof Sport Tumbler Cup Hot and Cold Water Bottle for Women Girls Kids Gift Milk Tea Lunch",1,Y
VL-1023,https://bd-live-21.slatic.net/kf/S22bf71f516ac4bc7b3e437fdeccd647cu.jpg,"Bmw Auto Open Umbrella (8 sik) Black,Navy Blue,Maroon",1,Y
VL-1024,https://bd-live-21.slatic.net/kf/S70d73ad45150440bbe945b90c7faeb99l.jpg,BMW Motorsport High-Quality Umbrella Big Size,1,Y
VL-1025,https://bd-live-21.slatic.net/kf/S638dca299d2044f0975dc6b753f0f45f6.jpg,BMW Umbrella 12 rib auto open & auto close,1,Y
VL-1026,https://bd-live-21.slatic.net/kf/Sbdc2336bf7d14fcba0fbb7657e2ac50fU.jpg,Glass Bottle Water Bottle Drinks Bottle Transparent Milk Juice Simple Cup Birthday Gift 500ml - Green,1,Y
VL-1027,https://bd-live-21.slatic.net/kf/S8258091ec1634f0ebc5d6b507cbfb0c1P.jpg,Glass Bottle Water Bottle Drinks Bottle Transparent Milk Juice Simple Cup Birthday Gift 500ml - Pink,1,Y
VL-1028,https://bd-live-21.slatic.net/kf/Scccfe6f1fa214eaea0f4a884d96fe37fF.jpg,Glass Bottle Water Bottle Drinks Bottle Transparent Milk Juice Simple Cup Birthday Gift 500ml - Orange,1,Y
VL-1029,https://bd-live-21.slatic.net/kf/S851557f0340d43fa85acc4be33553727U.jpg,Glass Bottle Water Bottle Drinks Bottle Transparent Milk Juice Simple Cup Birthday Gift 500ml - Blue,1,Y
VL-1030,https://bd-live-21.slatic.net/kf/S1bd440fc8b8c449e968890a007e6a112Y.jpg,Glass Bottle Water Bottle Drinks Bottle Transparent Milk Juice Simple Cup Birthday Gift 500ml - Black,1,Y
VL-1031,https://bd-live-21.slatic.net/kf/Sd927e9727f334bae8a70c07146bfeb42v.jpg,Glass Bottle Water Bottle Drinks Bottle Transparent Milk Juice Simple Cup Birthday Gift 500ml - Multicolor,1,Y
VL-1032,https://bd-live-21.slatic.net/kf/S3d35daf5668048c7a2749c41b8de3c88Y.jpg,"Vintage Retro Wooden Music Box Antique Style Decorative Telephone Shape Music Box for Living Room Classic Enthusiasts Plastic for Elise, Birthday Valentine Day Xmas Eid Ramadan Gifts - White",1,Y
VL-1033,https://bd-live-21.slatic.net/kf/Sc24ffff4b81648de9d1ac0f76807f5d5h.jpg,"Vintage Retro Wooden Music Box Antique Style Decorative Telephone Shape Music Box for Living Room Classic Enthusiasts Plastic for Elise, Birthday Valentine Day Xmas Eid Ramadan Gifts - Black",1,Y
VL-1034,https://static-01.daraz.com.bd/p/10b272c47502f19a9ad2483f0516bb26.jpg,Frozen Princess Mini Comb & Mirror Set | Disney Princess Portable Makeup Mirror | Cute Pocket Hair Comb for Girls | Kids Beauty Toy | Birthday Return Gift,1,Y
VL-1035,https://static-01.daraz.com.bd/p/a0761ca8981558a78cfd275d22a5f5d7.jpg,Upgraded Digital Alarm Clock LED Digital Desk Clock Table Electronic Clock Sound Control Backlight Alarm Clocks Bedroom Bedside Kid Home Decor Despertador  LED Display with Temperature Larger Lound Light Control Portable Snooze Calendar Brightness wit - Multicolor,1,Y
VL-1036,https://static-01.daraz.com.bd/p/9ceceb8e2353f6e4d50ff044c4084ea6.jpg,Upgraded Digital Alarm Clock LED Digital Desk Clock Table Electronic Clock Sound Control Backlight Alarm Clocks Bedroom Bedside Kid Home Decor Despertador  LED Display with Temperature Larger Lound Light Control Portable Snooze Calendar Brightness wit - Pink,1,Y
VL-1037,https://static-01.daraz.com.bd/p/4173e8b7637d1a721d86dfc84217bd52.jpg,Upgraded Digital Alarm Clock LED Digital Desk Clock Table Electronic Clock Sound Control Backlight Alarm Clocks Bedroom Bedside Kid Home Decor Despertador  LED Display with Temperature Larger Lound Light Control Portable Snooze Calendar Brightness wit - Green,1,Y
VL-1038,https://static-01.daraz.com.bd/p/f086f3b560962ca980204bef878dc46a.jpg,Upgraded Digital Alarm Clock LED Digital Desk Clock Table Electronic Clock Sound Control Backlight Alarm Clocks Bedroom Bedside Kid Home Decor Despertador  LED Display with Temperature Larger Lound Light Control Portable Snooze Calendar Brightness wit - Blue,1,Y
VL-1039,https://static-01.daraz.com.bd/p/5ec7c7d3322f704fefb2229e595b1560.png,Upgraded Digital Alarm Clock LED Digital Desk Clock Table Electronic Clock Sound Control Backlight Alarm Clocks Bedroom Bedside Kid Home Decor Despertador  LED Display with Temperature Larger Lound Light Control Portable Snooze Calendar Brightness wit - Black,1,Y
VL-1040,https://bd-live-21.slatic.net/kf/S468f6d03b405417da1714f64402fa584g.jpg,"Retro TV Digital Kitchen Timer & Stopwatch | Countdown Timer Alarm Clock with Backlight | Thermometer Weather Station | Green Desktop Table Clock for Kitchen, Study, Office, Home Decor, Gift, Eid, Ramadan & Birthday - Green",1,Y
VL-1041,https://bd-live-21.slatic.net/kf/S33dca20fd6b64e1195e057372861848cD.jpg,"Retro TV Digital Kitchen Timer & Stopwatch | Countdown Timer Alarm Clock with Backlight | Thermometer Weather Station | Green Desktop Table Clock for Kitchen, Study, Office, Home Decor, Gift, Eid, Ramadan & Birthday - Blue",1,Y
VL-1042,https://bd-live-21.slatic.net/kf/S686a9270c9f3493c9d136f936bed66a0e.jpg,"Retro TV Digital Kitchen Timer & Stopwatch | Countdown Timer Alarm Clock with Backlight | Thermometer Weather Station | Green Desktop Table Clock for Kitchen, Study, Office, Home Decor, Gift, Eid, Ramadan & Birthday - Black",1,Y
VL-1043,https://bd-live-21.slatic.net/kf/S1951e742e4b640a4962149e7fb82ab91F.jpg,"Guitar Desk Clock with Pen Stand | Decorative Table Clock | Office & Home Desk Organizer | Birthday, Eid, Ramadan Gift for Men & Women - Black",1,Y
VL-1044,https://bd-live-21.slatic.net/kf/Sa10f12678ad14c35b3d3ce3d8d9b1afaa.jpg,"Guitar Desk Clock with Pen Stand | Decorative Table Clock | Office & Home Desk Organizer | Birthday, Eid, Ramadan Gift for Men & Women - Gold",1,Y
VL-1045,https://static-01.daraz.com.bd/p/9b9ee6e725997733694470413f7ff92a.jpg,Kids Metal Money Bank with Lock & Key | Colorful Piggy Bank Coin Saving Box | Educational Savings Bank | Teaches Smart Saving Habits | Birthday Return Gift for Boys & Girls | Multicolor | Pack of 1 - Blue,1,Y
VL-1046,https://bd-live-21.slatic.net/kf/S3f00919dc2054690b0a28d80a2774760d.jpg,Kids Metal Money Bank with Lock & Key | Colorful Piggy Bank Coin Saving Box | Educational Savings Bank | Teaches Smart Saving Habits | Birthday Return Gift for Boys & Girls | Multicolor | Pack of 1 - Green,1,Y
VL-1047,https://static-01.daraz.com.bd/p/cf63b6bee2c538b63196b7a7cc2893e5.jpg,Kids Metal Money Bank with Lock & Key | Colorful Piggy Bank Coin Saving Box | Educational Savings Bank | Teaches Smart Saving Habits | Birthday Return Gift for Boys & Girls | Multicolor | Pack of 1 - Red,1,Y
VL-1048,https://bd-live-21.slatic.net/kf/S9df3b4f541ab4d4698e8f0c605a13acbZ.jpg,LED Lotus Light Battery Operated Lamps Prayer Flicker LED Candle Tea Lamp GHAN,1,Y
VL-1049,https://bd-live-21.slatic.net/kf/S819b8118448e44e79f8fba0850fdeec1B.jpg,"Vintage Retro Rotary Dial Decor-Telephone Music Box | European Style Decorative Storage Phone | Home, Office & Café Decor - Multicolor",1,Y
VL-1050,https://bd-live-21.slatic.net/kf/Sf5046e07a7fd4fb99ae34569e5de24c1l.jpg,"Vintage Retro Rotary Dial Decor-Telephone Music Box | European Style Decorative Storage Phone | Home, Office & Café Decor - White",1,Y
VL-1051,https://bd-live-21.slatic.net/kf/Sfe208552f52c41fbaad2f700144ce3e72.jpg,"Vintage Retro Rotary Dial Decor-Telephone Music Box | European Style Decorative Storage Phone | Home, Office & Café Decor - Black",1,Y
VL-1052,https://bd-live-21.slatic.net/kf/Seef76deb6e9147e98ac0d31ad3c594f00.jpg,"VIODAIM Flameless LED Pillar Candle with Timer | Battery Powered Flickering Votive Candle 2×3 Inch | Home, Ramadan & Eid Decoration",1,Y
VL-1053,https://bd-live-21.slatic.net/kf/Sbb66ac500c194abda974b4fab9de65a5b.jpg,"Water Filter for Sink, Faucet Mount Water Filtration System for Tap Water, Reduces 99% of Lead, Chrome – Horizontal Faucet Mount for Crisp, Refreshing Water(6 Layer Protection)",1,Y
VL-1054,https://bd-live-21.slatic.net/kf/Sc689b0cb4fdf4298b92cc48d35b12ab8T.jpg,Ramadan LED Decorative Lantern | Eid Mubarak Table Lamp | Islamic Hanging Lantern | Home Decor & Gift - Multicolor,1,Y
VL-1055,https://bd-live-21.slatic.net/kf/S05f50017487e479db934408d04c8e3aeG.jpg,Ramadan LED Decorative Lantern | Eid Mubarak Table Lamp | Islamic Hanging Lantern | Home Decor & Gift - Black,1,Y
VL-1056,https://bd-live-21.slatic.net/kf/S4f6aa028187247c3af07825e3434540eh.jpg,Ramadan LED Decorative Lantern | Eid Mubarak Table Lamp | Islamic Hanging Lantern | Home Decor & Gift - Gold,1,Y
VL-1057,https://bd-live-21.slatic.net/kf/S8c80d554e8404066937abbc7104148f3J.jpg,"Creative 5-Piece School Stationery Set Gift Box | Kids Student Stationery Supplies | Birthday, Eid & Ramadan Gift - Multicolor",1,Y
VL-1058,https://bd-live-21.slatic.net/kf/S058d6408ce5649188e6d005f5f6114bbf.jpg,"Creative 5-Piece School Stationery Set Gift Box | Kids Student Stationery Supplies | Birthday, Eid & Ramadan Gift - Blue",1,Y
VL-1059,https://bd-live-21.slatic.net/kf/S71e0e394217a48978d1151e42972712bN.jpg,"Creative 5-Piece School Stationery Set Gift Box | Kids Student Stationery Supplies | Birthday, Eid & Ramadan Gift - Pink",1,Y
VL-1060,https://bd-live-21.slatic.net/kf/Sc9ff258514b2497182581490dedf1876r.jpg,"Creative 5-Piece School Stationery Set Gift Box | Kids Student Stationery Supplies | Birthday, Eid & Ramadan Gift - Purple",1,Y
VL-1061,https://bd-live-21.slatic.net/kf/S72860ec41677403eb58914f68a2ce84bk.jpg,AC/DC12V 10A Automatic Auto On Off Photocell Street Light Switch 50-60Hz 10A Photo Control Photoswitch Sensor,1,Y
VL-1062,https://bd-live-21.slatic.net/kf/S7c1bf9434e744cd69ecf169f4d5ffebeZ.jpg,8 in 1 Mini Sewing Machine - Dual Speed Portable Mini Electric Pedal Double Threads Rewind Swing Machine,1,Y
VL-1063,https://bd-live-21.slatic.net/kf/Sc69015ca0c84452086f2a8fda82c1386M.jpg,DOUKI Heat Resistant Spatula White Silicone Edge Frying Shovel Non-Stick Chef Kitchen Utensils Set for Nonstick Cookware Frying Eggs,1,Y
VL-1064,https://bd-live-21.slatic.net/kf/S8a22abd2e11140739ee41bac6d6961d7f.jpg,"""Flower Shape Crystal LED Tea Light - 10x10cm Multi-Color ABS Plastic Candle for Ramadan, Wedding, and Party Decor | Battery-Powered Light for Table and Room""

 Eid, Romadan, Birthday, Gift",1,Y
VL-1065,https://bd-live-21.slatic.net/kf/S1d378d7fd2b04459ae627359b0ac1141C.jpg,"Digital Silent Small Alarm Clock with Large Volume Bedside Luminous Alarm Bell Clock Twin Bell Vintage Metal Alarm Clock with Night Light for Dormitory Home Office, - Blue",1,Y
VL-1066,https://bd-live-21.slatic.net/kf/S207eb6e37697470fa7a435f02f0a0e50V.jpg,"Digital Silent Small Alarm Clock with Large Volume Bedside Luminous Alarm Bell Clock Twin Bell Vintage Metal Alarm Clock with Night Light for Dormitory Home Office, - Chocolate",1,Y
VL-1067,https://bd-live-21.slatic.net/kf/S5f60b0b0a0414340b2029f46b1ed12408.jpg,"Digital Silent Small Alarm Clock with Large Volume Bedside Luminous Alarm Bell Clock Twin Bell Vintage Metal Alarm Clock with Night Light for Dormitory Home Office, - Pink",1,Y
VL-1068,https://bd-live-21.slatic.net/kf/S5629b2e5d28d4571b6b25bb70e0589224.jpg,"Digital Silent Small Alarm Clock with Large Volume Bedside Luminous Alarm Bell Clock Twin Bell Vintage Metal Alarm Clock with Night Light for Dormitory Home Office, - Green",1,Y
